Question,Answer,Conversation ID,Timestamp
Help me find the best entry.,Please specify which token you would like to check for a good entry.,67e22e91493e52075a55437b,2025-03-25T04:18:30.898Z
Tell me where to enter this trade.,"Please confirm the information below. After that, I will execute the trade.
```trade
        {
           ""isLong"": null,
           ""margin"": null,
           ""pair"": null,
           ""orderType"": ""OPEN"",
           ""marginMode"": ""ISOLATED"",
           ""leverage"": null,
           ""walletId"": ""67aee7887cf5960737ce59dc"",
           ""exchange"": ""HYPERLIQUID"",
           ""isSuccess"": false
        }
```",67e22e91493e52075a554379,2025-03-25T04:18:32.459Z
Find a strategic entry level.,"```trader
[{""account"":""0xe8c19dB00287e3536075114B2576c70773E039BD"",""accountSearch"":[""0xe8c19db00287e3536075114b2576c70773e039bd"",""db930e37707c6752b4115706353e78200bd91c8ex0""],""avgDuration"":349119.0822510824,""avgLeverage"":20.569931086590415,""avgRoi"":0.4259740259740272,""avgVolume"":20329931.90120259,""createdAt"":""2023-12-01T03:57:41.648Z"",""gainLossRatio"":1.0717645516953371,""id"":""656959b5d8fb813a702d75a4"",""indexTokens"":[""0x2f2a2543B76A4166549F7aaB2e75Bef0aefC5B0f"",""0x82aF49447D8a07e3bd95BD0d56f35241523fBab1""],""lastTradeAt"":""2023-05-10T01:24:00.000Z"",""lastTradeAtTs"":1683681840000,""longRate"":48.05194805194805,""maxDuration"":2650973.6666666665,""maxLeverage"":47.628481702693854,""maxPnl"":2915573.9909,""maxRoi"":225.43,""minDuration"":761.6666666666666,""minLeverage"":1.7967658215714286,""orderPositionRatio"":4.87012987012987,""pairs"":[""BTC-USDT"",""ETH-USDT""],""pnl"":1181502.4632000048,""profitLossRatio"":-0.8474417385498014,""profitRate"":51.73196687906964,""protocol"":""GMX"",""ranking"":{""avgDuration"":16.519347319347318,""avgLeverage"":83.9011655011655,""avgVolume"":99.9990675990676,""orderPositionRatio"":1.3818181818181898,""pnl"":99.99347319347319,""realisedAvgRoi"":88.85128205128206,""realisedMaxDrawdown"":13.931934731934732,""realisedMaxRoi"":98.18461538461538,""realisedPnl"":99.9990675990676,""realisedProfitLossRatio"":8.62843822843823,""realisedProfitRate"":58.26386946386947,""totalTrade"":99.13846153846154,""winRate"":57.484382284382285},""realisedAvgRoi"":11.172987012987017,""realisedGainLossRatio"":2.046475568443048,""realisedMaxDrawdown"":-100,""realisedMaxDrawdownPnl"":-1521216.0469,""realisedMaxPnl"":4238612.3302,""realisedMaxRoi"":238.79,""realisedPnl"":13885127.080000006,""realisedProfitLossRatio"":-1.61814347272241,""realisedProfitRate"":67.17518399430111,""realisedTotalGain"":27153594.5901,""realisedTotalLoss"":-13268467.510099996,""runTimeDays"":726,""statisticAt"":""2024-10-08T09:52:43.148Z"",""totalFee"":12703624.6168,""totalGain"":17645096.748800002,""totalLiquidation"":1,""totalLiquidationAmount"":-981650.4088,""totalLose"":34,""totalLoss"":-16463594.285600003,""totalTrade"":77,""totalVolume"":1565404756.3925993,""totalWin"":43,""type"":""FULL"",""updatedAt"":""2025-03-25T02:59:51.681Z"",""winRate"":55.84415584415584},{""account"":""dydx17fw57q8rkh0ryf8cwjzcqmpcn7u9nw600g265j"",""accountSearch"":[""dydx17fw57q8rkh0ryf8cwjzcqmpcn7u9nw600g265j"",""j562g006wn9u7ncpmqczjwc8fyr0hkr8q75wf71xdyd""],""avgDuration"":193780,""avgLeverage"":0,""avgRoi"":99.98995514422522,""avgVolume"":11100000,""createdAt"":""2024-10-19T06:49:20.355Z"",""gainLossRatio"":11098885.021009,""id"":""671356707ea9aacb53a564ec"",""indexTokens"":[""IO-USD""],""lastTradeAt"":""2024-09-09T17:15:10.220Z"",""lastTradeAtTs"":1725902110220,""longRate"":0,""maxDuration"":193780,""maxLeverage"":0,""maxPnl"":11098885.021009,""maxRoi"":99.98995514422522,""minDuration"":193780,""minLeverage"":null,""orderPositionRatio"":2,""pairs"":[""IO-USDT""],""pnl"":11098885.021009,""profitLossRatio"":0,""profitRate"":100,""protocol"":""DYDX"",""ranking"":{""avgDuration"":39.09918911648283,""avgLeverage"":20.241343530225585,""avgVolume"":99.96156950155644,""orderPositionRatio"":93.83190499980785,""pnl"":99.99615695015565,""realisedAvgRoi"":99.91160985357979,""realisedMaxDrawdown"":90.08493140156027,""realisedMaxRoi"":97.34829560739404,""realisedPnl"":99.99615695015565,""realisedProfitLossRatio"":76.36140040736329,""realisedProfitRate"":90.11183275047078,""totalTrade"":3.5625072057184584,""winRate"":90.32704354175473},""realisedAvgRoi"":99.99995516216215,""realisedGainLossRatio"":11099995.023,""realisedMaxDrawdown"":0,""realisedMaxDrawdownPnl"":0,""realisedMaxPnl"":11099995.023,""realisedMaxRoi"":99.99995516216215,""realisedPnl"":11099995.023,""realisedProfitLossRatio"":0,""realisedProfitRate"":100,""realisedTotalGain"":11099995.023,""realisedTotalLoss"":0,""runTimeDays"":198,""statisticAt"":""2025-03-24T03:01:12.437Z"",""totalFee"":1110.001991,""totalGain"":11098885.021009,""totalLiquidation"":0,""totalLiquidationAmount"":0,""totalLose"":0,""totalLoss"":0,""totalTrade"":1,""totalVolume"":11100000,""totalWin"":1,""type"":""FULL"",""updatedAt"":""2025-03-25T02:16:53.154Z"",""winRate"":100},{""account"":""0x92812499fF2c040f93121Aab684680a6e603C4A7"",""accountSearch"":[""0x92812499ff2c040f93121aab684680a6e603c4a7"",""7a4c306e6a086486baa12139f040c2ff99421829x0""],""avgDuration"":486998.7549019609,""avgLeverage"":16.646988270676644,""avgRoi"":11.726764705882355,""avgVolume"":14743250.886532353,""createdAt"":""2024-01-16T07:08:29.289Z"",""gainLossRatio"":2.717389971824128,""id"":""65a62b6dd2d3d9a9063b32b1"",""indexTokens"":[""0x70d95587d40A2caf56bd97485aB3Eec10Bee6336"",""0x47c031236e19d024b42f8AE6780E44A573170703"",""0xC25cEf6061Cf5dE5eb761b50E4743c1F5D7E5407"",""0x09400D9DB990D5ed3f35D7be61DfAEB900Af03C9""],""lastTradeAt"":""2024-03-15T03:28:22.000Z"",""lastTradeAtTs"":1710473302000,""longRate"":85.29411764705883,""maxDrawdownPnl"":null,""maxDuration"":7444696.333333333,""maxLeverage"":35.07829001143788,""maxPnl"":1920966.7612970076,""maxRoi"":102.47,""minDuration"":180.33333333333334,""minLeverage"":1.7303768977119591,""orderPositionRatio"":4.529411764705882,""pairs"":[""ETH-USDT"",""BTC-USDT"",""ARB-USDT"",""SOL-USDT""],""pnl"":6689975.654637141,""profit"":6689975.654637142,""profitLossRatio"":-1.1322458215933866,""profitRate"":73.09940556198093,""protocol"":""GMX_V2"",""ranking"":{""avgDuration"":17.857188105765943,""avgLeverage"":83.23746658389184,""avgVolume"":99.99429867349137,""orderPositionRatio"":1.4848788151376624,""pnl"":99.99936651927682,""realisedAvgRoi"":91.55000063348072,""realisedMaxDrawdown"":2.4167289589377794,""realisedMaxRoi"":93.85080262007627,""realisedPnl"":99.99936651927682,""realisedProfitLossRatio"":6.657882400638549,""realisedProfitRate"":70.17699451405693,""totalTrade"":97.51485512295861,""winRate"":74.39154176538409},""realisedAvgRoi"":19.139999999999993,""realisedGainLossRatio"":3.6608517728375864,""realisedMaxDrawdown"":-97.79,""realisedMaxDrawdownPnl"":-831320.6539834061,""realisedMaxPnl"":2174277.3076414876,""realisedMaxRoi"":117.27,""realisedPnl"":9504449.318347491,""realisedProfitLossRatio"":-1.5253549053489943,""realisedProfitRate"":78.54469421602766,""realisedTotalGain"":13076406.770232063,""realisedTotalLoss"":-3571957.451884572,""runTimeDays"":292,""statisticAt"":""2024-10-08T10:48:10.688Z"",""totalFee"":2814473.66371035,""totalGain"":10585407.539296037,""totalLiquidation"":5,""totalLiquidationAmount"":-2759393.7434158633,""totalLose"":10,""totalLoss"":-3895431.884658892,""totalTrade"":34,""totalVolume"":501270530.14210004,""totalWin"":24,""type"":""FULL"",""updatedAt"":""2025-03-25T03:07:26.900Z"",""winLoseRate"":2.4,""winRate"":70.58823529411765},{""account"":""dydx1ycklg0q3cxvt2khh675mefxxx3x53mufuhakxe"",""accountSearch"":[""dydx1ycklg0q3cxvt2khh675mefxxx3x53mufuhakxe"",""exkahufum35x3xxxfem576hhk2tvxc3q0glkcy1xdyd""],""avgDuration"":256059.2074829932,""avgLeverage"":0,""avgRoi"":1.1534639672572884,""avgVolume"":3374333.3420474674,""createdAt"":""2024-10-26T02:05:43.243Z"",""gainLossRatio"":1.9932167233330202,""id"":""671c4e77b8302d5c8914ff0a"",""indexTokens"":[""BTC-USD"",""ETH-USD"",""DOGE-USD"",""WLD-USD"",""SOL-USD"",""SUI-USD"",""XRP-USD"",""XLM-USD"",""ALGO-USD"",""LTC-USD"",""HBAR-USD"",""AAVE-USD"",""TRUMP-USD""],""lastTradeAt"":""2025-02-02T03:23:47.569Z"",""lastTradeAtTs"":1738466627569,""longRate"":50.34013605442177,""maxDuration"":2986039,""maxLeverage"":0,""maxPnl"":1268375.4459890015,""maxRoi"":32.39966224381019,""minDuration"":121,""minLeverage"":null,""orderPositionRatio"":319.8503401360544,""pairs"":[""BTC-USDT"",""ETH-USDT"",""DOGE-USDT"",""WLD-USDT"",""SOL-USDT"",""SUI-USDT"",""XRP-USDT"",""XLM-USDT"",""ALGO-USDT"",""LTC-USDT"",""HBAR-USDT"",""AAVE-USDT""],""pnl"":9217020.97249725,""profitLossRatio"":-1.7393037649466485,""profitRate"":66.59112612178394,""protocol"":""DYDX"",""ranking"":{""avgDuration"":35.15621997617309,""avgLeverage"":94.58898581914607,""avgVolume"":99.80400445793782,""orderPositionRatio"":0.23442604050573834,""pnl"":99.99231390031129,""realisedAvgRoi"":83.20202913031783,""realisedMaxDrawdown"":30.67906690749779,""realisedMaxRoi"":89.59302102148264,""realisedPnl"":99.99231390031129,""realisedProfitLossRatio"":18.846316436724184,""realisedProfitRate"":76.16156181545675,""totalTrade"":92.90572998731793,""winRate"":66.86138119211407},""realisedAvgRoi"":1.143951555770139,""realisedGainLossRatio"":1.984211873836163,""realisedMaxDrawdown"":-12.07839015410555,""realisedMaxDrawdownPnl"":-1009934.548000023,""realisedMaxPnl"":1266808.2620000015,""realisedMaxRoi"":32.380759371260815,""realisedPnl"":9155751.303017251,""realisedProfitLossRatio"":-1.731446030035378,""realisedProfitRate"":66.49031495493269,""realisedTotalGain"":18458373.580201216,""realisedTotalLoss"":-9302622.27718396,""runTimeDays"":159,""statisticAt"":""2025-03-24T03:21:05.116Z"",""totalFee"":-61269.66947999999,""totalGain"":18496990.546073206,""totalLiquidation"":0,""totalLiquidationAmount"":0,""totalLose"":137,""totalLoss"":-9279969.573575962,""totalTrade"":294,""totalVolume"":992054002.5619555,""totalWin"":157,""type"":""FULL"",""updatedAt"":""2025-03-25T02:16:59.478Z"",""winRate"":53.40136054421769},{""account"":""0x08c788aFdACF6cf81180D2bBBE42A7434D0C7A92"",""accountSearch"":[""0x08c788afdacf6cf81180d2bbbe42a7434d0c7a92"",""29a7c0d4347a24ebbb2d08118fc6fcadfa887c80x0""],""avgDuration"":274649.2833333333,""avgLeverage"":10.182521553945595,""avgRoi"":8.191,""avgVolume"":5535468.140316251,""createdAt"":""2024-01-16T04:13:35.829Z"",""gainLossRatio"":4.9681379828872,""id"":""65a6026fd2d3d9a906313930"",""indexTokens"":[""0x70d95587d40A2caf56bd97485aB3Eec10Bee6336"",""0xC25cEf6061Cf5dE5eb761b50E4743c1F5D7E5407"",""0x09400D9DB990D5ed3f35D7be61DfAEB900Af03C9"",""0x47c031236e19d024b42f8AE6780E44A573170703""],""lastTradeAt"":""2025-03-20T17:23:48.000Z"",""lastTradeAtTs"":1742491428000,""longRate"":65,""maxDrawdownPnl"":null,""maxDuration"":6186397.333333333,""maxLeverage"":25.096144520551327,""maxPnl"":2597856.326984033,""maxRoi"":260.95,""minDuration"":25.666666666666668,""minLeverage"":4.999625064713501,""orderPositionRatio"":2.2625,""pairs"":[""ETH-USDT"",""ARB-USDT"",""SOL-USDT"",""BTC-USDT""],""pnl"":6159337.642425984,""profit"":589962.2064800878,""profitLossRatio"":-2.258244537676,""profitRate"":83.24435522658223,""protocol"":""GMX_V2"",""ranking"":{""avgDuration"":21.946939654626306,""avgLeverage"":77.49052946318844,""avgVolume"":99.97656121324228,""orderPositionRatio"":10.792611080844807,""pnl"":99.99873303855364,""realisedAvgRoi"":89.49815657109555,""realisedMaxDrawdown"":9.075878321022692,""realisedMaxRoi"":98.6715909234882,""realisedPnl"":99.99873303855364,""realisedProfitLossRatio"":3.032472221870288,""realisedProfitRate"":71.49400093755148,""totalTrade"":98.90281138744949,""winRate"":74.24520771832913},""realisedAvgRoi"":12.367625,""realisedGainLossRatio"":8.575236471584049,""realisedMaxDrawdown"":-80.62,""realisedMaxDrawdownPnl"":-286594.0315254478,""realisedMaxPnl"":3442276.247029633,""realisedMaxRoi"":345.77,""realisedPnl"":8832654.632044537,""realisedProfitLossRatio"":-3.8978347598109306,""realisedProfitRate"":89.55639369359022,""realisedTotalGain"":9998645.247014415,""realisedTotalLoss"":-1165990.6149698785,""runTimeDays"":436,""statisticAt"":""2025-03-21T03:47:37.435Z"",""totalFee"":2673316.989618553,""totalGain"":7711536.09645869,""totalLiquidation"":1,""totalLiquidationAmount"":-39751.639840003736,""totalLose"":25,""totalLoss"":-1552198.4540327084,""totalTrade"":80,""totalVolume"":442837451.2253001,""totalWin"":55,""type"":""FULL"",""updatedAt"":""2025-03-25T03:05:25.970Z"",""winLoseRate"":0.8888888888888888,""winRate"":68.75},{""account"":""0x2446bEb3905CfFbd2c5eB18F1f9c2996B05257c4"",""accountSearch"":[""0x2446beb3905cffbd2c5eb18f1f9c2996b05257c4"",""4c75250b6992c9f1f81be5c2dbffc5093beb6442x0""],""avgDuration"":2633718.5333333337,""avgLeverage"":4.044919454517844,""avgRoi"":1.8659999999999992,""avgVolume"":3200379.1616,""createdAt"":""2024-12-12T08:18:06.567Z"",""gainLossRatio"":32.83506931520649,""id"":""675a9c3e71da4ef79cdd76b2"",""indexTokens"":[""0xB31f66AA3C1e785363F0875A1B74E27b85FD66c7"",""0x152b9d0FdC40C096757F570A51E494bd4b943E50""],""lastTradeAt"":""2024-08-30T05:07:24.000Z"",""lastTradeAtTs"":1724994444000,""longRate"":100,""maxDuration"":7451630.666666667,""maxLeverage"":7.985819578034285,""maxPnl"":1251576.5588999996,""maxRoi"":87.5,""minDuration"":2070.3333333333335,""minLeverage"":0.8757740987583297,""orderPositionRatio"":4.8,""pairs"":[""AVAX-USDT"",""BTC-USDT""],""pnl"":1927268.6414,""profitLossRatio"":-8.208767328801622,""profitRate"":97.04448662219654,""protocol"":""GMX_AVAX"",""ranking"":{""avgDuration"":0.465285350781528,""avgLeverage"":24.87095601599418,""avgVolume"":99.94910941475827,""orderPositionRatio"":3.213376953834967,""pnl"":99.99272991639404,""realisedAvgRoi"":94.54743729552891,""realisedMaxDrawdown"":5.190839694656488,""realisedMaxRoi"":81.19956379498365,""realisedPnl"":99.99272991639404,""realisedProfitLossRatio"":0.450745183569611,""realisedProfitRate"":79.2075608869502,""totalTrade"":60.479825517993454,""winRate"":76.93929480189023},""realisedAvgRoi"":31.116000000000003,""realisedGainLossRatio"":142.67669995308862,""realisedMaxDrawdown"":-100,""realisedMaxDrawdownPnl"":-60141.6699,""realisedMaxPnl"":7646209.2157,""realisedMaxRoi"":102.27,""realisedPnl"":8520673.3211,""realisedProfitLossRatio"":-35.669174988272154,""realisedProfitRate"":99.30399292277279,""realisedTotalGain"":8580814.991,""realisedTotalLoss"":-60141.6699,""runTimeDays"":1027,""statisticAt"":""2024-12-12T08:18:06.375Z"",""totalFee"":6593404.6797,""totalGain"":1987807.8103999998,""totalLiquidation"":1,""totalLiquidationAmount"":-60141.6699,""totalLose"":1,""totalLoss"":-60539.169,""totalTrade"":5,""totalVolume"":16001895.808,""totalWin"":4,""type"":""FULL"",""updatedAt"":""2025-03-25T03:00:46.597Z"",""winRate"":80},{""account"":""0x160A8D28D63961297e51E4f1a0401bf4D27f5162"",""accountSearch"":[""0x160a8d28d63961297e51e4f1a0401bf4d27f5162"",""2615f72d4fb1040a1f4e15e79216936d82d8a061x0""],""avgDuration"":376790.73170731706,""avgLeverage"":10.98462749919798,""avgRoi"":-6.692621951219513,""avgVolume"":4460605.33188396,""createdAt"":""2023-11-29T00:23:38.425Z"",""gainLossRatio"":1.3347057375361804,""id"":""656684954350fb0b694d5e91"",""indexTokens"":[""0x2B3bb4c683BFc5239B029131EEf3B1d214478d93"",""0x442b69937a0daf9D46439a71567fABE6Cb69FBaf"",""0x59b007E9ea8F89b069c43F8f45834d30853e3699"",""0x0EA09D97b4084d859328ec4bF8eBCF9ecCA26F1D"",""0x139F94E4f0e1101c1464a321CBA815c34d58B5D9"",""0x96690aAe7CB7c4A9b5Be5695E94d72827DeCC33f"",""0xaa94C874b91ef16C8B56A1c5B2F34E39366bD484"",""0xF9DD29D2Fd9B38Cd90E390C797F1B7E0523f43A9"",""0x5374761526175B59f1E583246E20639909E189cE"",""0x0940B0A96C5e1ba33AEE331a9f950Bb2a6F2Fb25"",""0xEAf0191bCa9DD417202cEf2B18B7515ABff1E196"",""0x2C5E2148bF3409659967FE3684fd999A76171235"",""0x69F5F465a46f324Fb7bf3fD7c0D5c00f7165C7Ea"",""0xf7d9Bd13F877171f6C7f93F71bdf8e380335dc12"",""0xc203A12F298CE73E44F7d45A4f59a43DBfFe204D"",""0x31A1659Ca00F617E86Dc765B6494Afe70a5A9c1A"",""0x509072A5aE4a87AC89Fc8D64D94aDCb44Bd4b88e"",""0x3D3f34416f60f77A0a6cC8e32abe45D32A7497cb"",""0x6110DF298B411a46d6edce72f5CAca9Ad826C1De"",""0x074B8F19fc91d6B2eb51143E1f186Ca0DDB88042"",""0x852210F0616aC226A486ad3387DBF990e690116A"",""0x98cCbC721cc05E28a125943D69039B39BE6A21e9"",""0x35B0ed8473e7943d31Ee1eeeAd06C8767034Ce39"",""0xC18f85A6DD3Bcd0516a1CA08d3B1f0A4E191A2C4"",""0x09F9d7aaa6Bef9598c3b676c0E19C9786Aa566a8"",""0x66fc48720f09Ac386608FB65ede53Bb220D0D5Bc""],""lastTradeAt"":""2024-04-12T18:33:11.000Z"",""lastTradeAtTs"":1712946791000,""longRate"":85.36585365853658,""maxDuration"":2599166,""maxLeverage"":37.638590501515424,""maxPnl"":2331080.7975350968,""maxRoi"":263.18,""minDuration"":24,""minLeverage"":2.416528140035684,""orderPositionRatio"":6.664634146341464,""pairs"":[""ETH-USDT"",""OP-USDT"",""BTC-USDT"",""SOL-USDT"",""DYDX-USDT"",""BCH-USDT"",""LDO-USDT"",""ADA-USDT"",""AAVE-USDT"",""BNB-USDT"",""RUNE-USDT"",""FIL-USDT"",""SHIB-USDT"",""MKR-USDT"",""AVAX-USDT"",""LINK-USDT"",""ARB-USDT"",""PEPE-USDT"",""XRP-USDT"",""MATIC-USDT"",""INJ-USDT"",""DOGE-USDT"",""TIA-USDT"",""FTM-USDT"",""SUI-USDT"",""SEI-USDT""],""pnl"":5188376.667858058,""profitLossRatio"":-0.9454165640881279,""profitRate"":57.168049749374326,""protocol"":""KWENTA"",""ranking"":{""avgDuration"":24.876360039564787,""avgLeverage"":64.04549950544016,""avgVolume"":99.86152324431256,""orderPositionRatio"":4.530168150346185,""pnl"":99.98021760633037,""realisedAvgRoi"":79.02077151335311,""realisedMaxDrawdown"":15.272007912957466,""realisedMaxRoi"":95.78635014836794,""realisedPnl"":99.99010880316519,""realisedProfitLossRatio"":19.901088031651827,""realisedProfitRate"":64.4114737883284,""totalTrade"":96.89416419386745,""winRate"":60.781404549950544},""realisedAvgRoi"":6.750548780487803,""realisedGainLossRatio"":1.6534899672343848,""realisedMaxDrawdown"":-90.16,""realisedMaxDrawdownPnl"":-2395191.615180381,""realisedMaxPnl"":2778108.54530501,""realisedMaxRoi"":282.07,""realisedPnl"":8443307.417229064,""realisedProfitLossRatio"":-1.171222060124356,""realisedProfitRate"":62.3137825147967,""realisedTotalGain"":21363639.542543452,""realisedTotalLoss"":-12920332.125314385,""runTimeDays"":418,""statisticAt"":""2024-10-08T09:57:23.613Z"",""totalFee"":3254930.749371006,""totalGain"":20689684.491412215,""totalLiquidation"":38,""totalLiquidationAmount"":-9067435.95621334,""totalLose"":68,""totalLoss"":-15501307.823554156,""totalTrade"":164,""totalVolume"":731539274.4289695,""totalWin"":96,""type"":""FULL"",""updatedAt"":""2025-03-25T03:01:27.935Z"",""winRate"":58.536585365853654},{""account"":""0xd8b07BC1bC3bAe553BCA5E94E99935dC12Df24Ff"",""accountSearch"":[""0xd8b07bc1bc3bae553bca5e94e99935dc12df24ff"",""ff42fd21cd53999e49e5acb355eab3cb1cb70b8dx0""],""avgDuration"":1666167.146666666,""avgLeverage"":0,""avgRoi"":0,""avgVolume"":92612.69526350002,""createdAt"":""2024-11-25T03:41:53.703Z"",""gainLossRatio"":29.76327314338079,""id"":""6743f2013e07193713b51d50"",""indexTokens"":[""BTC"",""ZRO"",""kPEPE"",""ETH"",""ZK"",""MKR"",""WLD"",""kSHIB"",""WIF"",""SOL"",""POPCAT"",""JUP"",""kBONK"",""UMA"",""ALT"",""TURBO"",""BLUR"",""PENDLE"",""MEW"",""STX"",""DOGE"",""BCH"",""TAO"",""ONDO"",""XRP"",""SEI"",""STG"",""SUI"",""SAGA"",""AAVE"",""CRV"",""BOME"",""LDO"",""TRX"",""IO"",""XAI"",""BNB"",""TIA"",""AR"",""NEAR"",""FET"",""RENDER"",""AI"",""NOT"",""RUNE"",""FIL"",""RLB"",""ENA"",""INJ"",""BIGTIME"",""ORDI"",""PIXEL"",""SUPER"",""kLUNC"",""TON"",""ENS"",""UNI"",""APE"",""BRETT"",""W"",""MANTA"",""JTO"",""MERL"",""STRK"",""BLAST"",""FTM"",""LTC"",""MOVE"",""KAITO""],""lastTradeAt"":""2025-03-19T17:53:26.860Z"",""lastTradeAtTs"":1742406806860,""longRate"":55.371900826446286,""maxDuration"":17637001.72,""maxLeverage"":0,""maxPnl"":0,""maxRoi"":0,""minDuration"":7.892,""minLeverage"":null,""orderPositionRatio"":17.355371900826448,""pairs"":[""BTC-USDT"",""ZRO-USDT"",""1000PEPE-USDT"",""ETH-USDT"",""ZK-USDT"",""MKR-USDT"",""WLD-USDT"",""1000SHIB-USDT"",""WIF-USDT"",""SOL-USDT"",""POPCAT-USDT"",""JUP-USDT"",""1000BONK-USDT"",""UMA-USDT"",""ALT-USDT"",""TURBO-USDT"",""BLUR-USDT"",""PENDLE-USDT"",""MEW-USDT"",""STX-USDT"",""DOGE-USDT"",""BCH-USDT"",""TAO-USDT"",""ONDO-USDT"",""XRP-USDT"",""SEI-USDT"",""STG-USDT"",""SUI-USDT"",""SAGA-USDT"",""AAVE-USDT"",""CRV-USDT"",""BOME-USDT"",""LDO-USDT"",""TRX-USDT"",""IO-USDT"",""XAI-USDT"",""BNB-USDT"",""TIA-USDT"",""AR-USDT"",""NEAR-USDT"",""FET-USDT"",""RENDER-USDT"",""AI-USDT"",""NOT-USDT"",""RUNE-USDT"",""FIL-USDT"",""RLB-USDT"",""ENA-USDT"",""INJ-USDT"",""BIGTIME-USDT"",""ORDI-USDT"",""PIXEL-USDT"",""SUPER-USDT"",""1000LUNC-USDT"",""TON-USDT"",""ENS-USDT"",""UNI-USDT"",""APE-USDT"",""BRETT-USDT"",""W-USDT"",""MANTA-USDT"",""JTO-USDT"",""MERL-USDT"",""STRK-USDT"",""BLAST-USDT"",""FTM-USDT"",""LTC-USDT"",""MOVE-USDT"",""KAITO-USDT""],""pnl"":6695864.537907611,""profitLossRatio"":-17.62299067700178,""profitRate"":96.74937060390414,""protocol"":""HYPERLIQUID"",""ranking"":{""avgDuration"":3.1067214328219563,""avgLeverage"":92.44183515000218,""avgVolume"":95.13127911871,""orderPositionRatio"":2.193790911333977,""pnl"":99.99927430006241,""realisedAvgRoi"":97.59720750664015,""realisedMaxDrawdown"":0.04209059638020871,""realisedMaxRoi"":99.9499267043063,""realisedPnl"":99.99927430006241,""realisedProfitLossRatio"":1.6444360585784987,""realisedProfitRate"":88.42363459556742,""totalTrade"":96.42447640749504,""winRate"":74.14476262355042},""realisedAvgRoi"":13.106302357924287,""realisedGainLossRatio"":30.459032818692986,""realisedMaxDrawdown"":-816.1685294018178,""realisedMaxDrawdownPnl"":-40829.828346,""realisedMaxPnl"":426784.1173270001,""realisedMaxRoi"":1098.5933552074068,""realisedPnl"":6790924.070216999,""realisedProfitLossRatio"":-18.034953642647164,""realisedProfitRate"":96.8212627331448,""realisedTotalGain"":7021445.0147440005,""realisedTotalLoss"":-230520.94452700007,""runTimeDays"":278,""statisticAt"":""2025-03-23T03:24:40.340Z"",""totalFee"":95059.5323093888,""totalGain"":6928656.699791611,""totalLiquidation"":0,""totalLiquidationAmount"":0,""totalLose"":135,""totalLoss"":-232792.16188400003,""totalTrade"":363,""totalVolume"":33618408.380650505,""totalWin"":228,""type"":""FULL"",""updatedAt"":""2025-03-25T03:27:43.488Z"",""winRate"":62.8099173553719},{""account"":""0x5D2F4460Ac3514AdA79f5D9838916E508Ab39Bb7"",""accountSearch"":[""0x5d2f4460ac3514ada79f5d9838916e508ab39bb7"",""7bb93ba805e6198389d5f97ada4153ca0644f2d5x0""],""avgDuration"":4709651.956,""avgLeverage"":0,""avgRoi"":0,""avgVolume"":55875840.14078021,""createdAt"":""2025-03-18T03:42:12.408Z"",""gainLossRatio"":6195188.626884998,""id"":""67d8eb94007b82f96f2d2d90"",""indexTokens"":[""BTC""],""lastTradeAt"":""2025-03-17T18:22:31.155Z"",""lastTradeAtTs"":1742235751155,""longRate"":0,""maxDuration"":4709651.956,""maxLeverage"":0,""maxPnl"":0,""maxRoi"":0,""minDuration"":4709651.956,""minLeverage"":null,""orderPositionRatio"":230,""pairs"":[""BTC-USDT""],""pnl"":6195188.626884998,""profitLossRatio"":0,""profitRate"":100,""protocol"":""HYPERLIQUID"",""ranking"":{""avgDuration"":0.5950739488236394,""avgLeverage"":36.573099754713425,""avgVolume"":99.99927430006241,""orderPositionRatio"":0.14368858764277093,""pnl"":99.99854860012482,""realisedAvgRoi"":97.08994325026488,""realisedMaxDrawdown"":93.74954643753901,""realisedMaxRoi"":65.60690285780636,""realisedPnl"":99.99854860012482,""realisedProfitLossRatio"":85.45189335113717,""realisedProfitRate"":93.77422023541706,""totalTrade"":5.066836964252021,""winRate"":93.8068767326086},""realisedAvgRoi"":11.101925241185965,""realisedGainLossRatio"":6203294.000313998,""realisedMaxDrawdown"":0,""realisedMaxDrawdownPnl"":0,""realisedMaxPnl"":6203294.000313998,""realisedMaxRoi"":11.101925241185965,""realisedPnl"":6203294.000313998,""realisedProfitLossRatio"":0,""realisedProfitRate"":100,""realisedTotalGain"":6203294.000313998,""realisedTotalLoss"":0,""runTimeDays"":58,""statisticAt"":""2025-03-21T03:41:57.174Z"",""totalFee"":8105.373429000005,""totalGain"":6195188.626884998,""totalLiquidation"":0,""totalLiquidationAmount"":0,""totalLose"":0,""totalLoss"":0,""totalTrade"":1,""totalVolume"":55875840.14078021,""totalWin"":1,""type"":""FULL"",""updatedAt"":""2025-03-25T03:29:28.048Z"",""winRate"":100},{""account"":""0x0d21f939c96a13CcB9CcCBF2911545D009a2E34a"",""accountSearch"":[""0x0d21f939c96a13ccb9cccbf2911545d009a2e34a"",""a43e2a900d5451192fbccc9bcc31a69c939f12d0x0""],""avgDuration"":235984.30116666667,""avgLeverage"":0,""avgRoi"":0,""avgVolume"":12144836.347892037,""createdAt"":""2024-12-25T03:55:37.963Z"",""gainLossRatio"":5814139.808091942,""id"":""676b823a04474dadc4f4e8bd"",""indexTokens"":[""HYPE""],""lastTradeAt"":""2025-01-18T03:17:24.047Z"",""lastTradeAtTs"":1737170244047,""longRate"":33.33333333333333,""maxDuration"":521828.069,""maxLeverage"":0,""maxPnl"":0,""maxRoi"":0,""minDuration"":14402.825,""minLeverage"":null,""orderPositionRatio"":662.1666666666666,""pairs"":[""HYPE-USDT""],""pnl"":5814139.808091942,""profitLossRatio"":0,""profitRate"":100,""protocol"":""HYPERLIQUID"",""ranking"":{""avgDuration"":19.479237724785563,""avgLeverage"":6.0791883771898,""avgVolume"":99.99201730068651,""orderPositionRatio"":0.045719096068154386,""pnl"":99.99782290018723,""realisedAvgRoi"":97.58777340745148,""realisedMaxDrawdown"":90.72918329729023,""realisedMaxRoi"":92.28072976385724,""realisedPnl"":99.99782290018723,""realisedProfitLossRatio"":78.52944164646803,""realisedProfitRate"":90.76982249379526,""totalTrade"":36.03027620139624,""winRate"":90.80901029042512},""realisedAvgRoi"":13.066344776073997,""realisedGainLossRatio"":5819917.3390879985,""realisedMaxDrawdown"":0,""realisedMaxDrawdownPnl"":0,""realisedMaxPnl"":1910576.944848,""realisedMaxRoi"":40.723143432442384,""realisedPnl"":5819917.3390879985,""realisedProfitLossRatio"":0,""realisedProfitRate"":100,""realisedTotalGain"":5819917.3390879985,""realisedTotalLoss"":0,""runTimeDays"":51,""statisticAt"":""2025-01-22T00:58:15.810Z"",""totalFee"":5777.53099605599,""totalGain"":5814139.808091942,""totalLiquidation"":0,""totalLiquidationAmount"":0,""totalLose"":0,""totalLoss"":0,""totalTrade"":6,""totalVolume"":72869018.08735222,""totalWin"":6,""type"":""FULL"",""updatedAt"":""2025-03-25T03:28:08.677Z"",""winRate"":100},{""account"":""0x7Ab8C59Db7b959Bb8C3481d5b9836dfbc939AF21"",""accountSearch"":[""0x7ab8c59db7b959bb8c3481d5b9836dfbc939af21"",""12fa939cbfd6389b5d1843c8bb959b7bd95c8ba7x0""],""avgDuration"":36157.97435897436,""avgLeverage"":36.89851286330657,""avgRoi"":0.14538461538461597,""avgVolume"":17094846.20426923,""createdAt"":""2025-01-15T02:36:42.266Z"",""gainLossRatio"":3.6749451975142304,""id"":""67871f3a100f52533c66e5f6"",""indexTokens"":[""0x47c031236e19d024b42f8AE6780E44A573170703"",""0x0CCB4fAa6f1F1B30911619f1184082aB4E25813c"",""0x09400D9DB990D5ed3f35D7be61DfAEB900Af03C9"",""0xFec8f404FBCa3b11aFD3b3f0c57507C2a06dE636"",""0x70d95587d40A2caf56bd97485aB3Eec10Bee6336"",""0x7f1fa204bb700853D36994DA19F830b6Ad18455C""],""lastTradeAt"":""2025-01-27T07:36:16.000Z"",""lastTradeAtTs"":1737963376000,""longRate"":3.8461538461538463,""maxDuration"":161581.66666666666,""maxLeverage"":99.86163397441378,""maxPnl"":1140350.1700121288,""maxRoi"":102.96,""minDuration"":799,""minLeverage"":1.5359038108963894,""orderPositionRatio"":5.115384615384615,""pairs"":[""BTC-USDT"",""XRP-USDT"",""SOL-USDT"",""ETH-USDT"",""LINK-USDT""],""pnl"":5042478.00966149,""profitLossRatio"":-1.9455592222134162,""profitRate"":78.60937491776968,""protocol"":""GMX_V2"",""ranking"":{""avgDuration"":36.94839666028963,""avgLeverage"":92.7206730099203,""avgVolume"":99.99619911566091,""orderPositionRatio"":1.0636141342218934,""pnl"":99.99746607710728,""realisedAvgRoi"":86.94459577595055,""realisedMaxDrawdown"":2.2995350251491846,""realisedMaxRoi"":93.27686908487375,""realisedPnl"":99.99809955783046,""realisedProfitLossRatio"":4.7124630997478745,""realisedProfitRate"":70.51210581662,""totalTrade"":96.84843340217158,""winRate"":72.73942403932648},""realisedAvgRoi"":7.880384615384615,""realisedGainLossRatio"":4.34432932205963,""realisedMaxDrawdown"":-98.26,""realisedMaxDrawdownPnl"":-810393.7898924444,""realisedMaxPnl"":1179361.0145522887,""realisedMaxRoi"":106.48,""realisedPnl"":5813694.9327274,""realisedProfitLossRatio"":-2.299939052855098,""realisedProfitRate"":81.28857823427292,""realisedTotalGain"":7552068.870479139,""realisedTotalLoss"":-1738373.9377517384,""runTimeDays"":14,""statisticAt"":""2025-01-28T02:56:25.483Z"",""totalFee"":771216.92306591,""totalGain"":6927555.137352688,""totalLiquidation"":9,""totalLiquidationAmount"":-1738373.9377517384,""totalLose"":9,""totalLoss"":-1885077.1276911981,""totalTrade"":26,""totalVolume"":444466001.311,""totalWin"":17,""type"":""FULL"",""updatedAt"":""2025-03-25T03:13:08.422Z"",""winRate"":65.38461538461539},{""account"":""0x1640e916e10610Ba39aAC5Cd8a08acF3cCae1A4c"",""accountSearch"":[""0x1640e916e10610ba39aac5cd8a08acf3ccae1a4c"",""c4a1eacc3fca80a8dc5caa93ab01601e619e0461x0""],""avgDuration"":331768.2657657658,""avgLeverage"":13.40098117103464,""avgRoi"":11.362297297297296,""avgVolume"":7166631.118270271,""createdAt"":""2024-11-13T02:58:43.750Z"",""gainLossRatio"":3.5393308575872493,""id"":""673415e33c79f8ef10829365"",""indexTokens"":[""0x7f1fa204bb700853D36994DA19F830b6Ad18455C"",""0x6Ecf2133E2C9751cAAdCb6958b9654baE198a797"",""0x09400D9DB990D5ed3f35D7be61DfAEB900Af03C9"",""0x2b477989A149B17073D9C9C82eC9cB03591e20c6"",""0x6853EA96FF216fAb11D2d930CE3C508556A4bdc4"",""0x63Dc80EE90F26363B3FCD609007CC9e14c8991BE"",""0x70d95587d40A2caf56bd97485aB3Eec10Bee6336"",""0x47c031236e19d024b42f8AE6780E44A573170703"",""0x0CCB4fAa6f1F1B30911619f1184082aB4E25813c"",""0xD9535bB5f58A1a75032416F2dFe7880C30575a41""],""lastTradeAt"":""2025-03-24T14:12:24.000Z"",""lastTradeAtTs"":1742825544000,""longRate"":39.189189189189186,""maxDuration"":6019637.333333333,""maxLeverage"":50.917723442679836,""maxPnl"":1700089.4276074253,""maxRoi"":251.7,""minDuration"":24.666666666666668,""minLeverage"":2.502710194071636,""orderPositionRatio"":14.986486486486486,""pairs"":[""LINK-USDT"",""SUI-USDT"",""SOL-USDT"",""PEPE-USDT"",""DOGE-USDT"",""NEAR-USDT"",""ETH-USDT"",""BTC-USDT"",""XRP-USDT"",""LTC-USDT""],""pnl"":5246241.119256009,""profitLossRatio"":-2.848729714643396,""profitRate"":77.97032136733209,""protocol"":""GMX_V2"",""ranking"":{""avgDuration"":20.63880196125632,""avgLeverage"":80.65413219475731,""avgVolume"":99.9828960204741,""orderPositionRatio"":0.11085912655678953,""pnl"":99.99809955783046,""realisedAvgRoi"":89.6717302892473,""realisedMaxDrawdown"":3.088218525510269,""realisedMaxRoi"":97.82526067731759,""realisedPnl"":99.99746607710728,""realisedProfitLossRatio"":3.5126506100419363,""realisedProfitRate"":70.38350922981414,""totalTrade"":98.7989205488477,""winRate"":71.2216042265834},""realisedAvgRoi"":12.752432432432432,""realisedGainLossRatio"":4.035225945442763,""realisedMaxDrawdown"":-95.77,""realisedMaxDrawdownPnl"":-333259.1215487849,""realisedMaxPnl"":1719279.5124256553,""realisedMaxRoi"":257.04,""realisedPnl"":5714075.15161379,""realisedProfitLossRatio"":-3.24786478535637,""realisedProfitRate"":80.13991803277327,""realisedTotalGain"":7596661.573291287,""realisedTotalLoss"":-1882586.4216774974,""runTimeDays"":133,""statisticAt"":""2025-03-25T03:02:18.918Z"",""totalFee"":467834.03235778003,""totalGain"":7312234.6480554575,""totalLiquidation"":4,""totalLiquidationAmount"":54305.257947032966,""totalLose"":33,""totalLoss"":-2065993.528799448,""totalTrade"":74,""totalVolume"":530330702.7520001,""totalWin"":41,""type"":""FULL"",""updatedAt"":""2025-03-25T03:12:45.001Z"",""winRate"":55.4054054054054},{""account"":""0x3B7424D5CC87dc2B670F4c99540f7380de3D5880"",""accountSearch"":[""0x3b7424d5cc87dc2b670f4c99540f7380de3d5880"",""0885d3ed0837f04599c4f076b2cd78cc5d4247b3x0""],""avgDuration"":1448482.7878787876,""avgLeverage"":16.25961692314543,""avgRoi"":16.226363636363633,""avgVolume"":12536543.168936364,""createdAt"":""2023-11-28T04:03:30.299Z"",""gainLossRatio"":29.19008593326054,""id"":""656566924350fb0b6911f804"",""indexTokens"":[""0x2f2a2543B76A4166549F7aaB2e75Bef0aefC5B0f""],""lastTradeAt"":""2024-01-28T04:44:46.000Z"",""lastTradeAtTs"":1706417086000,""longRate"":100,""maxDuration"":6988200,""maxLeverage"":47.08912320693513,""maxPnl"":1133145.3381,""maxRoi"":73.12,""minDuration"":472.6666666666667,""minLeverage"":2.0987430966912832,""orderPositionRatio"":5.181818181818182,""pairs"":[""BTC-USDT""],""pnl"":3458580.7130999994,""profitLossRatio"":-2.9190085933260543,""profitRate"":96.6876543438444,""protocol"":""GMX"",""ranking"":{""avgDuration"":7.8340326340326385,""avgLeverage"":79.33426573426573,""avgVolume"":99.9972027972028,""orderPositionRatio"":1.0358974358974393,""pnl"":99.9990675990676,""realisedAvgRoi"":93.56083916083917,""realisedMaxDrawdown"":23.343589743589742,""realisedMaxRoi"":91.05174825174825,""realisedPnl"":99.9981351981352,""realisedProfitLossRatio"":3.2932400932400934,""realisedProfitRate"":64.63496503496503,""totalTrade"":92.52960372960372,""winRate"":65.95990675990676},""realisedAvgRoi"":24.11,""realisedGainLossRatio"":54.17586579634835,""realisedMaxDrawdown"":-44.16,""realisedMaxDrawdownPnl"":-101123.1858,""realisedMaxPnl"":1848553.9118,""realisedMaxRoi"":76.92,""realisedPnl"":5377312.9569999995,""realisedProfitLossRatio"":-5.417586579634835,""realisedProfitRate"":98.1876133966054,""realisedTotalGain"":5478436.1428,""realisedTotalLoss"":-101123.1858,""runTimeDays"":513,""statisticAt"":""2024-10-08T09:30:23.781Z"",""totalFee"":1918732.2439000001,""totalGain"":3581268.5516999997,""totalLiquidation"":0,""totalLiquidationAmount"":0,""totalLose"":1,""totalLoss"":-122687.8386,""totalTrade"":11,""totalVolume"":137901974.8583,""totalWin"":10,""type"":""FULL"",""updatedAt"":""2025-03-25T02:57:23.629Z"",""winRate"":90.9090909090909},{""account"":""0x1dc67aDaf9f163c5b1A95043addBDFA1AF58e512"",""accountSearch"":[""0x1dc67adaf9f163c5b1a95043addbdfa1af58e512"",""215e85fa1afdbdda34059a1b5c361f9fada76cd1x0""],""avgDuration"":1133625,""avgLeverage"":4.047076489636106,""avgRoi"":28.140909090909087,""avgVolume"":6089362.346329395,""createdAt"":""2024-03-18T00:21:55.215Z"",""gainLossRatio"":264.8792703360966,""id"":""65f78923c7392568e6777af7"",""indexTokens"":[""0x59b007E9ea8F89b069c43F8f45834d30853e3699"",""0x3D3f34416f60f77A0a6cC8e32abe45D32A7497cb"",""0x442b69937a0daf9D46439a71567fABE6Cb69FBaf"",""0x98cCbC721cc05E28a125943D69039B39BE6A21e9"",""0xC18f85A6DD3Bcd0516a1CA08d3B1f0A4E191A2C4"",""0x91cc4a83d026e5171525aFCAEd020123A653c2C9"",""0x31A1659Ca00F617E86Dc765B6494Afe70a5A9c1A"",""0x2C5E2148bF3409659967FE3684fd999A76171235"",""0xEAf0191bCa9DD417202cEf2B18B7515ABff1E196"",""0xc203A12F298CE73E44F7d45A4f59a43DBfFe204D"",""0x0EA09D97b4084d859328ec4bF8eBCF9ecCA26F1D"",""0x2B3bb4c683BFc5239B029131EEf3B1d214478d93""],""lastTradeAt"":""2024-08-25T15:21:49.000Z"",""lastTradeAtTs"":1724599309000,""longRate"":13.636363636363635,""maxDuration"":3639680,""maxLeverage"":10.253135530359422,""maxPnl"":1366207.8292106611,""maxRoi"":122.77,""minDuration"":36,""minLeverage"":1.0147739146219488,""orderPositionRatio"":50.40909090909091,""pairs"":[""BTC-USDT"",""PEPE-USDT"",""OP-USDT"",""DOGE-USDT"",""FTM-USDT"",""RNDR-USDT"",""LINK-USDT"",""FIL-USDT"",""RUNE-USDT"",""AVAX-USDT"",""SOL-USDT"",""ETH-USDT""],""pnl"":5268830.39610391,""profitLossRatio"":-26.48792703360966,""profitRate"":99.62388944473335,""protocol"":""KWENTA"",""ranking"":{""avgDuration"":11.62215628090999,""avgLeverage"":31.54302670623145,""avgVolume"":99.93076162215628,""orderPositionRatio"":0.18793273986152315,""pnl"":99.99010880316519,""realisedAvgRoi"":93.3135509396637,""realisedMaxDrawdown"":52.70029673590505,""realisedMaxRoi"":84.41147378832838,""realisedPnl"":99.98021760633037,""realisedProfitLossRatio"":0.9792284866468843,""realisedProfitRate"":78.02176063303659,""totalTrade"":81.59248269040555,""winRate"":78.02176063303659},""realisedAvgRoi"":27.41909090909091,""realisedGainLossRatio"":318.4411840760663,""realisedMaxDrawdown"":-20.14,""realisedMaxDrawdownPnl"":-16122.776799378187,""realisedMaxPnl"":1272603.056976339,""realisedMaxRoi"":114.24,""realisedPnl"":5366510.275571039,""realisedProfitLossRatio"":-31.844118407606626,""realisedProfitRate"":99.68695332666879,""realisedTotalGain"":5383415.801837867,""realisedTotalLoss"":-16905.526266828372,""runTimeDays"":216,""statisticAt"":""2024-10-08T09:57:41.840Z"",""totalFee"":97679.87946712898,""totalGain"":5288797.218012251,""totalLiquidation"":0,""totalLiquidationAmount"":0,""totalLose"":2,""totalLoss"":-19966.82190834137,""totalTrade"":22,""totalVolume"":133965971.61924668,""totalWin"":20,""type"":""FULL"",""updatedAt"":""2025-03-25T03:01:42.517Z"",""winRate"":90.9090909090909},{""account"":""0xe8c19dB00287e3536075114B2576c70773E039BD"",""accountSearch"":[""0xe8c19db00287e3536075114b2576c70773e039bd"",""db930e37707c6752b4115706353e78200bd91c8ex0""],""avgDuration"":51512.13636363636,""avgLeverage"":26.9262729037064,""avgRoi"":2.457727272727271,""avgVolume"":5642654.12441818,""createdAt"":""2024-12-12T08:29:33.648Z"",""gainLossRatio"":1.1726395031579069,""id"":""675a9eed71da4ef79ce2460c"",""indexTokens"":[""0x152b9d0FdC40C096757F570A51E494bd4b943E50"",""0x49D5c2BdFfac6CE2BFdB6640F4F80f226bc10bAB"",""0x50b7545627a5162F82A992c33b87aDc75187B218""],""lastTradeAt"":""2023-07-14T13:50:17.000Z"",""lastTradeAtTs"":1689342617000,""longRate"":47.72727272727273,""maxDuration"":457744.3333333333,""maxLeverage"":47.678878961330625,""maxPnl"":1573638.3636000003,""maxRoi"":609.41,""minDuration"":167.33333333333334,""minLeverage"":5.752211583105002,""orderPositionRatio"":3.0568181818181817,""pairs"":[""BTC-USDT"",""ETH-USDT"",""WBTC-USDT""],""pnl"":860886.4155000001,""profitLossRatio"":-1.284319455839612,""profitRate"":53.97303609059343,""protocol"":""GMX_AVAX"",""ranking"":{""avgDuration"":17.05561613958561,""avgLeverage"":80.93784078516903,""avgVolume"":99.98545983278808,""orderPositionRatio"":10.112686295892402,""pnl"":99.9781897491821,""realisedAvgRoi"":91.15957833515085,""realisedMaxDrawdown"":34.81643038894947,""realisedMaxRoi"":99.83278807706289,""realisedPnl"":99.98545983278808,""realisedProfitLossRatio"":6.230461650308978,""realisedProfitRate"":72.53362413667757,""totalTrade"":95.76154125772446,""winRate"":48.840421664849146},""realisedAvgRoi"":19.290340909090908,""realisedGainLossRatio"":2.373583276527453,""realisedMaxDrawdown"":-100,""realisedMaxDrawdownPnl"":-462113.3503,""realisedMaxPnl"":2288727.2211,""realisedMaxRoi"":886.33,""realisedPnl"":5225975.123000002,""realisedProfitLossRatio"":-2.5996388266729245,""realisedProfitRate"":70.35792752004227,""realisedTotalGain"":9030604.3816,""realisedTotalLoss"":-3804629.2585999994,""runTimeDays"":752,""statisticAt"":""2024-12-12T08:29:33.560Z"",""totalFee"":4365088.707500001,""totalGain"":5847499.5588,""totalLiquidation"":2,""totalLiquidationAmount"":-772590.2749000001,""totalLose"":46,""totalLoss"":-4986613.1433,""totalTrade"":88,""totalVolume"":496553562.9487999,""totalWin"":42,""type"":""FULL"",""updatedAt"":""2025-03-25T03:01:11.891Z"",""winRate"":47.72727272727273},{""account"":""0xbB3406CD37b3D4c1F0e35c948051060D23d7DED4"",""accountSearch"":[""0xbb3406cd37b3d4c1f0e35c948051060d23d7ded4"",""4ded7d32d060150849c53e0f1c4d3b73dc6043bbx0""],""avgDuration"":42998.528619528624,""avgLeverage"":13.294631621615032,""avgRoi"":1.932154882154882,""avgVolume"":3184106.4306525253,""createdAt"":""2024-01-16T08:04:15.529Z"",""gainLossRatio"":3.3256459217210224,""id"":""65a6387fd2d3d9a9063d89ae"",""indexTokens"":[""0x70d95587d40A2caf56bd97485aB3Eec10Bee6336"",""0x47c031236e19d024b42f8AE6780E44A573170703"",""0x09400D9DB990D5ed3f35D7be61DfAEB900Af03C9"",""0x7f1fa204bb700853D36994DA19F830b6Ad18455C"",""0xC25cEf6061Cf5dE5eb761b50E4743c1F5D7E5407""],""lastTradeAt"":""2024-03-11T03:49:55.000Z"",""lastTradeAtTs"":1710128995000,""longRate"":39.73063973063973,""maxDrawdownPnl"":null,""maxDuration"":1389159.6666666667,""maxLeverage"":49.973151469886815,""maxPnl"":602308.7931418321,""maxRoi"":50.81,""minDuration"":43.666666666666664,""minLeverage"":0.09999490605464727,""orderPositionRatio"":3.04040404040404,""pairs"":[""ETH-USDT"",""BTC-USDT"",""SOL-USDT"",""LINK-USDT"",""ARB-USDT""],""pnl"":3188063.116630055,""profit"":3188063.116630055,""profitLossRatio"":-0.5326229796506325,""profitRate"":76.88206528928899,""protocol"":""GMX_V2"",""ranking"":{""avgDuration"":35.91075523571817,""avgLeverage"":80.58191539231461,""avgVolume"":99.95375590720774,""orderPositionRatio"":3.7337353824323145,""pnl"":99.9968325963841,""realisedAvgRoi"":83.07972988381962,""realisedMaxDrawdown"":10.058406922677342,""realisedMaxRoi"":88.55110288993906,""realisedPnl"":99.9968325963841,""realisedProfitLossRatio"":10.338405402323607,""realisedProfitRate"":70.83391402399624,""totalTrade"":99.80615489870644,""winRate"":75.83461085279176},""realisedAvgRoi"":3.6959595959595952,""realisedGainLossRatio"":5.186714182179757,""realisedMaxDrawdown"":-77.83,""realisedMaxDrawdownPnl"":-137716.4595333715,""realisedMaxPnl"":699699.3825214821,""realisedMaxRoi"":53.18,""realisedPnl"":4963215.1398226945,""realisedProfitLossRatio"":-0.8306846932397266,""realisedProfitRate"":83.8363310385276,""realisedTotalGain"":6148683.008861386,""realisedTotalLoss"":-1185467.8690386896,""runTimeDays"":352,""statisticAt"":""2024-10-08T10:59:57.150Z"",""totalFee"":1775152.0231926397,""totalGain"":4558892.2212905055,""totalLiquidation"":1,""totalLiquidationAmount"":-74885.81183515971,""totalLose"":41,""totalLoss"":-1370829.1046604498,""totalTrade"":297,""totalVolume"":945679609.9038,""totalWin"":256,""type"":""FULL"",""updatedAt"":""2025-03-25T03:08:32.266Z"",""winLoseRate"":6.2439024390243905,""winRate"":86.19528619528619},{""account"":""0xbBbc35dFAC3A00a03A8Fde3540eCA4f0e15C5e64"",""accountSearch"":[""0xbbbc35dfac3a00a03a8fde3540eca4f0e15c5e64"",""46e5c51e0f4ace0453edf8a30a00a3cafd53cbbbx0""],""avgDuration"":4373087.095888888,""avgLeverage"":0,""avgRoi"":0,""avgVolume"":1479687.7695333334,""createdAt"":""2025-01-19T00:55:46.549Z"",""gainLossRatio"":320905.3879254184,""id"":""678c4d926edf6f345146a199"",""indexTokens"":[""INJ"",""WLD"",""DYM"",""SOL"",""ENA"",""ONDO"",""POPCAT"",""TRUMP""],""lastTradeAt"":""2025-01-18T06:37:05.562Z"",""lastTradeAtTs"":1737182225562,""longRate"":11.11111111111111,""maxDuration"":9725945.1,""maxLeverage"":0,""maxPnl"":0,""maxRoi"":0,""minDuration"":123.104,""minLeverage"":null,""orderPositionRatio"":87.33333333333333,""pairs"":[""INJ-USDT"",""WLD-USDT"",""DYM-USDT"",""SOL-USDT"",""ENA-USDT"",""ONDO-USDT"",""POPCAT-USDT"",""TRUMP-USDT""],""pnl"":4541186.987976,""profitLossRatio"":-40113.1734906773,""profitRate"":99.99968838264441,""protocol"":""HYPERLIQUID"",""ranking"":{""avgDuration"":0.6836093412096034,""avgLeverage"":86.63913844903409,""avgVolume"":99.73221672302937,""orderPositionRatio"":0.40784336492546913,""pnl"":99.99709720024964,""realisedAvgRoi"":99.00506538556438,""realisedMaxDrawdown"":89.01653144457829,""realisedMaxRoi"":93.1595523882785,""realisedPnl"":99.99709720024964,""realisedProfitLossRatio"":0.010159799126257276,""realisedProfitRate"":90.16241164603261,""totalTrade"":46.026792841695816,""winRate"":89.29084602098725},""realisedAvgRoi"":23.863948203130924,""realisedGainLossRatio"":1098720.7211277098,""realisedMaxDrawdown"":-0.017833825934340623,""realisedMaxDrawdownPnl"":-4.1348210000000005,""realisedMaxPnl"":2139659.5060879993,""realisedMaxRoi"":43.68258558280223,""realisedPnl"":4543009.376033,""realisedProfitLossRatio"":-137340.09014096373,""realisedProfitRate"":99.99990898514332,""realisedTotalGain"":4543013.510853999,""realisedTotalLoss"":-4.1348210000000005,""runTimeDays"":380,""statisticAt"":""2025-01-22T01:36:40.251Z"",""totalFee"":1822.3880569999997,""totalGain"":4541201.139191,""totalLiquidation"":0,""totalLiquidationAmount"":0,""totalLose"":1,""totalLoss"":-14.151215,""totalTrade"":9,""totalVolume"":13317189.925800001,""totalWin"":8,""type"":""FULL"",""updatedAt"":""2025-03-25T03:28:41.183Z"",""winRate"":88.88888888888889},{""account"":""0x856c35038594767646266bC7fd68DC26480E910d"",""accountSearch"":[""0x856c35038594767646266bc7fd68dc26480e910d"",""d019e08462cd86df7cb66264676749583053c658x0""],""avgDuration"":166058.2994120879,""avgLeverage"":0,""avgRoi"":0,""avgVolume"":1134705.1138769283,""createdAt"":""2024-12-20T04:43:15.334Z"",""gainLossRatio"":2.5430985381473423,""id"":""6764f5e304474dadc4db4b3c"",""indexTokens"":[""ETH"",""BTC"",""HYPE"",""USUAL"",""TRUMP"",""MELANIA"",""BERA"",""TST"",""LAYER"",""SOL"",""IP"",""BNB""],""lastTradeAt"":""2025-03-19T03:52:40.748Z"",""lastTradeAtTs"":1742356360748,""longRate"":48.35164835164835,""maxDuration"":5554800.76,""maxLeverage"":0,""maxPnl"":0,""maxRoi"":0,""minDuration"":1.03,""minLeverage"":null,""orderPositionRatio"":1788.7802197802198,""pairs"":[""ETH-USDT"",""BTC-USDT"",""HYPE-USDT"",""USUAL-USDT"",""TRUMP-USDT"",""MELANIA-USDT"",""BERA-USDT"",""TST-USDT"",""LAYER-USDT"",""SOL-USDT"",""IP-USDT"",""BNB-USDT""],""pnl"":4506155.646594169,""profitLossRatio"":-2.2284884097167432,""profitRate"":71.77611660434113,""protocol"":""HYPERLIQUID"",""ranking"":{""avgDuration"":25.014151148783,""avgLeverage"":52.737340164588744,""avgVolume"":99.62118463257812,""orderPositionRatio"":0.011611199001436034,""pnl"":99.99637150031205,""realisedAvgRoi"":50.80480123078709,""realisedMaxDrawdown"":17.102570429178943,""realisedMaxRoi"":68.05033454767123,""realisedPnl"":99.99637150031205,""realisedProfitLossRatio"":11.717151192324996,""realisedProfitRate"":79.64774525029391,""totalTrade"":92.12470427727544,""winRate"":61.95663217172963},""realisedAvgRoi"":-0.02360948839199596,""realisedGainLossRatio"":2.5533435550104864,""realisedMaxDrawdown"":-24.069712909232795,""realisedMaxDrawdownPnl"":-1291498.636490005,""realisedMaxPnl"":4785987.349467953,""realisedMaxRoi"":12.275939163861306,""realisedPnl"":4523744.528039947,""realisedProfitLossRatio"":-2.237466001813313,""realisedProfitRate"":71.85749183779532,""realisedTotalGain"":7436007.248960951,""realisedTotalLoss"":-2912262.720921005,""runTimeDays"":106,""statisticAt"":""2025-03-23T03:22:11.614Z"",""totalFee"":17588.881445778155,""totalGain"":7426355.19004283,""totalLiquidation"":0,""totalLiquidationAmount"":0,""totalLose"":85,""totalLoss"":-2920199.5434486624,""totalTrade"":182,""totalVolume"":206516330.72560096,""totalWin"":97,""type"":""FULL"",""updatedAt"":""2025-03-25T03:28:06.627Z"",""winRate"":53.2967032967033},{""account"":""0x4210Ebe4d47F7a183a8FeF5A7aa64f8eD918Df83"",""accountSearch"":[""0x4210ebe4d47f7a183a8fef5a7aa64f8ed918df83"",""38fd819de8f46aa7a5fef8a381a7f74d4ebe0124x0""],""avgDuration"":1262448.7916666665,""avgLeverage"":11.113398078943735,""avgRoi"":51.334999999999994,""avgVolume"":7779666.4639,""createdAt"":""2024-03-07T03:43:45.440Z"",""gainLossRatio"":26.434898251197676,""id"":""65e937f1d8fb813a7022d2a2"",""indexTokens"":[""0x47c031236e19d024b42f8AE6780E44A573170703"",""0x70d95587d40A2caf56bd97485aB3Eec10Bee6336""],""lastTradeAt"":""2024-12-22T01:41:54.000Z"",""lastTradeAtTs"":1734831714000,""longRate"":100,""maxDrawdownPnl"":null,""maxDuration"":6185726,""maxLeverage"":14.99905471187083,""maxPnl"":2580397.592364128,""maxRoi"":259.25,""minDuration"":1871.3333333333333,""minLeverage"":8.983264602981862,""orderPositionRatio"":2.375,""pairs"":[""BTC-USDT"",""ETH-USDT""],""pnl"":3054022.1056661666,""profit"":531166.9482089933,""profitLossRatio"":-3.776414035885382,""profitRate"":96.35500744036351,""protocol"":""GMX_V2"",""ranking"":{""avgDuration"":12.702555461237324,""avgLeverage"":78.84934561441295,""avgVolume"":99.98859734698273,""orderPositionRatio"":9.572527207997055,""pnl"":99.99619911566091,""realisedAvgRoi"":97.32671134817367,""realisedMaxDrawdown"":26.145649887873912,""realisedMaxRoi"":98.66272219336366,""realisedPnl"":99.99619911566091,""realisedProfitLossRatio"":1.9169126683475022,""realisedProfitRate"":72.69317994653423,""totalTrade"":92.51035740982402,""winRate"":75.85995008171902},""realisedAvgRoi"":69.5275,""realisedGainLossRatio"":52.729618613887546,""realisedMaxDrawdown"":-9.44,""realisedMaxDrawdownPnl"":-85815.49728551797,""realisedMaxPnl"":3425063.7777214083,""realisedMaxRoi"":344.12,""realisedPnl"":4439202.945740947,""realisedProfitLossRatio"":-7.5328026591267925,""realisedProfitRate"":98.13882914899096,""realisedTotalGain"":4525018.443026464,""realisedTotalLoss"":-85815.49728551797,""runTimeDays"":319,""statisticAt"":""2024-12-23T02:44:43.748Z"",""totalFee"":1385180.84007478,""totalGain"":3174094.223726335,""totalLiquidation"":0,""totalLiquidationAmount"":0,""totalLose"":1,""totalLoss"":-120072.11806016797,""totalTrade"":8,""totalVolume"":62237331.7112,""totalWin"":7,""type"":""FULL"",""updatedAt"":""2025-03-25T03:09:26.865Z"",""winLoseRate"":1,""winRate"":87.5},{""account"":""0x324E265AeE8575660094222ea2330234053487f7"",""accountSearch"":[""0x324e265aee8575660094222ea2330234053487f7"",""7f7843504320332ae2224900665758eea562e423x0""],""avgDuration"":1261825.1944444445,""avgLeverage"":24.570629584819187,""avgRoi"":47.28916666666667,""avgVolume"":4062155.390441667,""createdAt"":""2023-11-28T03:28:49.881Z"",""gainLossRatio"":7.76120521152177,""id"":""65655e724350fb0b690f1a2b"",""indexTokens"":[""0x82aF49447D8a07e3bd95BD0d56f35241523fBab1"",""0xFa7F8980b0f1E64A2062791cc3b0871572f1F7f0"",""0x2f2a2543B76A4166549F7aaB2e75Bef0aefC5B0f"",""0xf97f4df75117a78c1A5a0DBb814Af92458539FB4""],""lastTradeAt"":""2024-01-11T12:04:29.000Z"",""lastTradeAtTs"":1704974669000,""longRate"":33.33333333333333,""maxDuration"":8786488.666666666,""maxLeverage"":47.619047625582375,""maxPnl"":2461999.0348,""maxRoi"":208.19,""minDuration"":13720.333333333334,""minLeverage"":5.466777666666667,""orderPositionRatio"":3.8333333333333335,""pairs"":[""ETH-USDT"",""UNI-USDT"",""BTC-USDT"",""LINK-USDT""],""pnl"":3436217.8626999995,""profitLossRatio"":-2.58706840384059,""profitRate"":88.58604523171184,""protocol"":""GMX"",""ranking"":{""avgDuration"":8.61818181818181,""avgLeverage"":86.76363636363637,""avgVolume"":99.91235431235431,""orderPositionRatio"":2.6778554778554735,""pnl"":99.9981351981352,""realisedAvgRoi"":97.53659673659674,""realisedMaxDrawdown"":16.693706293706292,""realisedMaxRoi"":98.15104895104895,""realisedPnl"":99.9972027972028,""realisedProfitLossRatio"":4.6209790209790205,""realisedProfitRate"":63.02564102564102,""totalTrade"":93.02097902097903,""winRate"":63.73519813519813},""realisedAvgRoi"":59.6025,""realisedGainLossRatio"":10.277963345832552,""realisedMaxDrawdown"":-81.24,""realisedMaxDrawdownPnl"":-253437.1996,""realisedMaxPnl"":3190638.1637,""realisedMaxRoi"":236.68,""realisedPnl"":4390021.2606999995,""realisedProfitLossRatio"":-3.4259877819441837,""realisedProfitRate"":91.13315082399588,""realisedTotalGain"":4863187.741,""realisedTotalLoss"":-473166.4803,""runTimeDays"":481,""statisticAt"":""2024-10-08T09:28:49.689Z"",""totalFee"":953803.3979999999,""totalGain"":3944443.5052,""totalLiquidation"":0,""totalLiquidationAmount"":0,""totalLose"":3,""totalLoss"":-508225.6425,""totalTrade"":12,""totalVolume"":48745864.6853,""totalWin"":9,""type"":""FULL"",""updatedAt"":""2025-03-25T02:57:10.545Z"",""winRate"":75}]
```",67e22e91493e52075a554378,2025-03-25T04:18:33.216Z
Show me a profitable entry.,"```trader
[{""account"":""0xe8c19dB00287e3536075114B2576c70773E039BD"",""accountSearch"":[""0xe8c19db00287e3536075114b2576c70773e039bd"",""db930e37707c6752b4115706353e78200bd91c8ex0""],""avgDuration"":349119.0822510824,""avgLeverage"":20.569931086590415,""avgRoi"":0.4259740259740272,""avgVolume"":20329931.90120259,""createdAt"":""2023-12-01T03:57:41.648Z"",""gainLossRatio"":1.0717645516953371,""id"":""656959b5d8fb813a702d75a4"",""indexTokens"":[""0x2f2a2543B76A4166549F7aaB2e75Bef0aefC5B0f"",""0x82aF49447D8a07e3bd95BD0d56f35241523fBab1""],""lastTradeAt"":""2023-05-10T01:24:00.000Z"",""lastTradeAtTs"":1683681840000,""longRate"":48.05194805194805,""maxDuration"":2650973.6666666665,""maxLeverage"":47.628481702693854,""maxPnl"":2915573.9909,""maxRoi"":225.43,""minDuration"":761.6666666666666,""minLeverage"":1.7967658215714286,""orderPositionRatio"":4.87012987012987,""pairs"":[""BTC-USDT"",""ETH-USDT""],""pnl"":1181502.4632000048,""profitLossRatio"":-0.8474417385498014,""profitRate"":51.73196687906964,""protocol"":""GMX"",""ranking"":{""avgDuration"":16.519347319347318,""avgLeverage"":83.9011655011655,""avgVolume"":99.9990675990676,""orderPositionRatio"":1.3818181818181898,""pnl"":99.99347319347319,""realisedAvgRoi"":88.85128205128206,""realisedMaxDrawdown"":13.931934731934732,""realisedMaxRoi"":98.18461538461538,""realisedPnl"":99.9990675990676,""realisedProfitLossRatio"":8.62843822843823,""realisedProfitRate"":58.26386946386947,""totalTrade"":99.13846153846154,""winRate"":57.484382284382285},""realisedAvgRoi"":11.172987012987017,""realisedGainLossRatio"":2.046475568443048,""realisedMaxDrawdown"":-100,""realisedMaxDrawdownPnl"":-1521216.0469,""realisedMaxPnl"":4238612.3302,""realisedMaxRoi"":238.79,""realisedPnl"":13885127.080000006,""realisedProfitLossRatio"":-1.61814347272241,""realisedProfitRate"":67.17518399430111,""realisedTotalGain"":27153594.5901,""realisedTotalLoss"":-13268467.510099996,""runTimeDays"":726,""statisticAt"":""2024-10-08T09:52:43.148Z"",""totalFee"":12703624.6168,""totalGain"":17645096.748800002,""totalLiquidation"":1,""totalLiquidationAmount"":-981650.4088,""totalLose"":34,""totalLoss"":-16463594.285600003,""totalTrade"":77,""totalVolume"":1565404756.3925993,""totalWin"":43,""type"":""FULL"",""updatedAt"":""2025-03-25T02:59:51.681Z"",""winRate"":55.84415584415584},{""account"":""dydx17fw57q8rkh0ryf8cwjzcqmpcn7u9nw600g265j"",""accountSearch"":[""dydx17fw57q8rkh0ryf8cwjzcqmpcn7u9nw600g265j"",""j562g006wn9u7ncpmqczjwc8fyr0hkr8q75wf71xdyd""],""avgDuration"":193780,""avgLeverage"":0,""avgRoi"":99.98995514422522,""avgVolume"":11100000,""createdAt"":""2024-10-19T06:49:20.355Z"",""gainLossRatio"":11098885.021009,""id"":""671356707ea9aacb53a564ec"",""indexTokens"":[""IO-USD""],""lastTradeAt"":""2024-09-09T17:15:10.220Z"",""lastTradeAtTs"":1725902110220,""longRate"":0,""maxDuration"":193780,""maxLeverage"":0,""maxPnl"":11098885.021009,""maxRoi"":99.98995514422522,""minDuration"":193780,""minLeverage"":null,""orderPositionRatio"":2,""pairs"":[""IO-USDT""],""pnl"":11098885.021009,""profitLossRatio"":0,""profitRate"":100,""protocol"":""DYDX"",""ranking"":{""avgDuration"":39.09918911648283,""avgLeverage"":20.241343530225585,""avgVolume"":99.96156950155644,""orderPositionRatio"":93.83190499980785,""pnl"":99.99615695015565,""realisedAvgRoi"":99.91160985357979,""realisedMaxDrawdown"":90.08493140156027,""realisedMaxRoi"":97.34829560739404,""realisedPnl"":99.99615695015565,""realisedProfitLossRatio"":76.36140040736329,""realisedProfitRate"":90.11183275047078,""totalTrade"":3.5625072057184584,""winRate"":90.32704354175473},""realisedAvgRoi"":99.99995516216215,""realisedGainLossRatio"":11099995.023,""realisedMaxDrawdown"":0,""realisedMaxDrawdownPnl"":0,""realisedMaxPnl"":11099995.023,""realisedMaxRoi"":99.99995516216215,""realisedPnl"":11099995.023,""realisedProfitLossRatio"":0,""realisedProfitRate"":100,""realisedTotalGain"":11099995.023,""realisedTotalLoss"":0,""runTimeDays"":198,""statisticAt"":""2025-03-24T03:01:12.437Z"",""totalFee"":1110.001991,""totalGain"":11098885.021009,""totalLiquidation"":0,""totalLiquidationAmount"":0,""totalLose"":0,""totalLoss"":0,""totalTrade"":1,""totalVolume"":11100000,""totalWin"":1,""type"":""FULL"",""updatedAt"":""2025-03-25T02:16:53.154Z"",""winRate"":100},{""account"":""0x92812499fF2c040f93121Aab684680a6e603C4A7"",""accountSearch"":[""0x92812499ff2c040f93121aab684680a6e603c4a7"",""7a4c306e6a086486baa12139f040c2ff99421829x0""],""avgDuration"":486998.7549019609,""avgLeverage"":16.646988270676644,""avgRoi"":11.726764705882355,""avgVolume"":14743250.886532353,""createdAt"":""2024-01-16T07:08:29.289Z"",""gainLossRatio"":2.717389971824128,""id"":""65a62b6dd2d3d9a9063b32b1"",""indexTokens"":[""0x70d95587d40A2caf56bd97485aB3Eec10Bee6336"",""0x47c031236e19d024b42f8AE6780E44A573170703"",""0xC25cEf6061Cf5dE5eb761b50E4743c1F5D7E5407"",""0x09400D9DB990D5ed3f35D7be61DfAEB900Af03C9""],""lastTradeAt"":""2024-03-15T03:28:22.000Z"",""lastTradeAtTs"":1710473302000,""longRate"":85.29411764705883,""maxDrawdownPnl"":null,""maxDuration"":7444696.333333333,""maxLeverage"":35.07829001143788,""maxPnl"":1920966.7612970076,""maxRoi"":102.47,""minDuration"":180.33333333333334,""minLeverage"":1.7303768977119591,""orderPositionRatio"":4.529411764705882,""pairs"":[""ETH-USDT"",""BTC-USDT"",""ARB-USDT"",""SOL-USDT""],""pnl"":6689975.654637141,""profit"":6689975.654637142,""profitLossRatio"":-1.1322458215933866,""profitRate"":73.09940556198093,""protocol"":""GMX_V2"",""ranking"":{""avgDuration"":17.857188105765943,""avgLeverage"":83.23746658389184,""avgVolume"":99.99429867349137,""orderPositionRatio"":1.4848788151376624,""pnl"":99.99936651927682,""realisedAvgRoi"":91.55000063348072,""realisedMaxDrawdown"":2.4167289589377794,""realisedMaxRoi"":93.85080262007627,""realisedPnl"":99.99936651927682,""realisedProfitLossRatio"":6.657882400638549,""realisedProfitRate"":70.17699451405693,""totalTrade"":97.51485512295861,""winRate"":74.39154176538409},""realisedAvgRoi"":19.139999999999993,""realisedGainLossRatio"":3.6608517728375864,""realisedMaxDrawdown"":-97.79,""realisedMaxDrawdownPnl"":-831320.6539834061,""realisedMaxPnl"":2174277.3076414876,""realisedMaxRoi"":117.27,""realisedPnl"":9504449.318347491,""realisedProfitLossRatio"":-1.5253549053489943,""realisedProfitRate"":78.54469421602766,""realisedTotalGain"":13076406.770232063,""realisedTotalLoss"":-3571957.451884572,""runTimeDays"":292,""statisticAt"":""2024-10-08T10:48:10.688Z"",""totalFee"":2814473.66371035,""totalGain"":10585407.539296037,""totalLiquidation"":5,""totalLiquidationAmount"":-2759393.7434158633,""totalLose"":10,""totalLoss"":-3895431.884658892,""totalTrade"":34,""totalVolume"":501270530.14210004,""totalWin"":24,""type"":""FULL"",""updatedAt"":""2025-03-25T03:07:26.900Z"",""winLoseRate"":2.4,""winRate"":70.58823529411765},{""account"":""dydx1ycklg0q3cxvt2khh675mefxxx3x53mufuhakxe"",""accountSearch"":[""dydx1ycklg0q3cxvt2khh675mefxxx3x53mufuhakxe"",""exkahufum35x3xxxfem576hhk2tvxc3q0glkcy1xdyd""],""avgDuration"":256059.2074829932,""avgLeverage"":0,""avgRoi"":1.1534639672572884,""avgVolume"":3374333.3420474674,""createdAt"":""2024-10-26T02:05:43.243Z"",""gainLossRatio"":1.9932167233330202,""id"":""671c4e77b8302d5c8914ff0a"",""indexTokens"":[""BTC-USD"",""ETH-USD"",""DOGE-USD"",""WLD-USD"",""SOL-USD"",""SUI-USD"",""XRP-USD"",""XLM-USD"",""ALGO-USD"",""LTC-USD"",""HBAR-USD"",""AAVE-USD"",""TRUMP-USD""],""lastTradeAt"":""2025-02-02T03:23:47.569Z"",""lastTradeAtTs"":1738466627569,""longRate"":50.34013605442177,""maxDuration"":2986039,""maxLeverage"":0,""maxPnl"":1268375.4459890015,""maxRoi"":32.39966224381019,""minDuration"":121,""minLeverage"":null,""orderPositionRatio"":319.8503401360544,""pairs"":[""BTC-USDT"",""ETH-USDT"",""DOGE-USDT"",""WLD-USDT"",""SOL-USDT"",""SUI-USDT"",""XRP-USDT"",""XLM-USDT"",""ALGO-USDT"",""LTC-USDT"",""HBAR-USDT"",""AAVE-USDT""],""pnl"":9217020.97249725,""profitLossRatio"":-1.7393037649466485,""profitRate"":66.59112612178394,""protocol"":""DYDX"",""ranking"":{""avgDuration"":35.15621997617309,""avgLeverage"":94.58898581914607,""avgVolume"":99.80400445793782,""orderPositionRatio"":0.23442604050573834,""pnl"":99.99231390031129,""realisedAvgRoi"":83.20202913031783,""realisedMaxDrawdown"":30.67906690749779,""realisedMaxRoi"":89.59302102148264,""realisedPnl"":99.99231390031129,""realisedProfitLossRatio"":18.846316436724184,""realisedProfitRate"":76.16156181545675,""totalTrade"":92.90572998731793,""winRate"":66.86138119211407},""realisedAvgRoi"":1.143951555770139,""realisedGainLossRatio"":1.984211873836163,""realisedMaxDrawdown"":-12.07839015410555,""realisedMaxDrawdownPnl"":-1009934.548000023,""realisedMaxPnl"":1266808.2620000015,""realisedMaxRoi"":32.380759371260815,""realisedPnl"":9155751.303017251,""realisedProfitLossRatio"":-1.731446030035378,""realisedProfitRate"":66.49031495493269,""realisedTotalGain"":18458373.580201216,""realisedTotalLoss"":-9302622.27718396,""runTimeDays"":159,""statisticAt"":""2025-03-24T03:21:05.116Z"",""totalFee"":-61269.66947999999,""totalGain"":18496990.546073206,""totalLiquidation"":0,""totalLiquidationAmount"":0,""totalLose"":137,""totalLoss"":-9279969.573575962,""totalTrade"":294,""totalVolume"":992054002.5619555,""totalWin"":157,""type"":""FULL"",""updatedAt"":""2025-03-25T02:16:59.478Z"",""winRate"":53.40136054421769},{""account"":""0x08c788aFdACF6cf81180D2bBBE42A7434D0C7A92"",""accountSearch"":[""0x08c788afdacf6cf81180d2bbbe42a7434d0c7a92"",""29a7c0d4347a24ebbb2d08118fc6fcadfa887c80x0""],""avgDuration"":274649.2833333333,""avgLeverage"":10.182521553945595,""avgRoi"":8.191,""avgVolume"":5535468.140316251,""createdAt"":""2024-01-16T04:13:35.829Z"",""gainLossRatio"":4.9681379828872,""id"":""65a6026fd2d3d9a906313930"",""indexTokens"":[""0x70d95587d40A2caf56bd97485aB3Eec10Bee6336"",""0xC25cEf6061Cf5dE5eb761b50E4743c1F5D7E5407"",""0x09400D9DB990D5ed3f35D7be61DfAEB900Af03C9"",""0x47c031236e19d024b42f8AE6780E44A573170703""],""lastTradeAt"":""2025-03-20T17:23:48.000Z"",""lastTradeAtTs"":1742491428000,""longRate"":65,""maxDrawdownPnl"":null,""maxDuration"":6186397.333333333,""maxLeverage"":25.096144520551327,""maxPnl"":2597856.326984033,""maxRoi"":260.95,""minDuration"":25.666666666666668,""minLeverage"":4.999625064713501,""orderPositionRatio"":2.2625,""pairs"":[""ETH-USDT"",""ARB-USDT"",""SOL-USDT"",""BTC-USDT""],""pnl"":6159337.642425984,""profit"":589962.2064800878,""profitLossRatio"":-2.258244537676,""profitRate"":83.24435522658223,""protocol"":""GMX_V2"",""ranking"":{""avgDuration"":21.946939654626306,""avgLeverage"":77.49052946318844,""avgVolume"":99.97656121324228,""orderPositionRatio"":10.792611080844807,""pnl"":99.99873303855364,""realisedAvgRoi"":89.49815657109555,""realisedMaxDrawdown"":9.075878321022692,""realisedMaxRoi"":98.6715909234882,""realisedPnl"":99.99873303855364,""realisedProfitLossRatio"":3.032472221870288,""realisedProfitRate"":71.49400093755148,""totalTrade"":98.90281138744949,""winRate"":74.24520771832913},""realisedAvgRoi"":12.367625,""realisedGainLossRatio"":8.575236471584049,""realisedMaxDrawdown"":-80.62,""realisedMaxDrawdownPnl"":-286594.0315254478,""realisedMaxPnl"":3442276.247029633,""realisedMaxRoi"":345.77,""realisedPnl"":8832654.632044537,""realisedProfitLossRatio"":-3.8978347598109306,""realisedProfitRate"":89.55639369359022,""realisedTotalGain"":9998645.247014415,""realisedTotalLoss"":-1165990.6149698785,""runTimeDays"":436,""statisticAt"":""2025-03-21T03:47:37.435Z"",""totalFee"":2673316.989618553,""totalGain"":7711536.09645869,""totalLiquidation"":1,""totalLiquidationAmount"":-39751.639840003736,""totalLose"":25,""totalLoss"":-1552198.4540327084,""totalTrade"":80,""totalVolume"":442837451.2253001,""totalWin"":55,""type"":""FULL"",""updatedAt"":""2025-03-25T03:05:25.970Z"",""winLoseRate"":0.8888888888888888,""winRate"":68.75},{""account"":""0x2446bEb3905CfFbd2c5eB18F1f9c2996B05257c4"",""accountSearch"":[""0x2446beb3905cffbd2c5eb18f1f9c2996b05257c4"",""4c75250b6992c9f1f81be5c2dbffc5093beb6442x0""],""avgDuration"":2633718.5333333337,""avgLeverage"":4.044919454517844,""avgRoi"":1.8659999999999992,""avgVolume"":3200379.1616,""createdAt"":""2024-12-12T08:18:06.567Z"",""gainLossRatio"":32.83506931520649,""id"":""675a9c3e71da4ef79cdd76b2"",""indexTokens"":[""0xB31f66AA3C1e785363F0875A1B74E27b85FD66c7"",""0x152b9d0FdC40C096757F570A51E494bd4b943E50""],""lastTradeAt"":""2024-08-30T05:07:24.000Z"",""lastTradeAtTs"":1724994444000,""longRate"":100,""maxDuration"":7451630.666666667,""maxLeverage"":7.985819578034285,""maxPnl"":1251576.5588999996,""maxRoi"":87.5,""minDuration"":2070.3333333333335,""minLeverage"":0.8757740987583297,""orderPositionRatio"":4.8,""pairs"":[""AVAX-USDT"",""BTC-USDT""],""pnl"":1927268.6414,""profitLossRatio"":-8.208767328801622,""profitRate"":97.04448662219654,""protocol"":""GMX_AVAX"",""ranking"":{""avgDuration"":0.465285350781528,""avgLeverage"":24.87095601599418,""avgVolume"":99.94910941475827,""orderPositionRatio"":3.213376953834967,""pnl"":99.99272991639404,""realisedAvgRoi"":94.54743729552891,""realisedMaxDrawdown"":5.190839694656488,""realisedMaxRoi"":81.19956379498365,""realisedPnl"":99.99272991639404,""realisedProfitLossRatio"":0.450745183569611,""realisedProfitRate"":79.2075608869502,""totalTrade"":60.479825517993454,""winRate"":76.93929480189023},""realisedAvgRoi"":31.116000000000003,""realisedGainLossRatio"":142.67669995308862,""realisedMaxDrawdown"":-100,""realisedMaxDrawdownPnl"":-60141.6699,""realisedMaxPnl"":7646209.2157,""realisedMaxRoi"":102.27,""realisedPnl"":8520673.3211,""realisedProfitLossRatio"":-35.669174988272154,""realisedProfitRate"":99.30399292277279,""realisedTotalGain"":8580814.991,""realisedTotalLoss"":-60141.6699,""runTimeDays"":1027,""statisticAt"":""2024-12-12T08:18:06.375Z"",""totalFee"":6593404.6797,""totalGain"":1987807.8103999998,""totalLiquidation"":1,""totalLiquidationAmount"":-60141.6699,""totalLose"":1,""totalLoss"":-60539.169,""totalTrade"":5,""totalVolume"":16001895.808,""totalWin"":4,""type"":""FULL"",""updatedAt"":""2025-03-25T03:00:46.597Z"",""winRate"":80},{""account"":""0x160A8D28D63961297e51E4f1a0401bf4D27f5162"",""accountSearch"":[""0x160a8d28d63961297e51e4f1a0401bf4d27f5162"",""2615f72d4fb1040a1f4e15e79216936d82d8a061x0""],""avgDuration"":376790.73170731706,""avgLeverage"":10.98462749919798,""avgRoi"":-6.692621951219513,""avgVolume"":4460605.33188396,""createdAt"":""2023-11-29T00:23:38.425Z"",""gainLossRatio"":1.3347057375361804,""id"":""656684954350fb0b694d5e91"",""indexTokens"":[""0x2B3bb4c683BFc5239B029131EEf3B1d214478d93"",""0x442b69937a0daf9D46439a71567fABE6Cb69FBaf"",""0x59b007E9ea8F89b069c43F8f45834d30853e3699"",""0x0EA09D97b4084d859328ec4bF8eBCF9ecCA26F1D"",""0x139F94E4f0e1101c1464a321CBA815c34d58B5D9"",""0x96690aAe7CB7c4A9b5Be5695E94d72827DeCC33f"",""0xaa94C874b91ef16C8B56A1c5B2F34E39366bD484"",""0xF9DD29D2Fd9B38Cd90E390C797F1B7E0523f43A9"",""0x5374761526175B59f1E583246E20639909E189cE"",""0x0940B0A96C5e1ba33AEE331a9f950Bb2a6F2Fb25"",""0xEAf0191bCa9DD417202cEf2B18B7515ABff1E196"",""0x2C5E2148bF3409659967FE3684fd999A76171235"",""0x69F5F465a46f324Fb7bf3fD7c0D5c00f7165C7Ea"",""0xf7d9Bd13F877171f6C7f93F71bdf8e380335dc12"",""0xc203A12F298CE73E44F7d45A4f59a43DBfFe204D"",""0x31A1659Ca00F617E86Dc765B6494Afe70a5A9c1A"",""0x509072A5aE4a87AC89Fc8D64D94aDCb44Bd4b88e"",""0x3D3f34416f60f77A0a6cC8e32abe45D32A7497cb"",""0x6110DF298B411a46d6edce72f5CAca9Ad826C1De"",""0x074B8F19fc91d6B2eb51143E1f186Ca0DDB88042"",""0x852210F0616aC226A486ad3387DBF990e690116A"",""0x98cCbC721cc05E28a125943D69039B39BE6A21e9"",""0x35B0ed8473e7943d31Ee1eeeAd06C8767034Ce39"",""0xC18f85A6DD3Bcd0516a1CA08d3B1f0A4E191A2C4"",""0x09F9d7aaa6Bef9598c3b676c0E19C9786Aa566a8"",""0x66fc48720f09Ac386608FB65ede53Bb220D0D5Bc""],""lastTradeAt"":""2024-04-12T18:33:11.000Z"",""lastTradeAtTs"":1712946791000,""longRate"":85.36585365853658,""maxDuration"":2599166,""maxLeverage"":37.638590501515424,""maxPnl"":2331080.7975350968,""maxRoi"":263.18,""minDuration"":24,""minLeverage"":2.416528140035684,""orderPositionRatio"":6.664634146341464,""pairs"":[""ETH-USDT"",""OP-USDT"",""BTC-USDT"",""SOL-USDT"",""DYDX-USDT"",""BCH-USDT"",""LDO-USDT"",""ADA-USDT"",""AAVE-USDT"",""BNB-USDT"",""RUNE-USDT"",""FIL-USDT"",""SHIB-USDT"",""MKR-USDT"",""AVAX-USDT"",""LINK-USDT"",""ARB-USDT"",""PEPE-USDT"",""XRP-USDT"",""MATIC-USDT"",""INJ-USDT"",""DOGE-USDT"",""TIA-USDT"",""FTM-USDT"",""SUI-USDT"",""SEI-USDT""],""pnl"":5188376.667858058,""profitLossRatio"":-0.9454165640881279,""profitRate"":57.168049749374326,""protocol"":""KWENTA"",""ranking"":{""avgDuration"":24.876360039564787,""avgLeverage"":64.04549950544016,""avgVolume"":99.86152324431256,""orderPositionRatio"":4.530168150346185,""pnl"":99.98021760633037,""realisedAvgRoi"":79.02077151335311,""realisedMaxDrawdown"":15.272007912957466,""realisedMaxRoi"":95.78635014836794,""realisedPnl"":99.99010880316519,""realisedProfitLossRatio"":19.901088031651827,""realisedProfitRate"":64.4114737883284,""totalTrade"":96.89416419386745,""winRate"":60.781404549950544},""realisedAvgRoi"":6.750548780487803,""realisedGainLossRatio"":1.6534899672343848,""realisedMaxDrawdown"":-90.16,""realisedMaxDrawdownPnl"":-2395191.615180381,""realisedMaxPnl"":2778108.54530501,""realisedMaxRoi"":282.07,""realisedPnl"":8443307.417229064,""realisedProfitLossRatio"":-1.171222060124356,""realisedProfitRate"":62.3137825147967,""realisedTotalGain"":21363639.542543452,""realisedTotalLoss"":-12920332.125314385,""runTimeDays"":418,""statisticAt"":""2024-10-08T09:57:23.613Z"",""totalFee"":3254930.749371006,""totalGain"":20689684.491412215,""totalLiquidation"":38,""totalLiquidationAmount"":-9067435.95621334,""totalLose"":68,""totalLoss"":-15501307.823554156,""totalTrade"":164,""totalVolume"":731539274.4289695,""totalWin"":96,""type"":""FULL"",""updatedAt"":""2025-03-25T03:01:27.935Z"",""winRate"":58.536585365853654},{""account"":""0xd8b07BC1bC3bAe553BCA5E94E99935dC12Df24Ff"",""accountSearch"":[""0xd8b07bc1bc3bae553bca5e94e99935dc12df24ff"",""ff42fd21cd53999e49e5acb355eab3cb1cb70b8dx0""],""avgDuration"":1666167.146666666,""avgLeverage"":0,""avgRoi"":0,""avgVolume"":92612.69526350002,""createdAt"":""2024-11-25T03:41:53.703Z"",""gainLossRatio"":29.76327314338079,""id"":""6743f2013e07193713b51d50"",""indexTokens"":[""BTC"",""ZRO"",""kPEPE"",""ETH"",""ZK"",""MKR"",""WLD"",""kSHIB"",""WIF"",""SOL"",""POPCAT"",""JUP"",""kBONK"",""UMA"",""ALT"",""TURBO"",""BLUR"",""PENDLE"",""MEW"",""STX"",""DOGE"",""BCH"",""TAO"",""ONDO"",""XRP"",""SEI"",""STG"",""SUI"",""SAGA"",""AAVE"",""CRV"",""BOME"",""LDO"",""TRX"",""IO"",""XAI"",""BNB"",""TIA"",""AR"",""NEAR"",""FET"",""RENDER"",""AI"",""NOT"",""RUNE"",""FIL"",""RLB"",""ENA"",""INJ"",""BIGTIME"",""ORDI"",""PIXEL"",""SUPER"",""kLUNC"",""TON"",""ENS"",""UNI"",""APE"",""BRETT"",""W"",""MANTA"",""JTO"",""MERL"",""STRK"",""BLAST"",""FTM"",""LTC"",""MOVE"",""KAITO""],""lastTradeAt"":""2025-03-19T17:53:26.860Z"",""lastTradeAtTs"":1742406806860,""longRate"":55.371900826446286,""maxDuration"":17637001.72,""maxLeverage"":0,""maxPnl"":0,""maxRoi"":0,""minDuration"":7.892,""minLeverage"":null,""orderPositionRatio"":17.355371900826448,""pairs"":[""BTC-USDT"",""ZRO-USDT"",""1000PEPE-USDT"",""ETH-USDT"",""ZK-USDT"",""MKR-USDT"",""WLD-USDT"",""1000SHIB-USDT"",""WIF-USDT"",""SOL-USDT"",""POPCAT-USDT"",""JUP-USDT"",""1000BONK-USDT"",""UMA-USDT"",""ALT-USDT"",""TURBO-USDT"",""BLUR-USDT"",""PENDLE-USDT"",""MEW-USDT"",""STX-USDT"",""DOGE-USDT"",""BCH-USDT"",""TAO-USDT"",""ONDO-USDT"",""XRP-USDT"",""SEI-USDT"",""STG-USDT"",""SUI-USDT"",""SAGA-USDT"",""AAVE-USDT"",""CRV-USDT"",""BOME-USDT"",""LDO-USDT"",""TRX-USDT"",""IO-USDT"",""XAI-USDT"",""BNB-USDT"",""TIA-USDT"",""AR-USDT"",""NEAR-USDT"",""FET-USDT"",""RENDER-USDT"",""AI-USDT"",""NOT-USDT"",""RUNE-USDT"",""FIL-USDT"",""RLB-USDT"",""ENA-USDT"",""INJ-USDT"",""BIGTIME-USDT"",""ORDI-USDT"",""PIXEL-USDT"",""SUPER-USDT"",""1000LUNC-USDT"",""TON-USDT"",""ENS-USDT"",""UNI-USDT"",""APE-USDT"",""BRETT-USDT"",""W-USDT"",""MANTA-USDT"",""JTO-USDT"",""MERL-USDT"",""STRK-USDT"",""BLAST-USDT"",""FTM-USDT"",""LTC-USDT"",""MOVE-USDT"",""KAITO-USDT""],""pnl"":6695864.537907611,""profitLossRatio"":-17.62299067700178,""profitRate"":96.74937060390414,""protocol"":""HYPERLIQUID"",""ranking"":{""avgDuration"":3.1067214328219563,""avgLeverage"":92.44183515000218,""avgVolume"":95.13127911871,""orderPositionRatio"":2.193790911333977,""pnl"":99.99927430006241,""realisedAvgRoi"":97.59720750664015,""realisedMaxDrawdown"":0.04209059638020871,""realisedMaxRoi"":99.9499267043063,""realisedPnl"":99.99927430006241,""realisedProfitLossRatio"":1.6444360585784987,""realisedProfitRate"":88.42363459556742,""totalTrade"":96.42447640749504,""winRate"":74.14476262355042},""realisedAvgRoi"":13.106302357924287,""realisedGainLossRatio"":30.459032818692986,""realisedMaxDrawdown"":-816.1685294018178,""realisedMaxDrawdownPnl"":-40829.828346,""realisedMaxPnl"":426784.1173270001,""realisedMaxRoi"":1098.5933552074068,""realisedPnl"":6790924.070216999,""realisedProfitLossRatio"":-18.034953642647164,""realisedProfitRate"":96.8212627331448,""realisedTotalGain"":7021445.0147440005,""realisedTotalLoss"":-230520.94452700007,""runTimeDays"":278,""statisticAt"":""2025-03-23T03:24:40.340Z"",""totalFee"":95059.5323093888,""totalGain"":6928656.699791611,""totalLiquidation"":0,""totalLiquidationAmount"":0,""totalLose"":135,""totalLoss"":-232792.16188400003,""totalTrade"":363,""totalVolume"":33618408.380650505,""totalWin"":228,""type"":""FULL"",""updatedAt"":""2025-03-25T03:27:43.488Z"",""winRate"":62.8099173553719},{""account"":""0x5D2F4460Ac3514AdA79f5D9838916E508Ab39Bb7"",""accountSearch"":[""0x5d2f4460ac3514ada79f5d9838916e508ab39bb7"",""7bb93ba805e6198389d5f97ada4153ca0644f2d5x0""],""avgDuration"":4709651.956,""avgLeverage"":0,""avgRoi"":0,""avgVolume"":55875840.14078021,""createdAt"":""2025-03-18T03:42:12.408Z"",""gainLossRatio"":6195188.626884998,""id"":""67d8eb94007b82f96f2d2d90"",""indexTokens"":[""BTC""],""lastTradeAt"":""2025-03-17T18:22:31.155Z"",""lastTradeAtTs"":1742235751155,""longRate"":0,""maxDuration"":4709651.956,""maxLeverage"":0,""maxPnl"":0,""maxRoi"":0,""minDuration"":4709651.956,""minLeverage"":null,""orderPositionRatio"":230,""pairs"":[""BTC-USDT""],""pnl"":6195188.626884998,""profitLossRatio"":0,""profitRate"":100,""protocol"":""HYPERLIQUID"",""ranking"":{""avgDuration"":0.5950739488236394,""avgLeverage"":36.573099754713425,""avgVolume"":99.99927430006241,""orderPositionRatio"":0.14368858764277093,""pnl"":99.99854860012482,""realisedAvgRoi"":97.08994325026488,""realisedMaxDrawdown"":93.74954643753901,""realisedMaxRoi"":65.60690285780636,""realisedPnl"":99.99854860012482,""realisedProfitLossRatio"":85.45189335113717,""realisedProfitRate"":93.77422023541706,""totalTrade"":5.066836964252021,""winRate"":93.8068767326086},""realisedAvgRoi"":11.101925241185965,""realisedGainLossRatio"":6203294.000313998,""realisedMaxDrawdown"":0,""realisedMaxDrawdownPnl"":0,""realisedMaxPnl"":6203294.000313998,""realisedMaxRoi"":11.101925241185965,""realisedPnl"":6203294.000313998,""realisedProfitLossRatio"":0,""realisedProfitRate"":100,""realisedTotalGain"":6203294.000313998,""realisedTotalLoss"":0,""runTimeDays"":58,""statisticAt"":""2025-03-21T03:41:57.174Z"",""totalFee"":8105.373429000005,""totalGain"":6195188.626884998,""totalLiquidation"":0,""totalLiquidationAmount"":0,""totalLose"":0,""totalLoss"":0,""totalTrade"":1,""totalVolume"":55875840.14078021,""totalWin"":1,""type"":""FULL"",""updatedAt"":""2025-03-25T03:29:28.048Z"",""winRate"":100},{""account"":""0x0d21f939c96a13CcB9CcCBF2911545D009a2E34a"",""accountSearch"":[""0x0d21f939c96a13ccb9cccbf2911545d009a2e34a"",""a43e2a900d5451192fbccc9bcc31a69c939f12d0x0""],""avgDuration"":235984.30116666667,""avgLeverage"":0,""avgRoi"":0,""avgVolume"":12144836.347892037,""createdAt"":""2024-12-25T03:55:37.963Z"",""gainLossRatio"":5814139.808091942,""id"":""676b823a04474dadc4f4e8bd"",""indexTokens"":[""HYPE""],""lastTradeAt"":""2025-01-18T03:17:24.047Z"",""lastTradeAtTs"":1737170244047,""longRate"":33.33333333333333,""maxDuration"":521828.069,""maxLeverage"":0,""maxPnl"":0,""maxRoi"":0,""minDuration"":14402.825,""minLeverage"":null,""orderPositionRatio"":662.1666666666666,""pairs"":[""HYPE-USDT""],""pnl"":5814139.808091942,""profitLossRatio"":0,""profitRate"":100,""protocol"":""HYPERLIQUID"",""ranking"":{""avgDuration"":19.479237724785563,""avgLeverage"":6.0791883771898,""avgVolume"":99.99201730068651,""orderPositionRatio"":0.045719096068154386,""pnl"":99.99782290018723,""realisedAvgRoi"":97.58777340745148,""realisedMaxDrawdown"":90.72918329729023,""realisedMaxRoi"":92.28072976385724,""realisedPnl"":99.99782290018723,""realisedProfitLossRatio"":78.52944164646803,""realisedProfitRate"":90.76982249379526,""totalTrade"":36.03027620139624,""winRate"":90.80901029042512},""realisedAvgRoi"":13.066344776073997,""realisedGainLossRatio"":5819917.3390879985,""realisedMaxDrawdown"":0,""realisedMaxDrawdownPnl"":0,""realisedMaxPnl"":1910576.944848,""realisedMaxRoi"":40.723143432442384,""realisedPnl"":5819917.3390879985,""realisedProfitLossRatio"":0,""realisedProfitRate"":100,""realisedTotalGain"":5819917.3390879985,""realisedTotalLoss"":0,""runTimeDays"":51,""statisticAt"":""2025-01-22T00:58:15.810Z"",""totalFee"":5777.53099605599,""totalGain"":5814139.808091942,""totalLiquidation"":0,""totalLiquidationAmount"":0,""totalLose"":0,""totalLoss"":0,""totalTrade"":6,""totalVolume"":72869018.08735222,""totalWin"":6,""type"":""FULL"",""updatedAt"":""2025-03-25T03:28:08.677Z"",""winRate"":100},{""account"":""0x7Ab8C59Db7b959Bb8C3481d5b9836dfbc939AF21"",""accountSearch"":[""0x7ab8c59db7b959bb8c3481d5b9836dfbc939af21"",""12fa939cbfd6389b5d1843c8bb959b7bd95c8ba7x0""],""avgDuration"":36157.97435897436,""avgLeverage"":36.89851286330657,""avgRoi"":0.14538461538461597,""avgVolume"":17094846.20426923,""createdAt"":""2025-01-15T02:36:42.266Z"",""gainLossRatio"":3.6749451975142304,""id"":""67871f3a100f52533c66e5f6"",""indexTokens"":[""0x47c031236e19d024b42f8AE6780E44A573170703"",""0x0CCB4fAa6f1F1B30911619f1184082aB4E25813c"",""0x09400D9DB990D5ed3f35D7be61DfAEB900Af03C9"",""0xFec8f404FBCa3b11aFD3b3f0c57507C2a06dE636"",""0x70d95587d40A2caf56bd97485aB3Eec10Bee6336"",""0x7f1fa204bb700853D36994DA19F830b6Ad18455C""],""lastTradeAt"":""2025-01-27T07:36:16.000Z"",""lastTradeAtTs"":1737963376000,""longRate"":3.8461538461538463,""maxDuration"":161581.66666666666,""maxLeverage"":99.86163397441378,""maxPnl"":1140350.1700121288,""maxRoi"":102.96,""minDuration"":799,""minLeverage"":1.5359038108963894,""orderPositionRatio"":5.115384615384615,""pairs"":[""BTC-USDT"",""XRP-USDT"",""SOL-USDT"",""ETH-USDT"",""LINK-USDT""],""pnl"":5042478.00966149,""profitLossRatio"":-1.9455592222134162,""profitRate"":78.60937491776968,""protocol"":""GMX_V2"",""ranking"":{""avgDuration"":36.94839666028963,""avgLeverage"":92.7206730099203,""avgVolume"":99.99619911566091,""orderPositionRatio"":1.0636141342218934,""pnl"":99.99746607710728,""realisedAvgRoi"":86.94459577595055,""realisedMaxDrawdown"":2.2995350251491846,""realisedMaxRoi"":93.27686908487375,""realisedPnl"":99.99809955783046,""realisedProfitLossRatio"":4.7124630997478745,""realisedProfitRate"":70.51210581662,""totalTrade"":96.84843340217158,""winRate"":72.73942403932648},""realisedAvgRoi"":7.880384615384615,""realisedGainLossRatio"":4.34432932205963,""realisedMaxDrawdown"":-98.26,""realisedMaxDrawdownPnl"":-810393.7898924444,""realisedMaxPnl"":1179361.0145522887,""realisedMaxRoi"":106.48,""realisedPnl"":5813694.9327274,""realisedProfitLossRatio"":-2.299939052855098,""realisedProfitRate"":81.28857823427292,""realisedTotalGain"":7552068.870479139,""realisedTotalLoss"":-1738373.9377517384,""runTimeDays"":14,""statisticAt"":""2025-01-28T02:56:25.483Z"",""totalFee"":771216.92306591,""totalGain"":6927555.137352688,""totalLiquidation"":9,""totalLiquidationAmount"":-1738373.9377517384,""totalLose"":9,""totalLoss"":-1885077.1276911981,""totalTrade"":26,""totalVolume"":444466001.311,""totalWin"":17,""type"":""FULL"",""updatedAt"":""2025-03-25T03:13:08.422Z"",""winRate"":65.38461538461539},{""account"":""0x1640e916e10610Ba39aAC5Cd8a08acF3cCae1A4c"",""accountSearch"":[""0x1640e916e10610ba39aac5cd8a08acf3ccae1a4c"",""c4a1eacc3fca80a8dc5caa93ab01601e619e0461x0""],""avgDuration"":331768.2657657658,""avgLeverage"":13.40098117103464,""avgRoi"":11.362297297297296,""avgVolume"":7166631.118270271,""createdAt"":""2024-11-13T02:58:43.750Z"",""gainLossRatio"":3.5393308575872493,""id"":""673415e33c79f8ef10829365"",""indexTokens"":[""0x7f1fa204bb700853D36994DA19F830b6Ad18455C"",""0x6Ecf2133E2C9751cAAdCb6958b9654baE198a797"",""0x09400D9DB990D5ed3f35D7be61DfAEB900Af03C9"",""0x2b477989A149B17073D9C9C82eC9cB03591e20c6"",""0x6853EA96FF216fAb11D2d930CE3C508556A4bdc4"",""0x63Dc80EE90F26363B3FCD609007CC9e14c8991BE"",""0x70d95587d40A2caf56bd97485aB3Eec10Bee6336"",""0x47c031236e19d024b42f8AE6780E44A573170703"",""0x0CCB4fAa6f1F1B30911619f1184082aB4E25813c"",""0xD9535bB5f58A1a75032416F2dFe7880C30575a41""],""lastTradeAt"":""2025-03-24T14:12:24.000Z"",""lastTradeAtTs"":1742825544000,""longRate"":39.189189189189186,""maxDuration"":6019637.333333333,""maxLeverage"":50.917723442679836,""maxPnl"":1700089.4276074253,""maxRoi"":251.7,""minDuration"":24.666666666666668,""minLeverage"":2.502710194071636,""orderPositionRatio"":14.986486486486486,""pairs"":[""LINK-USDT"",""SUI-USDT"",""SOL-USDT"",""PEPE-USDT"",""DOGE-USDT"",""NEAR-USDT"",""ETH-USDT"",""BTC-USDT"",""XRP-USDT"",""LTC-USDT""],""pnl"":5246241.119256009,""profitLossRatio"":-2.848729714643396,""profitRate"":77.97032136733209,""protocol"":""GMX_V2"",""ranking"":{""avgDuration"":20.63880196125632,""avgLeverage"":80.65413219475731,""avgVolume"":99.9828960204741,""orderPositionRatio"":0.11085912655678953,""pnl"":99.99809955783046,""realisedAvgRoi"":89.6717302892473,""realisedMaxDrawdown"":3.088218525510269,""realisedMaxRoi"":97.82526067731759,""realisedPnl"":99.99746607710728,""realisedProfitLossRatio"":3.5126506100419363,""realisedProfitRate"":70.38350922981414,""totalTrade"":98.7989205488477,""winRate"":71.2216042265834},""realisedAvgRoi"":12.752432432432432,""realisedGainLossRatio"":4.035225945442763,""realisedMaxDrawdown"":-95.77,""realisedMaxDrawdownPnl"":-333259.1215487849,""realisedMaxPnl"":1719279.5124256553,""realisedMaxRoi"":257.04,""realisedPnl"":5714075.15161379,""realisedProfitLossRatio"":-3.24786478535637,""realisedProfitRate"":80.13991803277327,""realisedTotalGain"":7596661.573291287,""realisedTotalLoss"":-1882586.4216774974,""runTimeDays"":133,""statisticAt"":""2025-03-25T03:02:18.918Z"",""totalFee"":467834.03235778003,""totalGain"":7312234.6480554575,""totalLiquidation"":4,""totalLiquidationAmount"":54305.257947032966,""totalLose"":33,""totalLoss"":-2065993.528799448,""totalTrade"":74,""totalVolume"":530330702.7520001,""totalWin"":41,""type"":""FULL"",""updatedAt"":""2025-03-25T03:12:45.001Z"",""winRate"":55.4054054054054},{""account"":""0x3B7424D5CC87dc2B670F4c99540f7380de3D5880"",""accountSearch"":[""0x3b7424d5cc87dc2b670f4c99540f7380de3d5880"",""0885d3ed0837f04599c4f076b2cd78cc5d4247b3x0""],""avgDuration"":1448482.7878787876,""avgLeverage"":16.25961692314543,""avgRoi"":16.226363636363633,""avgVolume"":12536543.168936364,""createdAt"":""2023-11-28T04:03:30.299Z"",""gainLossRatio"":29.19008593326054,""id"":""656566924350fb0b6911f804"",""indexTokens"":[""0x2f2a2543B76A4166549F7aaB2e75Bef0aefC5B0f""],""lastTradeAt"":""2024-01-28T04:44:46.000Z"",""lastTradeAtTs"":1706417086000,""longRate"":100,""maxDuration"":6988200,""maxLeverage"":47.08912320693513,""maxPnl"":1133145.3381,""maxRoi"":73.12,""minDuration"":472.6666666666667,""minLeverage"":2.0987430966912832,""orderPositionRatio"":5.181818181818182,""pairs"":[""BTC-USDT""],""pnl"":3458580.7130999994,""profitLossRatio"":-2.9190085933260543,""profitRate"":96.6876543438444,""protocol"":""GMX"",""ranking"":{""avgDuration"":7.8340326340326385,""avgLeverage"":79.33426573426573,""avgVolume"":99.9972027972028,""orderPositionRatio"":1.0358974358974393,""pnl"":99.9990675990676,""realisedAvgRoi"":93.56083916083917,""realisedMaxDrawdown"":23.343589743589742,""realisedMaxRoi"":91.05174825174825,""realisedPnl"":99.9981351981352,""realisedProfitLossRatio"":3.2932400932400934,""realisedProfitRate"":64.63496503496503,""totalTrade"":92.52960372960372,""winRate"":65.95990675990676},""realisedAvgRoi"":24.11,""realisedGainLossRatio"":54.17586579634835,""realisedMaxDrawdown"":-44.16,""realisedMaxDrawdownPnl"":-101123.1858,""realisedMaxPnl"":1848553.9118,""realisedMaxRoi"":76.92,""realisedPnl"":5377312.9569999995,""realisedProfitLossRatio"":-5.417586579634835,""realisedProfitRate"":98.1876133966054,""realisedTotalGain"":5478436.1428,""realisedTotalLoss"":-101123.1858,""runTimeDays"":513,""statisticAt"":""2024-10-08T09:30:23.781Z"",""totalFee"":1918732.2439000001,""totalGain"":3581268.5516999997,""totalLiquidation"":0,""totalLiquidationAmount"":0,""totalLose"":1,""totalLoss"":-122687.8386,""totalTrade"":11,""totalVolume"":137901974.8583,""totalWin"":10,""type"":""FULL"",""updatedAt"":""2025-03-25T02:57:23.629Z"",""winRate"":90.9090909090909},{""account"":""0x1dc67aDaf9f163c5b1A95043addBDFA1AF58e512"",""accountSearch"":[""0x1dc67adaf9f163c5b1a95043addbdfa1af58e512"",""215e85fa1afdbdda34059a1b5c361f9fada76cd1x0""],""avgDuration"":1133625,""avgLeverage"":4.047076489636106,""avgRoi"":28.140909090909087,""avgVolume"":6089362.346329395,""createdAt"":""2024-03-18T00:21:55.215Z"",""gainLossRatio"":264.8792703360966,""id"":""65f78923c7392568e6777af7"",""indexTokens"":[""0x59b007E9ea8F89b069c43F8f45834d30853e3699"",""0x3D3f34416f60f77A0a6cC8e32abe45D32A7497cb"",""0x442b69937a0daf9D46439a71567fABE6Cb69FBaf"",""0x98cCbC721cc05E28a125943D69039B39BE6A21e9"",""0xC18f85A6DD3Bcd0516a1CA08d3B1f0A4E191A2C4"",""0x91cc4a83d026e5171525aFCAEd020123A653c2C9"",""0x31A1659Ca00F617E86Dc765B6494Afe70a5A9c1A"",""0x2C5E2148bF3409659967FE3684fd999A76171235"",""0xEAf0191bCa9DD417202cEf2B18B7515ABff1E196"",""0xc203A12F298CE73E44F7d45A4f59a43DBfFe204D"",""0x0EA09D97b4084d859328ec4bF8eBCF9ecCA26F1D"",""0x2B3bb4c683BFc5239B029131EEf3B1d214478d93""],""lastTradeAt"":""2024-08-25T15:21:49.000Z"",""lastTradeAtTs"":1724599309000,""longRate"":13.636363636363635,""maxDuration"":3639680,""maxLeverage"":10.253135530359422,""maxPnl"":1366207.8292106611,""maxRoi"":122.77,""minDuration"":36,""minLeverage"":1.0147739146219488,""orderPositionRatio"":50.40909090909091,""pairs"":[""BTC-USDT"",""PEPE-USDT"",""OP-USDT"",""DOGE-USDT"",""FTM-USDT"",""RNDR-USDT"",""LINK-USDT"",""FIL-USDT"",""RUNE-USDT"",""AVAX-USDT"",""SOL-USDT"",""ETH-USDT""],""pnl"":5268830.39610391,""profitLossRatio"":-26.48792703360966,""profitRate"":99.62388944473335,""protocol"":""KWENTA"",""ranking"":{""avgDuration"":11.62215628090999,""avgLeverage"":31.54302670623145,""avgVolume"":99.93076162215628,""orderPositionRatio"":0.18793273986152315,""pnl"":99.99010880316519,""realisedAvgRoi"":93.3135509396637,""realisedMaxDrawdown"":52.70029673590505,""realisedMaxRoi"":84.41147378832838,""realisedPnl"":99.98021760633037,""realisedProfitLossRatio"":0.9792284866468843,""realisedProfitRate"":78.02176063303659,""totalTrade"":81.59248269040555,""winRate"":78.02176063303659},""realisedAvgRoi"":27.41909090909091,""realisedGainLossRatio"":318.4411840760663,""realisedMaxDrawdown"":-20.14,""realisedMaxDrawdownPnl"":-16122.776799378187,""realisedMaxPnl"":1272603.056976339,""realisedMaxRoi"":114.24,""realisedPnl"":5366510.275571039,""realisedProfitLossRatio"":-31.844118407606626,""realisedProfitRate"":99.68695332666879,""realisedTotalGain"":5383415.801837867,""realisedTotalLoss"":-16905.526266828372,""runTimeDays"":216,""statisticAt"":""2024-10-08T09:57:41.840Z"",""totalFee"":97679.87946712898,""totalGain"":5288797.218012251,""totalLiquidation"":0,""totalLiquidationAmount"":0,""totalLose"":2,""totalLoss"":-19966.82190834137,""totalTrade"":22,""totalVolume"":133965971.61924668,""totalWin"":20,""type"":""FULL"",""updatedAt"":""2025-03-25T03:01:42.517Z"",""winRate"":90.9090909090909},{""account"":""0xe8c19dB00287e3536075114B2576c70773E039BD"",""accountSearch"":[""0xe8c19db00287e3536075114b2576c70773e039bd"",""db930e37707c6752b4115706353e78200bd91c8ex0""],""avgDuration"":51512.13636363636,""avgLeverage"":26.9262729037064,""avgRoi"":2.457727272727271,""avgVolume"":5642654.12441818,""createdAt"":""2024-12-12T08:29:33.648Z"",""gainLossRatio"":1.1726395031579069,""id"":""675a9eed71da4ef79ce2460c"",""indexTokens"":[""0x152b9d0FdC40C096757F570A51E494bd4b943E50"",""0x49D5c2BdFfac6CE2BFdB6640F4F80f226bc10bAB"",""0x50b7545627a5162F82A992c33b87aDc75187B218""],""lastTradeAt"":""2023-07-14T13:50:17.000Z"",""lastTradeAtTs"":1689342617000,""longRate"":47.72727272727273,""maxDuration"":457744.3333333333,""maxLeverage"":47.678878961330625,""maxPnl"":1573638.3636000003,""maxRoi"":609.41,""minDuration"":167.33333333333334,""minLeverage"":5.752211583105002,""orderPositionRatio"":3.0568181818181817,""pairs"":[""BTC-USDT"",""ETH-USDT"",""WBTC-USDT""],""pnl"":860886.4155000001,""profitLossRatio"":-1.284319455839612,""profitRate"":53.97303609059343,""protocol"":""GMX_AVAX"",""ranking"":{""avgDuration"":17.05561613958561,""avgLeverage"":80.93784078516903,""avgVolume"":99.98545983278808,""orderPositionRatio"":10.112686295892402,""pnl"":99.9781897491821,""realisedAvgRoi"":91.15957833515085,""realisedMaxDrawdown"":34.81643038894947,""realisedMaxRoi"":99.83278807706289,""realisedPnl"":99.98545983278808,""realisedProfitLossRatio"":6.230461650308978,""realisedProfitRate"":72.53362413667757,""totalTrade"":95.76154125772446,""winRate"":48.840421664849146},""realisedAvgRoi"":19.290340909090908,""realisedGainLossRatio"":2.373583276527453,""realisedMaxDrawdown"":-100,""realisedMaxDrawdownPnl"":-462113.3503,""realisedMaxPnl"":2288727.2211,""realisedMaxRoi"":886.33,""realisedPnl"":5225975.123000002,""realisedProfitLossRatio"":-2.5996388266729245,""realisedProfitRate"":70.35792752004227,""realisedTotalGain"":9030604.3816,""realisedTotalLoss"":-3804629.2585999994,""runTimeDays"":752,""statisticAt"":""2024-12-12T08:29:33.560Z"",""totalFee"":4365088.707500001,""totalGain"":5847499.5588,""totalLiquidation"":2,""totalLiquidationAmount"":-772590.2749000001,""totalLose"":46,""totalLoss"":-4986613.1433,""totalTrade"":88,""totalVolume"":496553562.9487999,""totalWin"":42,""type"":""FULL"",""updatedAt"":""2025-03-25T03:01:11.891Z"",""winRate"":47.72727272727273},{""account"":""0xbB3406CD37b3D4c1F0e35c948051060D23d7DED4"",""accountSearch"":[""0xbb3406cd37b3d4c1f0e35c948051060d23d7ded4"",""4ded7d32d060150849c53e0f1c4d3b73dc6043bbx0""],""avgDuration"":42998.528619528624,""avgLeverage"":13.294631621615032,""avgRoi"":1.932154882154882,""avgVolume"":3184106.4306525253,""createdAt"":""2024-01-16T08:04:15.529Z"",""gainLossRatio"":3.3256459217210224,""id"":""65a6387fd2d3d9a9063d89ae"",""indexTokens"":[""0x70d95587d40A2caf56bd97485aB3Eec10Bee6336"",""0x47c031236e19d024b42f8AE6780E44A573170703"",""0x09400D9DB990D5ed3f35D7be61DfAEB900Af03C9"",""0x7f1fa204bb700853D36994DA19F830b6Ad18455C"",""0xC25cEf6061Cf5dE5eb761b50E4743c1F5D7E5407""],""lastTradeAt"":""2024-03-11T03:49:55.000Z"",""lastTradeAtTs"":1710128995000,""longRate"":39.73063973063973,""maxDrawdownPnl"":null,""maxDuration"":1389159.6666666667,""maxLeverage"":49.973151469886815,""maxPnl"":602308.7931418321,""maxRoi"":50.81,""minDuration"":43.666666666666664,""minLeverage"":0.09999490605464727,""orderPositionRatio"":3.04040404040404,""pairs"":[""ETH-USDT"",""BTC-USDT"",""SOL-USDT"",""LINK-USDT"",""ARB-USDT""],""pnl"":3188063.116630055,""profit"":3188063.116630055,""profitLossRatio"":-0.5326229796506325,""profitRate"":76.88206528928899,""protocol"":""GMX_V2"",""ranking"":{""avgDuration"":35.91075523571817,""avgLeverage"":80.58191539231461,""avgVolume"":99.95375590720774,""orderPositionRatio"":3.7337353824323145,""pnl"":99.9968325963841,""realisedAvgRoi"":83.07972988381962,""realisedMaxDrawdown"":10.058406922677342,""realisedMaxRoi"":88.55110288993906,""realisedPnl"":99.9968325963841,""realisedProfitLossRatio"":10.338405402323607,""realisedProfitRate"":70.83391402399624,""totalTrade"":99.80615489870644,""winRate"":75.83461085279176},""realisedAvgRoi"":3.6959595959595952,""realisedGainLossRatio"":5.186714182179757,""realisedMaxDrawdown"":-77.83,""realisedMaxDrawdownPnl"":-137716.4595333715,""realisedMaxPnl"":699699.3825214821,""realisedMaxRoi"":53.18,""realisedPnl"":4963215.1398226945,""realisedProfitLossRatio"":-0.8306846932397266,""realisedProfitRate"":83.8363310385276,""realisedTotalGain"":6148683.008861386,""realisedTotalLoss"":-1185467.8690386896,""runTimeDays"":352,""statisticAt"":""2024-10-08T10:59:57.150Z"",""totalFee"":1775152.0231926397,""totalGain"":4558892.2212905055,""totalLiquidation"":1,""totalLiquidationAmount"":-74885.81183515971,""totalLose"":41,""totalLoss"":-1370829.1046604498,""totalTrade"":297,""totalVolume"":945679609.9038,""totalWin"":256,""type"":""FULL"",""updatedAt"":""2025-03-25T03:08:32.266Z"",""winLoseRate"":6.2439024390243905,""winRate"":86.19528619528619},{""account"":""0xbBbc35dFAC3A00a03A8Fde3540eCA4f0e15C5e64"",""accountSearch"":[""0xbbbc35dfac3a00a03a8fde3540eca4f0e15c5e64"",""46e5c51e0f4ace0453edf8a30a00a3cafd53cbbbx0""],""avgDuration"":4373087.095888888,""avgLeverage"":0,""avgRoi"":0,""avgVolume"":1479687.7695333334,""createdAt"":""2025-01-19T00:55:46.549Z"",""gainLossRatio"":320905.3879254184,""id"":""678c4d926edf6f345146a199"",""indexTokens"":[""INJ"",""WLD"",""DYM"",""SOL"",""ENA"",""ONDO"",""POPCAT"",""TRUMP""],""lastTradeAt"":""2025-01-18T06:37:05.562Z"",""lastTradeAtTs"":1737182225562,""longRate"":11.11111111111111,""maxDuration"":9725945.1,""maxLeverage"":0,""maxPnl"":0,""maxRoi"":0,""minDuration"":123.104,""minLeverage"":null,""orderPositionRatio"":87.33333333333333,""pairs"":[""INJ-USDT"",""WLD-USDT"",""DYM-USDT"",""SOL-USDT"",""ENA-USDT"",""ONDO-USDT"",""POPCAT-USDT"",""TRUMP-USDT""],""pnl"":4541186.987976,""profitLossRatio"":-40113.1734906773,""profitRate"":99.99968838264441,""protocol"":""HYPERLIQUID"",""ranking"":{""avgDuration"":0.6836093412096034,""avgLeverage"":86.63913844903409,""avgVolume"":99.73221672302937,""orderPositionRatio"":0.40784336492546913,""pnl"":99.99709720024964,""realisedAvgRoi"":99.00506538556438,""realisedMaxDrawdown"":89.01653144457829,""realisedMaxRoi"":93.1595523882785,""realisedPnl"":99.99709720024964,""realisedProfitLossRatio"":0.010159799126257276,""realisedProfitRate"":90.16241164603261,""totalTrade"":46.026792841695816,""winRate"":89.29084602098725},""realisedAvgRoi"":23.863948203130924,""realisedGainLossRatio"":1098720.7211277098,""realisedMaxDrawdown"":-0.017833825934340623,""realisedMaxDrawdownPnl"":-4.1348210000000005,""realisedMaxPnl"":2139659.5060879993,""realisedMaxRoi"":43.68258558280223,""realisedPnl"":4543009.376033,""realisedProfitLossRatio"":-137340.09014096373,""realisedProfitRate"":99.99990898514332,""realisedTotalGain"":4543013.510853999,""realisedTotalLoss"":-4.1348210000000005,""runTimeDays"":380,""statisticAt"":""2025-01-22T01:36:40.251Z"",""totalFee"":1822.3880569999997,""totalGain"":4541201.139191,""totalLiquidation"":0,""totalLiquidationAmount"":0,""totalLose"":1,""totalLoss"":-14.151215,""totalTrade"":9,""totalVolume"":13317189.925800001,""totalWin"":8,""type"":""FULL"",""updatedAt"":""2025-03-25T03:28:41.183Z"",""winRate"":88.88888888888889},{""account"":""0x856c35038594767646266bC7fd68DC26480E910d"",""accountSearch"":[""0x856c35038594767646266bc7fd68dc26480e910d"",""d019e08462cd86df7cb66264676749583053c658x0""],""avgDuration"":166058.2994120879,""avgLeverage"":0,""avgRoi"":0,""avgVolume"":1134705.1138769283,""createdAt"":""2024-12-20T04:43:15.334Z"",""gainLossRatio"":2.5430985381473423,""id"":""6764f5e304474dadc4db4b3c"",""indexTokens"":[""ETH"",""BTC"",""HYPE"",""USUAL"",""TRUMP"",""MELANIA"",""BERA"",""TST"",""LAYER"",""SOL"",""IP"",""BNB""],""lastTradeAt"":""2025-03-19T03:52:40.748Z"",""lastTradeAtTs"":1742356360748,""longRate"":48.35164835164835,""maxDuration"":5554800.76,""maxLeverage"":0,""maxPnl"":0,""maxRoi"":0,""minDuration"":1.03,""minLeverage"":null,""orderPositionRatio"":1788.7802197802198,""pairs"":[""ETH-USDT"",""BTC-USDT"",""HYPE-USDT"",""USUAL-USDT"",""TRUMP-USDT"",""MELANIA-USDT"",""BERA-USDT"",""TST-USDT"",""LAYER-USDT"",""SOL-USDT"",""IP-USDT"",""BNB-USDT""],""pnl"":4506155.646594169,""profitLossRatio"":-2.2284884097167432,""profitRate"":71.77611660434113,""protocol"":""HYPERLIQUID"",""ranking"":{""avgDuration"":25.014151148783,""avgLeverage"":52.737340164588744,""avgVolume"":99.62118463257812,""orderPositionRatio"":0.011611199001436034,""pnl"":99.99637150031205,""realisedAvgRoi"":50.80480123078709,""realisedMaxDrawdown"":17.102570429178943,""realisedMaxRoi"":68.05033454767123,""realisedPnl"":99.99637150031205,""realisedProfitLossRatio"":11.717151192324996,""realisedProfitRate"":79.64774525029391,""totalTrade"":92.12470427727544,""winRate"":61.95663217172963},""realisedAvgRoi"":-0.02360948839199596,""realisedGainLossRatio"":2.5533435550104864,""realisedMaxDrawdown"":-24.069712909232795,""realisedMaxDrawdownPnl"":-1291498.636490005,""realisedMaxPnl"":4785987.349467953,""realisedMaxRoi"":12.275939163861306,""realisedPnl"":4523744.528039947,""realisedProfitLossRatio"":-2.237466001813313,""realisedProfitRate"":71.85749183779532,""realisedTotalGain"":7436007.248960951,""realisedTotalLoss"":-2912262.720921005,""runTimeDays"":106,""statisticAt"":""2025-03-23T03:22:11.614Z"",""totalFee"":17588.881445778155,""totalGain"":7426355.19004283,""totalLiquidation"":0,""totalLiquidationAmount"":0,""totalLose"":85,""totalLoss"":-2920199.5434486624,""totalTrade"":182,""totalVolume"":206516330.72560096,""totalWin"":97,""type"":""FULL"",""updatedAt"":""2025-03-25T03:28:06.627Z"",""winRate"":53.2967032967033},{""account"":""0x4210Ebe4d47F7a183a8FeF5A7aa64f8eD918Df83"",""accountSearch"":[""0x4210ebe4d47f7a183a8fef5a7aa64f8ed918df83"",""38fd819de8f46aa7a5fef8a381a7f74d4ebe0124x0""],""avgDuration"":1262448.7916666665,""avgLeverage"":11.113398078943735,""avgRoi"":51.334999999999994,""avgVolume"":7779666.4639,""createdAt"":""2024-03-07T03:43:45.440Z"",""gainLossRatio"":26.434898251197676,""id"":""65e937f1d8fb813a7022d2a2"",""indexTokens"":[""0x47c031236e19d024b42f8AE6780E44A573170703"",""0x70d95587d40A2caf56bd97485aB3Eec10Bee6336""],""lastTradeAt"":""2024-12-22T01:41:54.000Z"",""lastTradeAtTs"":1734831714000,""longRate"":100,""maxDrawdownPnl"":null,""maxDuration"":6185726,""maxLeverage"":14.99905471187083,""maxPnl"":2580397.592364128,""maxRoi"":259.25,""minDuration"":1871.3333333333333,""minLeverage"":8.983264602981862,""orderPositionRatio"":2.375,""pairs"":[""BTC-USDT"",""ETH-USDT""],""pnl"":3054022.1056661666,""profit"":531166.9482089933,""profitLossRatio"":-3.776414035885382,""profitRate"":96.35500744036351,""protocol"":""GMX_V2"",""ranking"":{""avgDuration"":12.702555461237324,""avgLeverage"":78.84934561441295,""avgVolume"":99.98859734698273,""orderPositionRatio"":9.572527207997055,""pnl"":99.99619911566091,""realisedAvgRoi"":97.32671134817367,""realisedMaxDrawdown"":26.145649887873912,""realisedMaxRoi"":98.66272219336366,""realisedPnl"":99.99619911566091,""realisedProfitLossRatio"":1.9169126683475022,""realisedProfitRate"":72.69317994653423,""totalTrade"":92.51035740982402,""winRate"":75.85995008171902},""realisedAvgRoi"":69.5275,""realisedGainLossRatio"":52.729618613887546,""realisedMaxDrawdown"":-9.44,""realisedMaxDrawdownPnl"":-85815.49728551797,""realisedMaxPnl"":3425063.7777214083,""realisedMaxRoi"":344.12,""realisedPnl"":4439202.945740947,""realisedProfitLossRatio"":-7.5328026591267925,""realisedProfitRate"":98.13882914899096,""realisedTotalGain"":4525018.443026464,""realisedTotalLoss"":-85815.49728551797,""runTimeDays"":319,""statisticAt"":""2024-12-23T02:44:43.748Z"",""totalFee"":1385180.84007478,""totalGain"":3174094.223726335,""totalLiquidation"":0,""totalLiquidationAmount"":0,""totalLose"":1,""totalLoss"":-120072.11806016797,""totalTrade"":8,""totalVolume"":62237331.7112,""totalWin"":7,""type"":""FULL"",""updatedAt"":""2025-03-25T03:09:26.865Z"",""winLoseRate"":1,""winRate"":87.5},{""account"":""0x324E265AeE8575660094222ea2330234053487f7"",""accountSearch"":[""0x324e265aee8575660094222ea2330234053487f7"",""7f7843504320332ae2224900665758eea562e423x0""],""avgDuration"":1261825.1944444445,""avgLeverage"":24.570629584819187,""avgRoi"":47.28916666666667,""avgVolume"":4062155.390441667,""createdAt"":""2023-11-28T03:28:49.881Z"",""gainLossRatio"":7.76120521152177,""id"":""65655e724350fb0b690f1a2b"",""indexTokens"":[""0x82aF49447D8a07e3bd95BD0d56f35241523fBab1"",""0xFa7F8980b0f1E64A2062791cc3b0871572f1F7f0"",""0x2f2a2543B76A4166549F7aaB2e75Bef0aefC5B0f"",""0xf97f4df75117a78c1A5a0DBb814Af92458539FB4""],""lastTradeAt"":""2024-01-11T12:04:29.000Z"",""lastTradeAtTs"":1704974669000,""longRate"":33.33333333333333,""maxDuration"":8786488.666666666,""maxLeverage"":47.619047625582375,""maxPnl"":2461999.0348,""maxRoi"":208.19,""minDuration"":13720.333333333334,""minLeverage"":5.466777666666667,""orderPositionRatio"":3.8333333333333335,""pairs"":[""ETH-USDT"",""UNI-USDT"",""BTC-USDT"",""LINK-USDT""],""pnl"":3436217.8626999995,""profitLossRatio"":-2.58706840384059,""profitRate"":88.58604523171184,""protocol"":""GMX"",""ranking"":{""avgDuration"":8.61818181818181,""avgLeverage"":86.76363636363637,""avgVolume"":99.91235431235431,""orderPositionRatio"":2.6778554778554735,""pnl"":99.9981351981352,""realisedAvgRoi"":97.53659673659674,""realisedMaxDrawdown"":16.693706293706292,""realisedMaxRoi"":98.15104895104895,""realisedPnl"":99.9972027972028,""realisedProfitLossRatio"":4.6209790209790205,""realisedProfitRate"":63.02564102564102,""totalTrade"":93.02097902097903,""winRate"":63.73519813519813},""realisedAvgRoi"":59.6025,""realisedGainLossRatio"":10.277963345832552,""realisedMaxDrawdown"":-81.24,""realisedMaxDrawdownPnl"":-253437.1996,""realisedMaxPnl"":3190638.1637,""realisedMaxRoi"":236.68,""realisedPnl"":4390021.2606999995,""realisedProfitLossRatio"":-3.4259877819441837,""realisedProfitRate"":91.13315082399588,""realisedTotalGain"":4863187.741,""realisedTotalLoss"":-473166.4803,""runTimeDays"":481,""statisticAt"":""2024-10-08T09:28:49.689Z"",""totalFee"":953803.3979999999,""totalGain"":3944443.5052,""totalLiquidation"":0,""totalLiquidationAmount"":0,""totalLose"":3,""totalLoss"":-508225.6425,""totalTrade"":12,""totalVolume"":48745864.6853,""totalWin"":9,""type"":""FULL"",""updatedAt"":""2025-03-25T02:57:10.545Z"",""winRate"":75}]
```",67e22e91493e52075a554377,2025-03-25T04:18:33.548Z
Locate a strong entry for trading.,"```trader
[{""account"":""0xe8c19dB00287e3536075114B2576c70773E039BD"",""accountSearch"":[""0xe8c19db00287e3536075114b2576c70773e039bd"",""db930e37707c6752b4115706353e78200bd91c8ex0""],""avgDuration"":349119.0822510824,""avgLeverage"":20.569931086590415,""avgRoi"":0.4259740259740272,""avgVolume"":20329931.90120259,""createdAt"":""2023-12-01T03:57:41.648Z"",""gainLossRatio"":1.0717645516953371,""id"":""656959b5d8fb813a702d75a4"",""indexTokens"":[""0x2f2a2543B76A4166549F7aaB2e75Bef0aefC5B0f"",""0x82aF49447D8a07e3bd95BD0d56f35241523fBab1""],""lastTradeAt"":""2023-05-10T01:24:00.000Z"",""lastTradeAtTs"":1683681840000,""longRate"":48.05194805194805,""maxDuration"":2650973.6666666665,""maxLeverage"":47.628481702693854,""maxPnl"":2915573.9909,""maxRoi"":225.43,""minDuration"":761.6666666666666,""minLeverage"":1.7967658215714286,""orderPositionRatio"":4.87012987012987,""pairs"":[""BTC-USDT"",""ETH-USDT""],""pnl"":1181502.4632000048,""profitLossRatio"":-0.8474417385498014,""profitRate"":51.73196687906964,""protocol"":""GMX"",""ranking"":{""avgDuration"":16.519347319347318,""avgLeverage"":83.9011655011655,""avgVolume"":99.9990675990676,""orderPositionRatio"":1.3818181818181898,""pnl"":99.99347319347319,""realisedAvgRoi"":88.85128205128206,""realisedMaxDrawdown"":13.931934731934732,""realisedMaxRoi"":98.18461538461538,""realisedPnl"":99.9990675990676,""realisedProfitLossRatio"":8.62843822843823,""realisedProfitRate"":58.26386946386947,""totalTrade"":99.13846153846154,""winRate"":57.484382284382285},""realisedAvgRoi"":11.172987012987017,""realisedGainLossRatio"":2.046475568443048,""realisedMaxDrawdown"":-100,""realisedMaxDrawdownPnl"":-1521216.0469,""realisedMaxPnl"":4238612.3302,""realisedMaxRoi"":238.79,""realisedPnl"":13885127.080000006,""realisedProfitLossRatio"":-1.61814347272241,""realisedProfitRate"":67.17518399430111,""realisedTotalGain"":27153594.5901,""realisedTotalLoss"":-13268467.510099996,""runTimeDays"":726,""statisticAt"":""2024-10-08T09:52:43.148Z"",""totalFee"":12703624.6168,""totalGain"":17645096.748800002,""totalLiquidation"":1,""totalLiquidationAmount"":-981650.4088,""totalLose"":34,""totalLoss"":-16463594.285600003,""totalTrade"":77,""totalVolume"":1565404756.3925993,""totalWin"":43,""type"":""FULL"",""updatedAt"":""2025-03-25T02:59:51.681Z"",""winRate"":55.84415584415584},{""account"":""dydx17fw57q8rkh0ryf8cwjzcqmpcn7u9nw600g265j"",""accountSearch"":[""dydx17fw57q8rkh0ryf8cwjzcqmpcn7u9nw600g265j"",""j562g006wn9u7ncpmqczjwc8fyr0hkr8q75wf71xdyd""],""avgDuration"":193780,""avgLeverage"":0,""avgRoi"":99.98995514422522,""avgVolume"":11100000,""createdAt"":""2024-10-19T06:49:20.355Z"",""gainLossRatio"":11098885.021009,""id"":""671356707ea9aacb53a564ec"",""indexTokens"":[""IO-USD""],""lastTradeAt"":""2024-09-09T17:15:10.220Z"",""lastTradeAtTs"":1725902110220,""longRate"":0,""maxDuration"":193780,""maxLeverage"":0,""maxPnl"":11098885.021009,""maxRoi"":99.98995514422522,""minDuration"":193780,""minLeverage"":null,""orderPositionRatio"":2,""pairs"":[""IO-USDT""],""pnl"":11098885.021009,""profitLossRatio"":0,""profitRate"":100,""protocol"":""DYDX"",""ranking"":{""avgDuration"":39.09918911648283,""avgLeverage"":20.241343530225585,""avgVolume"":99.96156950155644,""orderPositionRatio"":93.83190499980785,""pnl"":99.99615695015565,""realisedAvgRoi"":99.91160985357979,""realisedMaxDrawdown"":90.08493140156027,""realisedMaxRoi"":97.34829560739404,""realisedPnl"":99.99615695015565,""realisedProfitLossRatio"":76.36140040736329,""realisedProfitRate"":90.11183275047078,""totalTrade"":3.5625072057184584,""winRate"":90.32704354175473},""realisedAvgRoi"":99.99995516216215,""realisedGainLossRatio"":11099995.023,""realisedMaxDrawdown"":0,""realisedMaxDrawdownPnl"":0,""realisedMaxPnl"":11099995.023,""realisedMaxRoi"":99.99995516216215,""realisedPnl"":11099995.023,""realisedProfitLossRatio"":0,""realisedProfitRate"":100,""realisedTotalGain"":11099995.023,""realisedTotalLoss"":0,""runTimeDays"":198,""statisticAt"":""2025-03-24T03:01:12.437Z"",""totalFee"":1110.001991,""totalGain"":11098885.021009,""totalLiquidation"":0,""totalLiquidationAmount"":0,""totalLose"":0,""totalLoss"":0,""totalTrade"":1,""totalVolume"":11100000,""totalWin"":1,""type"":""FULL"",""updatedAt"":""2025-03-25T02:16:53.154Z"",""winRate"":100},{""account"":""0x92812499fF2c040f93121Aab684680a6e603C4A7"",""accountSearch"":[""0x92812499ff2c040f93121aab684680a6e603c4a7"",""7a4c306e6a086486baa12139f040c2ff99421829x0""],""avgDuration"":486998.7549019609,""avgLeverage"":16.646988270676644,""avgRoi"":11.726764705882355,""avgVolume"":14743250.886532353,""createdAt"":""2024-01-16T07:08:29.289Z"",""gainLossRatio"":2.717389971824128,""id"":""65a62b6dd2d3d9a9063b32b1"",""indexTokens"":[""0x70d95587d40A2caf56bd97485aB3Eec10Bee6336"",""0x47c031236e19d024b42f8AE6780E44A573170703"",""0xC25cEf6061Cf5dE5eb761b50E4743c1F5D7E5407"",""0x09400D9DB990D5ed3f35D7be61DfAEB900Af03C9""],""lastTradeAt"":""2024-03-15T03:28:22.000Z"",""lastTradeAtTs"":1710473302000,""longRate"":85.29411764705883,""maxDrawdownPnl"":null,""maxDuration"":7444696.333333333,""maxLeverage"":35.07829001143788,""maxPnl"":1920966.7612970076,""maxRoi"":102.47,""minDuration"":180.33333333333334,""minLeverage"":1.7303768977119591,""orderPositionRatio"":4.529411764705882,""pairs"":[""ETH-USDT"",""BTC-USDT"",""ARB-USDT"",""SOL-USDT""],""pnl"":6689975.654637141,""profit"":6689975.654637142,""profitLossRatio"":-1.1322458215933866,""profitRate"":73.09940556198093,""protocol"":""GMX_V2"",""ranking"":{""avgDuration"":17.857188105765943,""avgLeverage"":83.23746658389184,""avgVolume"":99.99429867349137,""orderPositionRatio"":1.4848788151376624,""pnl"":99.99936651927682,""realisedAvgRoi"":91.55000063348072,""realisedMaxDrawdown"":2.4167289589377794,""realisedMaxRoi"":93.85080262007627,""realisedPnl"":99.99936651927682,""realisedProfitLossRatio"":6.657882400638549,""realisedProfitRate"":70.17699451405693,""totalTrade"":97.51485512295861,""winRate"":74.39154176538409},""realisedAvgRoi"":19.139999999999993,""realisedGainLossRatio"":3.6608517728375864,""realisedMaxDrawdown"":-97.79,""realisedMaxDrawdownPnl"":-831320.6539834061,""realisedMaxPnl"":2174277.3076414876,""realisedMaxRoi"":117.27,""realisedPnl"":9504449.318347491,""realisedProfitLossRatio"":-1.5253549053489943,""realisedProfitRate"":78.54469421602766,""realisedTotalGain"":13076406.770232063,""realisedTotalLoss"":-3571957.451884572,""runTimeDays"":292,""statisticAt"":""2024-10-08T10:48:10.688Z"",""totalFee"":2814473.66371035,""totalGain"":10585407.539296037,""totalLiquidation"":5,""totalLiquidationAmount"":-2759393.7434158633,""totalLose"":10,""totalLoss"":-3895431.884658892,""totalTrade"":34,""totalVolume"":501270530.14210004,""totalWin"":24,""type"":""FULL"",""updatedAt"":""2025-03-25T03:07:26.900Z"",""winLoseRate"":2.4,""winRate"":70.58823529411765},{""account"":""dydx1ycklg0q3cxvt2khh675mefxxx3x53mufuhakxe"",""accountSearch"":[""dydx1ycklg0q3cxvt2khh675mefxxx3x53mufuhakxe"",""exkahufum35x3xxxfem576hhk2tvxc3q0glkcy1xdyd""],""avgDuration"":256059.2074829932,""avgLeverage"":0,""avgRoi"":1.1534639672572884,""avgVolume"":3374333.3420474674,""createdAt"":""2024-10-26T02:05:43.243Z"",""gainLossRatio"":1.9932167233330202,""id"":""671c4e77b8302d5c8914ff0a"",""indexTokens"":[""BTC-USD"",""ETH-USD"",""DOGE-USD"",""WLD-USD"",""SOL-USD"",""SUI-USD"",""XRP-USD"",""XLM-USD"",""ALGO-USD"",""LTC-USD"",""HBAR-USD"",""AAVE-USD"",""TRUMP-USD""],""lastTradeAt"":""2025-02-02T03:23:47.569Z"",""lastTradeAtTs"":1738466627569,""longRate"":50.34013605442177,""maxDuration"":2986039,""maxLeverage"":0,""maxPnl"":1268375.4459890015,""maxRoi"":32.39966224381019,""minDuration"":121,""minLeverage"":null,""orderPositionRatio"":319.8503401360544,""pairs"":[""BTC-USDT"",""ETH-USDT"",""DOGE-USDT"",""WLD-USDT"",""SOL-USDT"",""SUI-USDT"",""XRP-USDT"",""XLM-USDT"",""ALGO-USDT"",""LTC-USDT"",""HBAR-USDT"",""AAVE-USDT""],""pnl"":9217020.97249725,""profitLossRatio"":-1.7393037649466485,""profitRate"":66.59112612178394,""protocol"":""DYDX"",""ranking"":{""avgDuration"":35.15621997617309,""avgLeverage"":94.58898581914607,""avgVolume"":99.80400445793782,""orderPositionRatio"":0.23442604050573834,""pnl"":99.99231390031129,""realisedAvgRoi"":83.20202913031783,""realisedMaxDrawdown"":30.67906690749779,""realisedMaxRoi"":89.59302102148264,""realisedPnl"":99.99231390031129,""realisedProfitLossRatio"":18.846316436724184,""realisedProfitRate"":76.16156181545675,""totalTrade"":92.90572998731793,""winRate"":66.86138119211407},""realisedAvgRoi"":1.143951555770139,""realisedGainLossRatio"":1.984211873836163,""realisedMaxDrawdown"":-12.07839015410555,""realisedMaxDrawdownPnl"":-1009934.548000023,""realisedMaxPnl"":1266808.2620000015,""realisedMaxRoi"":32.380759371260815,""realisedPnl"":9155751.303017251,""realisedProfitLossRatio"":-1.731446030035378,""realisedProfitRate"":66.49031495493269,""realisedTotalGain"":18458373.580201216,""realisedTotalLoss"":-9302622.27718396,""runTimeDays"":159,""statisticAt"":""2025-03-24T03:21:05.116Z"",""totalFee"":-61269.66947999999,""totalGain"":18496990.546073206,""totalLiquidation"":0,""totalLiquidationAmount"":0,""totalLose"":137,""totalLoss"":-9279969.573575962,""totalTrade"":294,""totalVolume"":992054002.5619555,""totalWin"":157,""type"":""FULL"",""updatedAt"":""2025-03-25T02:16:59.478Z"",""winRate"":53.40136054421769},{""account"":""0x08c788aFdACF6cf81180D2bBBE42A7434D0C7A92"",""accountSearch"":[""0x08c788afdacf6cf81180d2bbbe42a7434d0c7a92"",""29a7c0d4347a24ebbb2d08118fc6fcadfa887c80x0""],""avgDuration"":274649.2833333333,""avgLeverage"":10.182521553945595,""avgRoi"":8.191,""avgVolume"":5535468.140316251,""createdAt"":""2024-01-16T04:13:35.829Z"",""gainLossRatio"":4.9681379828872,""id"":""65a6026fd2d3d9a906313930"",""indexTokens"":[""0x70d95587d40A2caf56bd97485aB3Eec10Bee6336"",""0xC25cEf6061Cf5dE5eb761b50E4743c1F5D7E5407"",""0x09400D9DB990D5ed3f35D7be61DfAEB900Af03C9"",""0x47c031236e19d024b42f8AE6780E44A573170703""],""lastTradeAt"":""2025-03-20T17:23:48.000Z"",""lastTradeAtTs"":1742491428000,""longRate"":65,""maxDrawdownPnl"":null,""maxDuration"":6186397.333333333,""maxLeverage"":25.096144520551327,""maxPnl"":2597856.326984033,""maxRoi"":260.95,""minDuration"":25.666666666666668,""minLeverage"":4.999625064713501,""orderPositionRatio"":2.2625,""pairs"":[""ETH-USDT"",""ARB-USDT"",""SOL-USDT"",""BTC-USDT""],""pnl"":6159337.642425984,""profit"":589962.2064800878,""profitLossRatio"":-2.258244537676,""profitRate"":83.24435522658223,""protocol"":""GMX_V2"",""ranking"":{""avgDuration"":21.946939654626306,""avgLeverage"":77.49052946318844,""avgVolume"":99.97656121324228,""orderPositionRatio"":10.792611080844807,""pnl"":99.99873303855364,""realisedAvgRoi"":89.49815657109555,""realisedMaxDrawdown"":9.075878321022692,""realisedMaxRoi"":98.6715909234882,""realisedPnl"":99.99873303855364,""realisedProfitLossRatio"":3.032472221870288,""realisedProfitRate"":71.49400093755148,""totalTrade"":98.90281138744949,""winRate"":74.24520771832913},""realisedAvgRoi"":12.367625,""realisedGainLossRatio"":8.575236471584049,""realisedMaxDrawdown"":-80.62,""realisedMaxDrawdownPnl"":-286594.0315254478,""realisedMaxPnl"":3442276.247029633,""realisedMaxRoi"":345.77,""realisedPnl"":8832654.632044537,""realisedProfitLossRatio"":-3.8978347598109306,""realisedProfitRate"":89.55639369359022,""realisedTotalGain"":9998645.247014415,""realisedTotalLoss"":-1165990.6149698785,""runTimeDays"":436,""statisticAt"":""2025-03-21T03:47:37.435Z"",""totalFee"":2673316.989618553,""totalGain"":7711536.09645869,""totalLiquidation"":1,""totalLiquidationAmount"":-39751.639840003736,""totalLose"":25,""totalLoss"":-1552198.4540327084,""totalTrade"":80,""totalVolume"":442837451.2253001,""totalWin"":55,""type"":""FULL"",""updatedAt"":""2025-03-25T03:05:25.970Z"",""winLoseRate"":0.8888888888888888,""winRate"":68.75},{""account"":""0x2446bEb3905CfFbd2c5eB18F1f9c2996B05257c4"",""accountSearch"":[""0x2446beb3905cffbd2c5eb18f1f9c2996b05257c4"",""4c75250b6992c9f1f81be5c2dbffc5093beb6442x0""],""avgDuration"":2633718.5333333337,""avgLeverage"":4.044919454517844,""avgRoi"":1.8659999999999992,""avgVolume"":3200379.1616,""createdAt"":""2024-12-12T08:18:06.567Z"",""gainLossRatio"":32.83506931520649,""id"":""675a9c3e71da4ef79cdd76b2"",""indexTokens"":[""0xB31f66AA3C1e785363F0875A1B74E27b85FD66c7"",""0x152b9d0FdC40C096757F570A51E494bd4b943E50""],""lastTradeAt"":""2024-08-30T05:07:24.000Z"",""lastTradeAtTs"":1724994444000,""longRate"":100,""maxDuration"":7451630.666666667,""maxLeverage"":7.985819578034285,""maxPnl"":1251576.5588999996,""maxRoi"":87.5,""minDuration"":2070.3333333333335,""minLeverage"":0.8757740987583297,""orderPositionRatio"":4.8,""pairs"":[""AVAX-USDT"",""BTC-USDT""],""pnl"":1927268.6414,""profitLossRatio"":-8.208767328801622,""profitRate"":97.04448662219654,""protocol"":""GMX_AVAX"",""ranking"":{""avgDuration"":0.465285350781528,""avgLeverage"":24.87095601599418,""avgVolume"":99.94910941475827,""orderPositionRatio"":3.213376953834967,""pnl"":99.99272991639404,""realisedAvgRoi"":94.54743729552891,""realisedMaxDrawdown"":5.190839694656488,""realisedMaxRoi"":81.19956379498365,""realisedPnl"":99.99272991639404,""realisedProfitLossRatio"":0.450745183569611,""realisedProfitRate"":79.2075608869502,""totalTrade"":60.479825517993454,""winRate"":76.93929480189023},""realisedAvgRoi"":31.116000000000003,""realisedGainLossRatio"":142.67669995308862,""realisedMaxDrawdown"":-100,""realisedMaxDrawdownPnl"":-60141.6699,""realisedMaxPnl"":7646209.2157,""realisedMaxRoi"":102.27,""realisedPnl"":8520673.3211,""realisedProfitLossRatio"":-35.669174988272154,""realisedProfitRate"":99.30399292277279,""realisedTotalGain"":8580814.991,""realisedTotalLoss"":-60141.6699,""runTimeDays"":1027,""statisticAt"":""2024-12-12T08:18:06.375Z"",""totalFee"":6593404.6797,""totalGain"":1987807.8103999998,""totalLiquidation"":1,""totalLiquidationAmount"":-60141.6699,""totalLose"":1,""totalLoss"":-60539.169,""totalTrade"":5,""totalVolume"":16001895.808,""totalWin"":4,""type"":""FULL"",""updatedAt"":""2025-03-25T03:00:46.597Z"",""winRate"":80},{""account"":""0x160A8D28D63961297e51E4f1a0401bf4D27f5162"",""accountSearch"":[""0x160a8d28d63961297e51e4f1a0401bf4d27f5162"",""2615f72d4fb1040a1f4e15e79216936d82d8a061x0""],""avgDuration"":376790.73170731706,""avgLeverage"":10.98462749919798,""avgRoi"":-6.692621951219513,""avgVolume"":4460605.33188396,""createdAt"":""2023-11-29T00:23:38.425Z"",""gainLossRatio"":1.3347057375361804,""id"":""656684954350fb0b694d5e91"",""indexTokens"":[""0x2B3bb4c683BFc5239B029131EEf3B1d214478d93"",""0x442b69937a0daf9D46439a71567fABE6Cb69FBaf"",""0x59b007E9ea8F89b069c43F8f45834d30853e3699"",""0x0EA09D97b4084d859328ec4bF8eBCF9ecCA26F1D"",""0x139F94E4f0e1101c1464a321CBA815c34d58B5D9"",""0x96690aAe7CB7c4A9b5Be5695E94d72827DeCC33f"",""0xaa94C874b91ef16C8B56A1c5B2F34E39366bD484"",""0xF9DD29D2Fd9B38Cd90E390C797F1B7E0523f43A9"",""0x5374761526175B59f1E583246E20639909E189cE"",""0x0940B0A96C5e1ba33AEE331a9f950Bb2a6F2Fb25"",""0xEAf0191bCa9DD417202cEf2B18B7515ABff1E196"",""0x2C5E2148bF3409659967FE3684fd999A76171235"",""0x69F5F465a46f324Fb7bf3fD7c0D5c00f7165C7Ea"",""0xf7d9Bd13F877171f6C7f93F71bdf8e380335dc12"",""0xc203A12F298CE73E44F7d45A4f59a43DBfFe204D"",""0x31A1659Ca00F617E86Dc765B6494Afe70a5A9c1A"",""0x509072A5aE4a87AC89Fc8D64D94aDCb44Bd4b88e"",""0x3D3f34416f60f77A0a6cC8e32abe45D32A7497cb"",""0x6110DF298B411a46d6edce72f5CAca9Ad826C1De"",""0x074B8F19fc91d6B2eb51143E1f186Ca0DDB88042"",""0x852210F0616aC226A486ad3387DBF990e690116A"",""0x98cCbC721cc05E28a125943D69039B39BE6A21e9"",""0x35B0ed8473e7943d31Ee1eeeAd06C8767034Ce39"",""0xC18f85A6DD3Bcd0516a1CA08d3B1f0A4E191A2C4"",""0x09F9d7aaa6Bef9598c3b676c0E19C9786Aa566a8"",""0x66fc48720f09Ac386608FB65ede53Bb220D0D5Bc""],""lastTradeAt"":""2024-04-12T18:33:11.000Z"",""lastTradeAtTs"":1712946791000,""longRate"":85.36585365853658,""maxDuration"":2599166,""maxLeverage"":37.638590501515424,""maxPnl"":2331080.7975350968,""maxRoi"":263.18,""minDuration"":24,""minLeverage"":2.416528140035684,""orderPositionRatio"":6.664634146341464,""pairs"":[""ETH-USDT"",""OP-USDT"",""BTC-USDT"",""SOL-USDT"",""DYDX-USDT"",""BCH-USDT"",""LDO-USDT"",""ADA-USDT"",""AAVE-USDT"",""BNB-USDT"",""RUNE-USDT"",""FIL-USDT"",""SHIB-USDT"",""MKR-USDT"",""AVAX-USDT"",""LINK-USDT"",""ARB-USDT"",""PEPE-USDT"",""XRP-USDT"",""MATIC-USDT"",""INJ-USDT"",""DOGE-USDT"",""TIA-USDT"",""FTM-USDT"",""SUI-USDT"",""SEI-USDT""],""pnl"":5188376.667858058,""profitLossRatio"":-0.9454165640881279,""profitRate"":57.168049749374326,""protocol"":""KWENTA"",""ranking"":{""avgDuration"":24.876360039564787,""avgLeverage"":64.04549950544016,""avgVolume"":99.86152324431256,""orderPositionRatio"":4.530168150346185,""pnl"":99.98021760633037,""realisedAvgRoi"":79.02077151335311,""realisedMaxDrawdown"":15.272007912957466,""realisedMaxRoi"":95.78635014836794,""realisedPnl"":99.99010880316519,""realisedProfitLossRatio"":19.901088031651827,""realisedProfitRate"":64.4114737883284,""totalTrade"":96.89416419386745,""winRate"":60.781404549950544},""realisedAvgRoi"":6.750548780487803,""realisedGainLossRatio"":1.6534899672343848,""realisedMaxDrawdown"":-90.16,""realisedMaxDrawdownPnl"":-2395191.615180381,""realisedMaxPnl"":2778108.54530501,""realisedMaxRoi"":282.07,""realisedPnl"":8443307.417229064,""realisedProfitLossRatio"":-1.171222060124356,""realisedProfitRate"":62.3137825147967,""realisedTotalGain"":21363639.542543452,""realisedTotalLoss"":-12920332.125314385,""runTimeDays"":418,""statisticAt"":""2024-10-08T09:57:23.613Z"",""totalFee"":3254930.749371006,""totalGain"":20689684.491412215,""totalLiquidation"":38,""totalLiquidationAmount"":-9067435.95621334,""totalLose"":68,""totalLoss"":-15501307.823554156,""totalTrade"":164,""totalVolume"":731539274.4289695,""totalWin"":96,""type"":""FULL"",""updatedAt"":""2025-03-25T03:01:27.935Z"",""winRate"":58.536585365853654},{""account"":""0xd8b07BC1bC3bAe553BCA5E94E99935dC12Df24Ff"",""accountSearch"":[""0xd8b07bc1bc3bae553bca5e94e99935dc12df24ff"",""ff42fd21cd53999e49e5acb355eab3cb1cb70b8dx0""],""avgDuration"":1666167.146666666,""avgLeverage"":0,""avgRoi"":0,""avgVolume"":92612.69526350002,""createdAt"":""2024-11-25T03:41:53.703Z"",""gainLossRatio"":29.76327314338079,""id"":""6743f2013e07193713b51d50"",""indexTokens"":[""BTC"",""ZRO"",""kPEPE"",""ETH"",""ZK"",""MKR"",""WLD"",""kSHIB"",""WIF"",""SOL"",""POPCAT"",""JUP"",""kBONK"",""UMA"",""ALT"",""TURBO"",""BLUR"",""PENDLE"",""MEW"",""STX"",""DOGE"",""BCH"",""TAO"",""ONDO"",""XRP"",""SEI"",""STG"",""SUI"",""SAGA"",""AAVE"",""CRV"",""BOME"",""LDO"",""TRX"",""IO"",""XAI"",""BNB"",""TIA"",""AR"",""NEAR"",""FET"",""RENDER"",""AI"",""NOT"",""RUNE"",""FIL"",""RLB"",""ENA"",""INJ"",""BIGTIME"",""ORDI"",""PIXEL"",""SUPER"",""kLUNC"",""TON"",""ENS"",""UNI"",""APE"",""BRETT"",""W"",""MANTA"",""JTO"",""MERL"",""STRK"",""BLAST"",""FTM"",""LTC"",""MOVE"",""KAITO""],""lastTradeAt"":""2025-03-19T17:53:26.860Z"",""lastTradeAtTs"":1742406806860,""longRate"":55.371900826446286,""maxDuration"":17637001.72,""maxLeverage"":0,""maxPnl"":0,""maxRoi"":0,""minDuration"":7.892,""minLeverage"":null,""orderPositionRatio"":17.355371900826448,""pairs"":[""BTC-USDT"",""ZRO-USDT"",""1000PEPE-USDT"",""ETH-USDT"",""ZK-USDT"",""MKR-USDT"",""WLD-USDT"",""1000SHIB-USDT"",""WIF-USDT"",""SOL-USDT"",""POPCAT-USDT"",""JUP-USDT"",""1000BONK-USDT"",""UMA-USDT"",""ALT-USDT"",""TURBO-USDT"",""BLUR-USDT"",""PENDLE-USDT"",""MEW-USDT"",""STX-USDT"",""DOGE-USDT"",""BCH-USDT"",""TAO-USDT"",""ONDO-USDT"",""XRP-USDT"",""SEI-USDT"",""STG-USDT"",""SUI-USDT"",""SAGA-USDT"",""AAVE-USDT"",""CRV-USDT"",""BOME-USDT"",""LDO-USDT"",""TRX-USDT"",""IO-USDT"",""XAI-USDT"",""BNB-USDT"",""TIA-USDT"",""AR-USDT"",""NEAR-USDT"",""FET-USDT"",""RENDER-USDT"",""AI-USDT"",""NOT-USDT"",""RUNE-USDT"",""FIL-USDT"",""RLB-USDT"",""ENA-USDT"",""INJ-USDT"",""BIGTIME-USDT"",""ORDI-USDT"",""PIXEL-USDT"",""SUPER-USDT"",""1000LUNC-USDT"",""TON-USDT"",""ENS-USDT"",""UNI-USDT"",""APE-USDT"",""BRETT-USDT"",""W-USDT"",""MANTA-USDT"",""JTO-USDT"",""MERL-USDT"",""STRK-USDT"",""BLAST-USDT"",""FTM-USDT"",""LTC-USDT"",""MOVE-USDT"",""KAITO-USDT""],""pnl"":6695864.537907611,""profitLossRatio"":-17.62299067700178,""profitRate"":96.74937060390414,""protocol"":""HYPERLIQUID"",""ranking"":{""avgDuration"":3.1067214328219563,""avgLeverage"":92.44183515000218,""avgVolume"":95.13127911871,""orderPositionRatio"":2.193790911333977,""pnl"":99.99927430006241,""realisedAvgRoi"":97.59720750664015,""realisedMaxDrawdown"":0.04209059638020871,""realisedMaxRoi"":99.9499267043063,""realisedPnl"":99.99927430006241,""realisedProfitLossRatio"":1.6444360585784987,""realisedProfitRate"":88.42363459556742,""totalTrade"":96.42447640749504,""winRate"":74.14476262355042},""realisedAvgRoi"":13.106302357924287,""realisedGainLossRatio"":30.459032818692986,""realisedMaxDrawdown"":-816.1685294018178,""realisedMaxDrawdownPnl"":-40829.828346,""realisedMaxPnl"":426784.1173270001,""realisedMaxRoi"":1098.5933552074068,""realisedPnl"":6790924.070216999,""realisedProfitLossRatio"":-18.034953642647164,""realisedProfitRate"":96.8212627331448,""realisedTotalGain"":7021445.0147440005,""realisedTotalLoss"":-230520.94452700007,""runTimeDays"":278,""statisticAt"":""2025-03-23T03:24:40.340Z"",""totalFee"":95059.5323093888,""totalGain"":6928656.699791611,""totalLiquidation"":0,""totalLiquidationAmount"":0,""totalLose"":135,""totalLoss"":-232792.16188400003,""totalTrade"":363,""totalVolume"":33618408.380650505,""totalWin"":228,""type"":""FULL"",""updatedAt"":""2025-03-25T03:27:43.488Z"",""winRate"":62.8099173553719},{""account"":""0x5D2F4460Ac3514AdA79f5D9838916E508Ab39Bb7"",""accountSearch"":[""0x5d2f4460ac3514ada79f5d9838916e508ab39bb7"",""7bb93ba805e6198389d5f97ada4153ca0644f2d5x0""],""avgDuration"":4709651.956,""avgLeverage"":0,""avgRoi"":0,""avgVolume"":55875840.14078021,""createdAt"":""2025-03-18T03:42:12.408Z"",""gainLossRatio"":6195188.626884998,""id"":""67d8eb94007b82f96f2d2d90"",""indexTokens"":[""BTC""],""lastTradeAt"":""2025-03-17T18:22:31.155Z"",""lastTradeAtTs"":1742235751155,""longRate"":0,""maxDuration"":4709651.956,""maxLeverage"":0,""maxPnl"":0,""maxRoi"":0,""minDuration"":4709651.956,""minLeverage"":null,""orderPositionRatio"":230,""pairs"":[""BTC-USDT""],""pnl"":6195188.626884998,""profitLossRatio"":0,""profitRate"":100,""protocol"":""HYPERLIQUID"",""ranking"":{""avgDuration"":0.5950739488236394,""avgLeverage"":36.573099754713425,""avgVolume"":99.99927430006241,""orderPositionRatio"":0.14368858764277093,""pnl"":99.99854860012482,""realisedAvgRoi"":97.08994325026488,""realisedMaxDrawdown"":93.74954643753901,""realisedMaxRoi"":65.60690285780636,""realisedPnl"":99.99854860012482,""realisedProfitLossRatio"":85.45189335113717,""realisedProfitRate"":93.77422023541706,""totalTrade"":5.066836964252021,""winRate"":93.8068767326086},""realisedAvgRoi"":11.101925241185965,""realisedGainLossRatio"":6203294.000313998,""realisedMaxDrawdown"":0,""realisedMaxDrawdownPnl"":0,""realisedMaxPnl"":6203294.000313998,""realisedMaxRoi"":11.101925241185965,""realisedPnl"":6203294.000313998,""realisedProfitLossRatio"":0,""realisedProfitRate"":100,""realisedTotalGain"":6203294.000313998,""realisedTotalLoss"":0,""runTimeDays"":58,""statisticAt"":""2025-03-21T03:41:57.174Z"",""totalFee"":8105.373429000005,""totalGain"":6195188.626884998,""totalLiquidation"":0,""totalLiquidationAmount"":0,""totalLose"":0,""totalLoss"":0,""totalTrade"":1,""totalVolume"":55875840.14078021,""totalWin"":1,""type"":""FULL"",""updatedAt"":""2025-03-25T03:29:28.048Z"",""winRate"":100},{""account"":""0x0d21f939c96a13CcB9CcCBF2911545D009a2E34a"",""accountSearch"":[""0x0d21f939c96a13ccb9cccbf2911545d009a2e34a"",""a43e2a900d5451192fbccc9bcc31a69c939f12d0x0""],""avgDuration"":235984.30116666667,""avgLeverage"":0,""avgRoi"":0,""avgVolume"":12144836.347892037,""createdAt"":""2024-12-25T03:55:37.963Z"",""gainLossRatio"":5814139.808091942,""id"":""676b823a04474dadc4f4e8bd"",""indexTokens"":[""HYPE""],""lastTradeAt"":""2025-01-18T03:17:24.047Z"",""lastTradeAtTs"":1737170244047,""longRate"":33.33333333333333,""maxDuration"":521828.069,""maxLeverage"":0,""maxPnl"":0,""maxRoi"":0,""minDuration"":14402.825,""minLeverage"":null,""orderPositionRatio"":662.1666666666666,""pairs"":[""HYPE-USDT""],""pnl"":5814139.808091942,""profitLossRatio"":0,""profitRate"":100,""protocol"":""HYPERLIQUID"",""ranking"":{""avgDuration"":19.479237724785563,""avgLeverage"":6.0791883771898,""avgVolume"":99.99201730068651,""orderPositionRatio"":0.045719096068154386,""pnl"":99.99782290018723,""realisedAvgRoi"":97.58777340745148,""realisedMaxDrawdown"":90.72918329729023,""realisedMaxRoi"":92.28072976385724,""realisedPnl"":99.99782290018723,""realisedProfitLossRatio"":78.52944164646803,""realisedProfitRate"":90.76982249379526,""totalTrade"":36.03027620139624,""winRate"":90.80901029042512},""realisedAvgRoi"":13.066344776073997,""realisedGainLossRatio"":5819917.3390879985,""realisedMaxDrawdown"":0,""realisedMaxDrawdownPnl"":0,""realisedMaxPnl"":1910576.944848,""realisedMaxRoi"":40.723143432442384,""realisedPnl"":5819917.3390879985,""realisedProfitLossRatio"":0,""realisedProfitRate"":100,""realisedTotalGain"":5819917.3390879985,""realisedTotalLoss"":0,""runTimeDays"":51,""statisticAt"":""2025-01-22T00:58:15.810Z"",""totalFee"":5777.53099605599,""totalGain"":5814139.808091942,""totalLiquidation"":0,""totalLiquidationAmount"":0,""totalLose"":0,""totalLoss"":0,""totalTrade"":6,""totalVolume"":72869018.08735222,""totalWin"":6,""type"":""FULL"",""updatedAt"":""2025-03-25T03:28:08.677Z"",""winRate"":100},{""account"":""0x7Ab8C59Db7b959Bb8C3481d5b9836dfbc939AF21"",""accountSearch"":[""0x7ab8c59db7b959bb8c3481d5b9836dfbc939af21"",""12fa939cbfd6389b5d1843c8bb959b7bd95c8ba7x0""],""avgDuration"":36157.97435897436,""avgLeverage"":36.89851286330657,""avgRoi"":0.14538461538461597,""avgVolume"":17094846.20426923,""createdAt"":""2025-01-15T02:36:42.266Z"",""gainLossRatio"":3.6749451975142304,""id"":""67871f3a100f52533c66e5f6"",""indexTokens"":[""0x47c031236e19d024b42f8AE6780E44A573170703"",""0x0CCB4fAa6f1F1B30911619f1184082aB4E25813c"",""0x09400D9DB990D5ed3f35D7be61DfAEB900Af03C9"",""0xFec8f404FBCa3b11aFD3b3f0c57507C2a06dE636"",""0x70d95587d40A2caf56bd97485aB3Eec10Bee6336"",""0x7f1fa204bb700853D36994DA19F830b6Ad18455C""],""lastTradeAt"":""2025-01-27T07:36:16.000Z"",""lastTradeAtTs"":1737963376000,""longRate"":3.8461538461538463,""maxDuration"":161581.66666666666,""maxLeverage"":99.86163397441378,""maxPnl"":1140350.1700121288,""maxRoi"":102.96,""minDuration"":799,""minLeverage"":1.5359038108963894,""orderPositionRatio"":5.115384615384615,""pairs"":[""BTC-USDT"",""XRP-USDT"",""SOL-USDT"",""ETH-USDT"",""LINK-USDT""],""pnl"":5042478.00966149,""profitLossRatio"":-1.9455592222134162,""profitRate"":78.60937491776968,""protocol"":""GMX_V2"",""ranking"":{""avgDuration"":36.94839666028963,""avgLeverage"":92.7206730099203,""avgVolume"":99.99619911566091,""orderPositionRatio"":1.0636141342218934,""pnl"":99.99746607710728,""realisedAvgRoi"":86.94459577595055,""realisedMaxDrawdown"":2.2995350251491846,""realisedMaxRoi"":93.27686908487375,""realisedPnl"":99.99809955783046,""realisedProfitLossRatio"":4.7124630997478745,""realisedProfitRate"":70.51210581662,""totalTrade"":96.84843340217158,""winRate"":72.73942403932648},""realisedAvgRoi"":7.880384615384615,""realisedGainLossRatio"":4.34432932205963,""realisedMaxDrawdown"":-98.26,""realisedMaxDrawdownPnl"":-810393.7898924444,""realisedMaxPnl"":1179361.0145522887,""realisedMaxRoi"":106.48,""realisedPnl"":5813694.9327274,""realisedProfitLossRatio"":-2.299939052855098,""realisedProfitRate"":81.28857823427292,""realisedTotalGain"":7552068.870479139,""realisedTotalLoss"":-1738373.9377517384,""runTimeDays"":14,""statisticAt"":""2025-01-28T02:56:25.483Z"",""totalFee"":771216.92306591,""totalGain"":6927555.137352688,""totalLiquidation"":9,""totalLiquidationAmount"":-1738373.9377517384,""totalLose"":9,""totalLoss"":-1885077.1276911981,""totalTrade"":26,""totalVolume"":444466001.311,""totalWin"":17,""type"":""FULL"",""updatedAt"":""2025-03-25T03:13:08.422Z"",""winRate"":65.38461538461539},{""account"":""0x1640e916e10610Ba39aAC5Cd8a08acF3cCae1A4c"",""accountSearch"":[""0x1640e916e10610ba39aac5cd8a08acf3ccae1a4c"",""c4a1eacc3fca80a8dc5caa93ab01601e619e0461x0""],""avgDuration"":331768.2657657658,""avgLeverage"":13.40098117103464,""avgRoi"":11.362297297297296,""avgVolume"":7166631.118270271,""createdAt"":""2024-11-13T02:58:43.750Z"",""gainLossRatio"":3.5393308575872493,""id"":""673415e33c79f8ef10829365"",""indexTokens"":[""0x7f1fa204bb700853D36994DA19F830b6Ad18455C"",""0x6Ecf2133E2C9751cAAdCb6958b9654baE198a797"",""0x09400D9DB990D5ed3f35D7be61DfAEB900Af03C9"",""0x2b477989A149B17073D9C9C82eC9cB03591e20c6"",""0x6853EA96FF216fAb11D2d930CE3C508556A4bdc4"",""0x63Dc80EE90F26363B3FCD609007CC9e14c8991BE"",""0x70d95587d40A2caf56bd97485aB3Eec10Bee6336"",""0x47c031236e19d024b42f8AE6780E44A573170703"",""0x0CCB4fAa6f1F1B30911619f1184082aB4E25813c"",""0xD9535bB5f58A1a75032416F2dFe7880C30575a41""],""lastTradeAt"":""2025-03-24T14:12:24.000Z"",""lastTradeAtTs"":1742825544000,""longRate"":39.189189189189186,""maxDuration"":6019637.333333333,""maxLeverage"":50.917723442679836,""maxPnl"":1700089.4276074253,""maxRoi"":251.7,""minDuration"":24.666666666666668,""minLeverage"":2.502710194071636,""orderPositionRatio"":14.986486486486486,""pairs"":[""LINK-USDT"",""SUI-USDT"",""SOL-USDT"",""PEPE-USDT"",""DOGE-USDT"",""NEAR-USDT"",""ETH-USDT"",""BTC-USDT"",""XRP-USDT"",""LTC-USDT""],""pnl"":5246241.119256009,""profitLossRatio"":-2.848729714643396,""profitRate"":77.97032136733209,""protocol"":""GMX_V2"",""ranking"":{""avgDuration"":20.63880196125632,""avgLeverage"":80.65413219475731,""avgVolume"":99.9828960204741,""orderPositionRatio"":0.11085912655678953,""pnl"":99.99809955783046,""realisedAvgRoi"":89.6717302892473,""realisedMaxDrawdown"":3.088218525510269,""realisedMaxRoi"":97.82526067731759,""realisedPnl"":99.99746607710728,""realisedProfitLossRatio"":3.5126506100419363,""realisedProfitRate"":70.38350922981414,""totalTrade"":98.7989205488477,""winRate"":71.2216042265834},""realisedAvgRoi"":12.752432432432432,""realisedGainLossRatio"":4.035225945442763,""realisedMaxDrawdown"":-95.77,""realisedMaxDrawdownPnl"":-333259.1215487849,""realisedMaxPnl"":1719279.5124256553,""realisedMaxRoi"":257.04,""realisedPnl"":5714075.15161379,""realisedProfitLossRatio"":-3.24786478535637,""realisedProfitRate"":80.13991803277327,""realisedTotalGain"":7596661.573291287,""realisedTotalLoss"":-1882586.4216774974,""runTimeDays"":133,""statisticAt"":""2025-03-25T03:02:18.918Z"",""totalFee"":467834.03235778003,""totalGain"":7312234.6480554575,""totalLiquidation"":4,""totalLiquidationAmount"":54305.257947032966,""totalLose"":33,""totalLoss"":-2065993.528799448,""totalTrade"":74,""totalVolume"":530330702.7520001,""totalWin"":41,""type"":""FULL"",""updatedAt"":""2025-03-25T03:12:45.001Z"",""winRate"":55.4054054054054},{""account"":""0x3B7424D5CC87dc2B670F4c99540f7380de3D5880"",""accountSearch"":[""0x3b7424d5cc87dc2b670f4c99540f7380de3d5880"",""0885d3ed0837f04599c4f076b2cd78cc5d4247b3x0""],""avgDuration"":1448482.7878787876,""avgLeverage"":16.25961692314543,""avgRoi"":16.226363636363633,""avgVolume"":12536543.168936364,""createdAt"":""2023-11-28T04:03:30.299Z"",""gainLossRatio"":29.19008593326054,""id"":""656566924350fb0b6911f804"",""indexTokens"":[""0x2f2a2543B76A4166549F7aaB2e75Bef0aefC5B0f""],""lastTradeAt"":""2024-01-28T04:44:46.000Z"",""lastTradeAtTs"":1706417086000,""longRate"":100,""maxDuration"":6988200,""maxLeverage"":47.08912320693513,""maxPnl"":1133145.3381,""maxRoi"":73.12,""minDuration"":472.6666666666667,""minLeverage"":2.0987430966912832,""orderPositionRatio"":5.181818181818182,""pairs"":[""BTC-USDT""],""pnl"":3458580.7130999994,""profitLossRatio"":-2.9190085933260543,""profitRate"":96.6876543438444,""protocol"":""GMX"",""ranking"":{""avgDuration"":7.8340326340326385,""avgLeverage"":79.33426573426573,""avgVolume"":99.9972027972028,""orderPositionRatio"":1.0358974358974393,""pnl"":99.9990675990676,""realisedAvgRoi"":93.56083916083917,""realisedMaxDrawdown"":23.343589743589742,""realisedMaxRoi"":91.05174825174825,""realisedPnl"":99.9981351981352,""realisedProfitLossRatio"":3.2932400932400934,""realisedProfitRate"":64.63496503496503,""totalTrade"":92.52960372960372,""winRate"":65.95990675990676},""realisedAvgRoi"":24.11,""realisedGainLossRatio"":54.17586579634835,""realisedMaxDrawdown"":-44.16,""realisedMaxDrawdownPnl"":-101123.1858,""realisedMaxPnl"":1848553.9118,""realisedMaxRoi"":76.92,""realisedPnl"":5377312.9569999995,""realisedProfitLossRatio"":-5.417586579634835,""realisedProfitRate"":98.1876133966054,""realisedTotalGain"":5478436.1428,""realisedTotalLoss"":-101123.1858,""runTimeDays"":513,""statisticAt"":""2024-10-08T09:30:23.781Z"",""totalFee"":1918732.2439000001,""totalGain"":3581268.5516999997,""totalLiquidation"":0,""totalLiquidationAmount"":0,""totalLose"":1,""totalLoss"":-122687.8386,""totalTrade"":11,""totalVolume"":137901974.8583,""totalWin"":10,""type"":""FULL"",""updatedAt"":""2025-03-25T02:57:23.629Z"",""winRate"":90.9090909090909},{""account"":""0x1dc67aDaf9f163c5b1A95043addBDFA1AF58e512"",""accountSearch"":[""0x1dc67adaf9f163c5b1a95043addbdfa1af58e512"",""215e85fa1afdbdda34059a1b5c361f9fada76cd1x0""],""avgDuration"":1133625,""avgLeverage"":4.047076489636106,""avgRoi"":28.140909090909087,""avgVolume"":6089362.346329395,""createdAt"":""2024-03-18T00:21:55.215Z"",""gainLossRatio"":264.8792703360966,""id"":""65f78923c7392568e6777af7"",""indexTokens"":[""0x59b007E9ea8F89b069c43F8f45834d30853e3699"",""0x3D3f34416f60f77A0a6cC8e32abe45D32A7497cb"",""0x442b69937a0daf9D46439a71567fABE6Cb69FBaf"",""0x98cCbC721cc05E28a125943D69039B39BE6A21e9"",""0xC18f85A6DD3Bcd0516a1CA08d3B1f0A4E191A2C4"",""0x91cc4a83d026e5171525aFCAEd020123A653c2C9"",""0x31A1659Ca00F617E86Dc765B6494Afe70a5A9c1A"",""0x2C5E2148bF3409659967FE3684fd999A76171235"",""0xEAf0191bCa9DD417202cEf2B18B7515ABff1E196"",""0xc203A12F298CE73E44F7d45A4f59a43DBfFe204D"",""0x0EA09D97b4084d859328ec4bF8eBCF9ecCA26F1D"",""0x2B3bb4c683BFc5239B029131EEf3B1d214478d93""],""lastTradeAt"":""2024-08-25T15:21:49.000Z"",""lastTradeAtTs"":1724599309000,""longRate"":13.636363636363635,""maxDuration"":3639680,""maxLeverage"":10.253135530359422,""maxPnl"":1366207.8292106611,""maxRoi"":122.77,""minDuration"":36,""minLeverage"":1.0147739146219488,""orderPositionRatio"":50.40909090909091,""pairs"":[""BTC-USDT"",""PEPE-USDT"",""OP-USDT"",""DOGE-USDT"",""FTM-USDT"",""RNDR-USDT"",""LINK-USDT"",""FIL-USDT"",""RUNE-USDT"",""AVAX-USDT"",""SOL-USDT"",""ETH-USDT""],""pnl"":5268830.39610391,""profitLossRatio"":-26.48792703360966,""profitRate"":99.62388944473335,""protocol"":""KWENTA"",""ranking"":{""avgDuration"":11.62215628090999,""avgLeverage"":31.54302670623145,""avgVolume"":99.93076162215628,""orderPositionRatio"":0.18793273986152315,""pnl"":99.99010880316519,""realisedAvgRoi"":93.3135509396637,""realisedMaxDrawdown"":52.70029673590505,""realisedMaxRoi"":84.41147378832838,""realisedPnl"":99.98021760633037,""realisedProfitLossRatio"":0.9792284866468843,""realisedProfitRate"":78.02176063303659,""totalTrade"":81.59248269040555,""winRate"":78.02176063303659},""realisedAvgRoi"":27.41909090909091,""realisedGainLossRatio"":318.4411840760663,""realisedMaxDrawdown"":-20.14,""realisedMaxDrawdownPnl"":-16122.776799378187,""realisedMaxPnl"":1272603.056976339,""realisedMaxRoi"":114.24,""realisedPnl"":5366510.275571039,""realisedProfitLossRatio"":-31.844118407606626,""realisedProfitRate"":99.68695332666879,""realisedTotalGain"":5383415.801837867,""realisedTotalLoss"":-16905.526266828372,""runTimeDays"":216,""statisticAt"":""2024-10-08T09:57:41.840Z"",""totalFee"":97679.87946712898,""totalGain"":5288797.218012251,""totalLiquidation"":0,""totalLiquidationAmount"":0,""totalLose"":2,""totalLoss"":-19966.82190834137,""totalTrade"":22,""totalVolume"":133965971.61924668,""totalWin"":20,""type"":""FULL"",""updatedAt"":""2025-03-25T03:01:42.517Z"",""winRate"":90.9090909090909},{""account"":""0xe8c19dB00287e3536075114B2576c70773E039BD"",""accountSearch"":[""0xe8c19db00287e3536075114b2576c70773e039bd"",""db930e37707c6752b4115706353e78200bd91c8ex0""],""avgDuration"":51512.13636363636,""avgLeverage"":26.9262729037064,""avgRoi"":2.457727272727271,""avgVolume"":5642654.12441818,""createdAt"":""2024-12-12T08:29:33.648Z"",""gainLossRatio"":1.1726395031579069,""id"":""675a9eed71da4ef79ce2460c"",""indexTokens"":[""0x152b9d0FdC40C096757F570A51E494bd4b943E50"",""0x49D5c2BdFfac6CE2BFdB6640F4F80f226bc10bAB"",""0x50b7545627a5162F82A992c33b87aDc75187B218""],""lastTradeAt"":""2023-07-14T13:50:17.000Z"",""lastTradeAtTs"":1689342617000,""longRate"":47.72727272727273,""maxDuration"":457744.3333333333,""maxLeverage"":47.678878961330625,""maxPnl"":1573638.3636000003,""maxRoi"":609.41,""minDuration"":167.33333333333334,""minLeverage"":5.752211583105002,""orderPositionRatio"":3.0568181818181817,""pairs"":[""BTC-USDT"",""ETH-USDT"",""WBTC-USDT""],""pnl"":860886.4155000001,""profitLossRatio"":-1.284319455839612,""profitRate"":53.97303609059343,""protocol"":""GMX_AVAX"",""ranking"":{""avgDuration"":17.05561613958561,""avgLeverage"":80.93784078516903,""avgVolume"":99.98545983278808,""orderPositionRatio"":10.112686295892402,""pnl"":99.9781897491821,""realisedAvgRoi"":91.15957833515085,""realisedMaxDrawdown"":34.81643038894947,""realisedMaxRoi"":99.83278807706289,""realisedPnl"":99.98545983278808,""realisedProfitLossRatio"":6.230461650308978,""realisedProfitRate"":72.53362413667757,""totalTrade"":95.76154125772446,""winRate"":48.840421664849146},""realisedAvgRoi"":19.290340909090908,""realisedGainLossRatio"":2.373583276527453,""realisedMaxDrawdown"":-100,""realisedMaxDrawdownPnl"":-462113.3503,""realisedMaxPnl"":2288727.2211,""realisedMaxRoi"":886.33,""realisedPnl"":5225975.123000002,""realisedProfitLossRatio"":-2.5996388266729245,""realisedProfitRate"":70.35792752004227,""realisedTotalGain"":9030604.3816,""realisedTotalLoss"":-3804629.2585999994,""runTimeDays"":752,""statisticAt"":""2024-12-12T08:29:33.560Z"",""totalFee"":4365088.707500001,""totalGain"":5847499.5588,""totalLiquidation"":2,""totalLiquidationAmount"":-772590.2749000001,""totalLose"":46,""totalLoss"":-4986613.1433,""totalTrade"":88,""totalVolume"":496553562.9487999,""totalWin"":42,""type"":""FULL"",""updatedAt"":""2025-03-25T03:01:11.891Z"",""winRate"":47.72727272727273},{""account"":""0xbB3406CD37b3D4c1F0e35c948051060D23d7DED4"",""accountSearch"":[""0xbb3406cd37b3d4c1f0e35c948051060d23d7ded4"",""4ded7d32d060150849c53e0f1c4d3b73dc6043bbx0""],""avgDuration"":42998.528619528624,""avgLeverage"":13.294631621615032,""avgRoi"":1.932154882154882,""avgVolume"":3184106.4306525253,""createdAt"":""2024-01-16T08:04:15.529Z"",""gainLossRatio"":3.3256459217210224,""id"":""65a6387fd2d3d9a9063d89ae"",""indexTokens"":[""0x70d95587d40A2caf56bd97485aB3Eec10Bee6336"",""0x47c031236e19d024b42f8AE6780E44A573170703"",""0x09400D9DB990D5ed3f35D7be61DfAEB900Af03C9"",""0x7f1fa204bb700853D36994DA19F830b6Ad18455C"",""0xC25cEf6061Cf5dE5eb761b50E4743c1F5D7E5407""],""lastTradeAt"":""2024-03-11T03:49:55.000Z"",""lastTradeAtTs"":1710128995000,""longRate"":39.73063973063973,""maxDrawdownPnl"":null,""maxDuration"":1389159.6666666667,""maxLeverage"":49.973151469886815,""maxPnl"":602308.7931418321,""maxRoi"":50.81,""minDuration"":43.666666666666664,""minLeverage"":0.09999490605464727,""orderPositionRatio"":3.04040404040404,""pairs"":[""ETH-USDT"",""BTC-USDT"",""SOL-USDT"",""LINK-USDT"",""ARB-USDT""],""pnl"":3188063.116630055,""profit"":3188063.116630055,""profitLossRatio"":-0.5326229796506325,""profitRate"":76.88206528928899,""protocol"":""GMX_V2"",""ranking"":{""avgDuration"":35.91075523571817,""avgLeverage"":80.58191539231461,""avgVolume"":99.95375590720774,""orderPositionRatio"":3.7337353824323145,""pnl"":99.9968325963841,""realisedAvgRoi"":83.07972988381962,""realisedMaxDrawdown"":10.058406922677342,""realisedMaxRoi"":88.55110288993906,""realisedPnl"":99.9968325963841,""realisedProfitLossRatio"":10.338405402323607,""realisedProfitRate"":70.83391402399624,""totalTrade"":99.80615489870644,""winRate"":75.83461085279176},""realisedAvgRoi"":3.6959595959595952,""realisedGainLossRatio"":5.186714182179757,""realisedMaxDrawdown"":-77.83,""realisedMaxDrawdownPnl"":-137716.4595333715,""realisedMaxPnl"":699699.3825214821,""realisedMaxRoi"":53.18,""realisedPnl"":4963215.1398226945,""realisedProfitLossRatio"":-0.8306846932397266,""realisedProfitRate"":83.8363310385276,""realisedTotalGain"":6148683.008861386,""realisedTotalLoss"":-1185467.8690386896,""runTimeDays"":352,""statisticAt"":""2024-10-08T10:59:57.150Z"",""totalFee"":1775152.0231926397,""totalGain"":4558892.2212905055,""totalLiquidation"":1,""totalLiquidationAmount"":-74885.81183515971,""totalLose"":41,""totalLoss"":-1370829.1046604498,""totalTrade"":297,""totalVolume"":945679609.9038,""totalWin"":256,""type"":""FULL"",""updatedAt"":""2025-03-25T03:08:32.266Z"",""winLoseRate"":6.2439024390243905,""winRate"":86.19528619528619},{""account"":""0xbBbc35dFAC3A00a03A8Fde3540eCA4f0e15C5e64"",""accountSearch"":[""0xbbbc35dfac3a00a03a8fde3540eca4f0e15c5e64"",""46e5c51e0f4ace0453edf8a30a00a3cafd53cbbbx0""],""avgDuration"":4373087.095888888,""avgLeverage"":0,""avgRoi"":0,""avgVolume"":1479687.7695333334,""createdAt"":""2025-01-19T00:55:46.549Z"",""gainLossRatio"":320905.3879254184,""id"":""678c4d926edf6f345146a199"",""indexTokens"":[""INJ"",""WLD"",""DYM"",""SOL"",""ENA"",""ONDO"",""POPCAT"",""TRUMP""],""lastTradeAt"":""2025-01-18T06:37:05.562Z"",""lastTradeAtTs"":1737182225562,""longRate"":11.11111111111111,""maxDuration"":9725945.1,""maxLeverage"":0,""maxPnl"":0,""maxRoi"":0,""minDuration"":123.104,""minLeverage"":null,""orderPositionRatio"":87.33333333333333,""pairs"":[""INJ-USDT"",""WLD-USDT"",""DYM-USDT"",""SOL-USDT"",""ENA-USDT"",""ONDO-USDT"",""POPCAT-USDT"",""TRUMP-USDT""],""pnl"":4541186.987976,""profitLossRatio"":-40113.1734906773,""profitRate"":99.99968838264441,""protocol"":""HYPERLIQUID"",""ranking"":{""avgDuration"":0.6836093412096034,""avgLeverage"":86.63913844903409,""avgVolume"":99.73221672302937,""orderPositionRatio"":0.40784336492546913,""pnl"":99.99709720024964,""realisedAvgRoi"":99.00506538556438,""realisedMaxDrawdown"":89.01653144457829,""realisedMaxRoi"":93.1595523882785,""realisedPnl"":99.99709720024964,""realisedProfitLossRatio"":0.010159799126257276,""realisedProfitRate"":90.16241164603261,""totalTrade"":46.026792841695816,""winRate"":89.29084602098725},""realisedAvgRoi"":23.863948203130924,""realisedGainLossRatio"":1098720.7211277098,""realisedMaxDrawdown"":-0.017833825934340623,""realisedMaxDrawdownPnl"":-4.1348210000000005,""realisedMaxPnl"":2139659.5060879993,""realisedMaxRoi"":43.68258558280223,""realisedPnl"":4543009.376033,""realisedProfitLossRatio"":-137340.09014096373,""realisedProfitRate"":99.99990898514332,""realisedTotalGain"":4543013.510853999,""realisedTotalLoss"":-4.1348210000000005,""runTimeDays"":380,""statisticAt"":""2025-01-22T01:36:40.251Z"",""totalFee"":1822.3880569999997,""totalGain"":4541201.139191,""totalLiquidation"":0,""totalLiquidationAmount"":0,""totalLose"":1,""totalLoss"":-14.151215,""totalTrade"":9,""totalVolume"":13317189.925800001,""totalWin"":8,""type"":""FULL"",""updatedAt"":""2025-03-25T03:28:41.183Z"",""winRate"":88.88888888888889},{""account"":""0x856c35038594767646266bC7fd68DC26480E910d"",""accountSearch"":[""0x856c35038594767646266bc7fd68dc26480e910d"",""d019e08462cd86df7cb66264676749583053c658x0""],""avgDuration"":166058.2994120879,""avgLeverage"":0,""avgRoi"":0,""avgVolume"":1134705.1138769283,""createdAt"":""2024-12-20T04:43:15.334Z"",""gainLossRatio"":2.5430985381473423,""id"":""6764f5e304474dadc4db4b3c"",""indexTokens"":[""ETH"",""BTC"",""HYPE"",""USUAL"",""TRUMP"",""MELANIA"",""BERA"",""TST"",""LAYER"",""SOL"",""IP"",""BNB""],""lastTradeAt"":""2025-03-19T03:52:40.748Z"",""lastTradeAtTs"":1742356360748,""longRate"":48.35164835164835,""maxDuration"":5554800.76,""maxLeverage"":0,""maxPnl"":0,""maxRoi"":0,""minDuration"":1.03,""minLeverage"":null,""orderPositionRatio"":1788.7802197802198,""pairs"":[""ETH-USDT"",""BTC-USDT"",""HYPE-USDT"",""USUAL-USDT"",""TRUMP-USDT"",""MELANIA-USDT"",""BERA-USDT"",""TST-USDT"",""LAYER-USDT"",""SOL-USDT"",""IP-USDT"",""BNB-USDT""],""pnl"":4506155.646594169,""profitLossRatio"":-2.2284884097167432,""profitRate"":71.77611660434113,""protocol"":""HYPERLIQUID"",""ranking"":{""avgDuration"":25.014151148783,""avgLeverage"":52.737340164588744,""avgVolume"":99.62118463257812,""orderPositionRatio"":0.011611199001436034,""pnl"":99.99637150031205,""realisedAvgRoi"":50.80480123078709,""realisedMaxDrawdown"":17.102570429178943,""realisedMaxRoi"":68.05033454767123,""realisedPnl"":99.99637150031205,""realisedProfitLossRatio"":11.717151192324996,""realisedProfitRate"":79.64774525029391,""totalTrade"":92.12470427727544,""winRate"":61.95663217172963},""realisedAvgRoi"":-0.02360948839199596,""realisedGainLossRatio"":2.5533435550104864,""realisedMaxDrawdown"":-24.069712909232795,""realisedMaxDrawdownPnl"":-1291498.636490005,""realisedMaxPnl"":4785987.349467953,""realisedMaxRoi"":12.275939163861306,""realisedPnl"":4523744.528039947,""realisedProfitLossRatio"":-2.237466001813313,""realisedProfitRate"":71.85749183779532,""realisedTotalGain"":7436007.248960951,""realisedTotalLoss"":-2912262.720921005,""runTimeDays"":106,""statisticAt"":""2025-03-23T03:22:11.614Z"",""totalFee"":17588.881445778155,""totalGain"":7426355.19004283,""totalLiquidation"":0,""totalLiquidationAmount"":0,""totalLose"":85,""totalLoss"":-2920199.5434486624,""totalTrade"":182,""totalVolume"":206516330.72560096,""totalWin"":97,""type"":""FULL"",""updatedAt"":""2025-03-25T03:28:06.627Z"",""winRate"":53.2967032967033},{""account"":""0x4210Ebe4d47F7a183a8FeF5A7aa64f8eD918Df83"",""accountSearch"":[""0x4210ebe4d47f7a183a8fef5a7aa64f8ed918df83"",""38fd819de8f46aa7a5fef8a381a7f74d4ebe0124x0""],""avgDuration"":1262448.7916666665,""avgLeverage"":11.113398078943735,""avgRoi"":51.334999999999994,""avgVolume"":7779666.4639,""createdAt"":""2024-03-07T03:43:45.440Z"",""gainLossRatio"":26.434898251197676,""id"":""65e937f1d8fb813a7022d2a2"",""indexTokens"":[""0x47c031236e19d024b42f8AE6780E44A573170703"",""0x70d95587d40A2caf56bd97485aB3Eec10Bee6336""],""lastTradeAt"":""2024-12-22T01:41:54.000Z"",""lastTradeAtTs"":1734831714000,""longRate"":100,""maxDrawdownPnl"":null,""maxDuration"":6185726,""maxLeverage"":14.99905471187083,""maxPnl"":2580397.592364128,""maxRoi"":259.25,""minDuration"":1871.3333333333333,""minLeverage"":8.983264602981862,""orderPositionRatio"":2.375,""pairs"":[""BTC-USDT"",""ETH-USDT""],""pnl"":3054022.1056661666,""profit"":531166.9482089933,""profitLossRatio"":-3.776414035885382,""profitRate"":96.35500744036351,""protocol"":""GMX_V2"",""ranking"":{""avgDuration"":12.702555461237324,""avgLeverage"":78.84934561441295,""avgVolume"":99.98859734698273,""orderPositionRatio"":9.572527207997055,""pnl"":99.99619911566091,""realisedAvgRoi"":97.32671134817367,""realisedMaxDrawdown"":26.145649887873912,""realisedMaxRoi"":98.66272219336366,""realisedPnl"":99.99619911566091,""realisedProfitLossRatio"":1.9169126683475022,""realisedProfitRate"":72.69317994653423,""totalTrade"":92.51035740982402,""winRate"":75.85995008171902},""realisedAvgRoi"":69.5275,""realisedGainLossRatio"":52.729618613887546,""realisedMaxDrawdown"":-9.44,""realisedMaxDrawdownPnl"":-85815.49728551797,""realisedMaxPnl"":3425063.7777214083,""realisedMaxRoi"":344.12,""realisedPnl"":4439202.945740947,""realisedProfitLossRatio"":-7.5328026591267925,""realisedProfitRate"":98.13882914899096,""realisedTotalGain"":4525018.443026464,""realisedTotalLoss"":-85815.49728551797,""runTimeDays"":319,""statisticAt"":""2024-12-23T02:44:43.748Z"",""totalFee"":1385180.84007478,""totalGain"":3174094.223726335,""totalLiquidation"":0,""totalLiquidationAmount"":0,""totalLose"":1,""totalLoss"":-120072.11806016797,""totalTrade"":8,""totalVolume"":62237331.7112,""totalWin"":7,""type"":""FULL"",""updatedAt"":""2025-03-25T03:09:26.865Z"",""winLoseRate"":1,""winRate"":87.5},{""account"":""0x324E265AeE8575660094222ea2330234053487f7"",""accountSearch"":[""0x324e265aee8575660094222ea2330234053487f7"",""7f7843504320332ae2224900665758eea562e423x0""],""avgDuration"":1261825.1944444445,""avgLeverage"":24.570629584819187,""avgRoi"":47.28916666666667,""avgVolume"":4062155.390441667,""createdAt"":""2023-11-28T03:28:49.881Z"",""gainLossRatio"":7.76120521152177,""id"":""65655e724350fb0b690f1a2b"",""indexTokens"":[""0x82aF49447D8a07e3bd95BD0d56f35241523fBab1"",""0xFa7F8980b0f1E64A2062791cc3b0871572f1F7f0"",""0x2f2a2543B76A4166549F7aaB2e75Bef0aefC5B0f"",""0xf97f4df75117a78c1A5a0DBb814Af92458539FB4""],""lastTradeAt"":""2024-01-11T12:04:29.000Z"",""lastTradeAtTs"":1704974669000,""longRate"":33.33333333333333,""maxDuration"":8786488.666666666,""maxLeverage"":47.619047625582375,""maxPnl"":2461999.0348,""maxRoi"":208.19,""minDuration"":13720.333333333334,""minLeverage"":5.466777666666667,""orderPositionRatio"":3.8333333333333335,""pairs"":[""ETH-USDT"",""UNI-USDT"",""BTC-USDT"",""LINK-USDT""],""pnl"":3436217.8626999995,""profitLossRatio"":-2.58706840384059,""profitRate"":88.58604523171184,""protocol"":""GMX"",""ranking"":{""avgDuration"":8.61818181818181,""avgLeverage"":86.76363636363637,""avgVolume"":99.91235431235431,""orderPositionRatio"":2.6778554778554735,""pnl"":99.9981351981352,""realisedAvgRoi"":97.53659673659674,""realisedMaxDrawdown"":16.693706293706292,""realisedMaxRoi"":98.15104895104895,""realisedPnl"":99.9972027972028,""realisedProfitLossRatio"":4.6209790209790205,""realisedProfitRate"":63.02564102564102,""totalTrade"":93.02097902097903,""winRate"":63.73519813519813},""realisedAvgRoi"":59.6025,""realisedGainLossRatio"":10.277963345832552,""realisedMaxDrawdown"":-81.24,""realisedMaxDrawdownPnl"":-253437.1996,""realisedMaxPnl"":3190638.1637,""realisedMaxRoi"":236.68,""realisedPnl"":4390021.2606999995,""realisedProfitLossRatio"":-3.4259877819441837,""realisedProfitRate"":91.13315082399588,""realisedTotalGain"":4863187.741,""realisedTotalLoss"":-473166.4803,""runTimeDays"":481,""statisticAt"":""2024-10-08T09:28:49.689Z"",""totalFee"":953803.3979999999,""totalGain"":3944443.5052,""totalLiquidation"":0,""totalLiquidationAmount"":0,""totalLose"":3,""totalLoss"":-508225.6425,""totalTrade"":12,""totalVolume"":48745864.6853,""totalWin"":9,""type"":""FULL"",""updatedAt"":""2025-03-25T02:57:10.545Z"",""winRate"":75}]
```",67e22e91493e52075a55437d,2025-03-25T04:18:33.755Z
Give me a good entry signal.,"```trader
[{""account"":""0xe8c19dB00287e3536075114B2576c70773E039BD"",""accountSearch"":[""0xe8c19db00287e3536075114b2576c70773e039bd"",""db930e37707c6752b4115706353e78200bd91c8ex0""],""avgDuration"":349119.0822510824,""avgLeverage"":20.569931086590415,""avgRoi"":0.4259740259740272,""avgVolume"":20329931.90120259,""createdAt"":""2023-12-01T03:57:41.648Z"",""gainLossRatio"":1.0717645516953371,""id"":""656959b5d8fb813a702d75a4"",""indexTokens"":[""0x2f2a2543B76A4166549F7aaB2e75Bef0aefC5B0f"",""0x82aF49447D8a07e3bd95BD0d56f35241523fBab1""],""lastTradeAt"":""2023-05-10T01:24:00.000Z"",""lastTradeAtTs"":1683681840000,""longRate"":48.05194805194805,""maxDuration"":2650973.6666666665,""maxLeverage"":47.628481702693854,""maxPnl"":2915573.9909,""maxRoi"":225.43,""minDuration"":761.6666666666666,""minLeverage"":1.7967658215714286,""orderPositionRatio"":4.87012987012987,""pairs"":[""BTC-USDT"",""ETH-USDT""],""pnl"":1181502.4632000048,""profitLossRatio"":-0.8474417385498014,""profitRate"":51.73196687906964,""protocol"":""GMX"",""ranking"":{""avgDuration"":16.519347319347318,""avgLeverage"":83.9011655011655,""avgVolume"":99.9990675990676,""orderPositionRatio"":1.3818181818181898,""pnl"":99.99347319347319,""realisedAvgRoi"":88.85128205128206,""realisedMaxDrawdown"":13.931934731934732,""realisedMaxRoi"":98.18461538461538,""realisedPnl"":99.9990675990676,""realisedProfitLossRatio"":8.62843822843823,""realisedProfitRate"":58.26386946386947,""totalTrade"":99.13846153846154,""winRate"":57.484382284382285},""realisedAvgRoi"":11.172987012987017,""realisedGainLossRatio"":2.046475568443048,""realisedMaxDrawdown"":-100,""realisedMaxDrawdownPnl"":-1521216.0469,""realisedMaxPnl"":4238612.3302,""realisedMaxRoi"":238.79,""realisedPnl"":13885127.080000006,""realisedProfitLossRatio"":-1.61814347272241,""realisedProfitRate"":67.17518399430111,""realisedTotalGain"":27153594.5901,""realisedTotalLoss"":-13268467.510099996,""runTimeDays"":726,""statisticAt"":""2024-10-08T09:52:43.148Z"",""totalFee"":12703624.6168,""totalGain"":17645096.748800002,""totalLiquidation"":1,""totalLiquidationAmount"":-981650.4088,""totalLose"":34,""totalLoss"":-16463594.285600003,""totalTrade"":77,""totalVolume"":1565404756.3925993,""totalWin"":43,""type"":""FULL"",""updatedAt"":""2025-03-25T02:59:51.681Z"",""winRate"":55.84415584415584},{""account"":""dydx17fw57q8rkh0ryf8cwjzcqmpcn7u9nw600g265j"",""accountSearch"":[""dydx17fw57q8rkh0ryf8cwjzcqmpcn7u9nw600g265j"",""j562g006wn9u7ncpmqczjwc8fyr0hkr8q75wf71xdyd""],""avgDuration"":193780,""avgLeverage"":0,""avgRoi"":99.98995514422522,""avgVolume"":11100000,""createdAt"":""2024-10-19T06:49:20.355Z"",""gainLossRatio"":11098885.021009,""id"":""671356707ea9aacb53a564ec"",""indexTokens"":[""IO-USD""],""lastTradeAt"":""2024-09-09T17:15:10.220Z"",""lastTradeAtTs"":1725902110220,""longRate"":0,""maxDuration"":193780,""maxLeverage"":0,""maxPnl"":11098885.021009,""maxRoi"":99.98995514422522,""minDuration"":193780,""minLeverage"":null,""orderPositionRatio"":2,""pairs"":[""IO-USDT""],""pnl"":11098885.021009,""profitLossRatio"":0,""profitRate"":100,""protocol"":""DYDX"",""ranking"":{""avgDuration"":39.09918911648283,""avgLeverage"":20.241343530225585,""avgVolume"":99.96156950155644,""orderPositionRatio"":93.83190499980785,""pnl"":99.99615695015565,""realisedAvgRoi"":99.91160985357979,""realisedMaxDrawdown"":90.08493140156027,""realisedMaxRoi"":97.34829560739404,""realisedPnl"":99.99615695015565,""realisedProfitLossRatio"":76.36140040736329,""realisedProfitRate"":90.11183275047078,""totalTrade"":3.5625072057184584,""winRate"":90.32704354175473},""realisedAvgRoi"":99.99995516216215,""realisedGainLossRatio"":11099995.023,""realisedMaxDrawdown"":0,""realisedMaxDrawdownPnl"":0,""realisedMaxPnl"":11099995.023,""realisedMaxRoi"":99.99995516216215,""realisedPnl"":11099995.023,""realisedProfitLossRatio"":0,""realisedProfitRate"":100,""realisedTotalGain"":11099995.023,""realisedTotalLoss"":0,""runTimeDays"":198,""statisticAt"":""2025-03-24T03:01:12.437Z"",""totalFee"":1110.001991,""totalGain"":11098885.021009,""totalLiquidation"":0,""totalLiquidationAmount"":0,""totalLose"":0,""totalLoss"":0,""totalTrade"":1,""totalVolume"":11100000,""totalWin"":1,""type"":""FULL"",""updatedAt"":""2025-03-25T02:16:53.154Z"",""winRate"":100},{""account"":""0x92812499fF2c040f93121Aab684680a6e603C4A7"",""accountSearch"":[""0x92812499ff2c040f93121aab684680a6e603c4a7"",""7a4c306e6a086486baa12139f040c2ff99421829x0""],""avgDuration"":486998.7549019609,""avgLeverage"":16.646988270676644,""avgRoi"":11.726764705882355,""avgVolume"":14743250.886532353,""createdAt"":""2024-01-16T07:08:29.289Z"",""gainLossRatio"":2.717389971824128,""id"":""65a62b6dd2d3d9a9063b32b1"",""indexTokens"":[""0x70d95587d40A2caf56bd97485aB3Eec10Bee6336"",""0x47c031236e19d024b42f8AE6780E44A573170703"",""0xC25cEf6061Cf5dE5eb761b50E4743c1F5D7E5407"",""0x09400D9DB990D5ed3f35D7be61DfAEB900Af03C9""],""lastTradeAt"":""2024-03-15T03:28:22.000Z"",""lastTradeAtTs"":1710473302000,""longRate"":85.29411764705883,""maxDrawdownPnl"":null,""maxDuration"":7444696.333333333,""maxLeverage"":35.07829001143788,""maxPnl"":1920966.7612970076,""maxRoi"":102.47,""minDuration"":180.33333333333334,""minLeverage"":1.7303768977119591,""orderPositionRatio"":4.529411764705882,""pairs"":[""ETH-USDT"",""BTC-USDT"",""ARB-USDT"",""SOL-USDT""],""pnl"":6689975.654637141,""profit"":6689975.654637142,""profitLossRatio"":-1.1322458215933866,""profitRate"":73.09940556198093,""protocol"":""GMX_V2"",""ranking"":{""avgDuration"":17.857188105765943,""avgLeverage"":83.23746658389184,""avgVolume"":99.99429867349137,""orderPositionRatio"":1.4848788151376624,""pnl"":99.99936651927682,""realisedAvgRoi"":91.55000063348072,""realisedMaxDrawdown"":2.4167289589377794,""realisedMaxRoi"":93.85080262007627,""realisedPnl"":99.99936651927682,""realisedProfitLossRatio"":6.657882400638549,""realisedProfitRate"":70.17699451405693,""totalTrade"":97.51485512295861,""winRate"":74.39154176538409},""realisedAvgRoi"":19.139999999999993,""realisedGainLossRatio"":3.6608517728375864,""realisedMaxDrawdown"":-97.79,""realisedMaxDrawdownPnl"":-831320.6539834061,""realisedMaxPnl"":2174277.3076414876,""realisedMaxRoi"":117.27,""realisedPnl"":9504449.318347491,""realisedProfitLossRatio"":-1.5253549053489943,""realisedProfitRate"":78.54469421602766,""realisedTotalGain"":13076406.770232063,""realisedTotalLoss"":-3571957.451884572,""runTimeDays"":292,""statisticAt"":""2024-10-08T10:48:10.688Z"",""totalFee"":2814473.66371035,""totalGain"":10585407.539296037,""totalLiquidation"":5,""totalLiquidationAmount"":-2759393.7434158633,""totalLose"":10,""totalLoss"":-3895431.884658892,""totalTrade"":34,""totalVolume"":501270530.14210004,""totalWin"":24,""type"":""FULL"",""updatedAt"":""2025-03-25T03:07:26.900Z"",""winLoseRate"":2.4,""winRate"":70.58823529411765},{""account"":""dydx1ycklg0q3cxvt2khh675mefxxx3x53mufuhakxe"",""accountSearch"":[""dydx1ycklg0q3cxvt2khh675mefxxx3x53mufuhakxe"",""exkahufum35x3xxxfem576hhk2tvxc3q0glkcy1xdyd""],""avgDuration"":256059.2074829932,""avgLeverage"":0,""avgRoi"":1.1534639672572884,""avgVolume"":3374333.3420474674,""createdAt"":""2024-10-26T02:05:43.243Z"",""gainLossRatio"":1.9932167233330202,""id"":""671c4e77b8302d5c8914ff0a"",""indexTokens"":[""BTC-USD"",""ETH-USD"",""DOGE-USD"",""WLD-USD"",""SOL-USD"",""SUI-USD"",""XRP-USD"",""XLM-USD"",""ALGO-USD"",""LTC-USD"",""HBAR-USD"",""AAVE-USD"",""TRUMP-USD""],""lastTradeAt"":""2025-02-02T03:23:47.569Z"",""lastTradeAtTs"":1738466627569,""longRate"":50.34013605442177,""maxDuration"":2986039,""maxLeverage"":0,""maxPnl"":1268375.4459890015,""maxRoi"":32.39966224381019,""minDuration"":121,""minLeverage"":null,""orderPositionRatio"":319.8503401360544,""pairs"":[""BTC-USDT"",""ETH-USDT"",""DOGE-USDT"",""WLD-USDT"",""SOL-USDT"",""SUI-USDT"",""XRP-USDT"",""XLM-USDT"",""ALGO-USDT"",""LTC-USDT"",""HBAR-USDT"",""AAVE-USDT""],""pnl"":9217020.97249725,""profitLossRatio"":-1.7393037649466485,""profitRate"":66.59112612178394,""protocol"":""DYDX"",""ranking"":{""avgDuration"":35.15621997617309,""avgLeverage"":94.58898581914607,""avgVolume"":99.80400445793782,""orderPositionRatio"":0.23442604050573834,""pnl"":99.99231390031129,""realisedAvgRoi"":83.20202913031783,""realisedMaxDrawdown"":30.67906690749779,""realisedMaxRoi"":89.59302102148264,""realisedPnl"":99.99231390031129,""realisedProfitLossRatio"":18.846316436724184,""realisedProfitRate"":76.16156181545675,""totalTrade"":92.90572998731793,""winRate"":66.86138119211407},""realisedAvgRoi"":1.143951555770139,""realisedGainLossRatio"":1.984211873836163,""realisedMaxDrawdown"":-12.07839015410555,""realisedMaxDrawdownPnl"":-1009934.548000023,""realisedMaxPnl"":1266808.2620000015,""realisedMaxRoi"":32.380759371260815,""realisedPnl"":9155751.303017251,""realisedProfitLossRatio"":-1.731446030035378,""realisedProfitRate"":66.49031495493269,""realisedTotalGain"":18458373.580201216,""realisedTotalLoss"":-9302622.27718396,""runTimeDays"":159,""statisticAt"":""2025-03-24T03:21:05.116Z"",""totalFee"":-61269.66947999999,""totalGain"":18496990.546073206,""totalLiquidation"":0,""totalLiquidationAmount"":0,""totalLose"":137,""totalLoss"":-9279969.573575962,""totalTrade"":294,""totalVolume"":992054002.5619555,""totalWin"":157,""type"":""FULL"",""updatedAt"":""2025-03-25T02:16:59.478Z"",""winRate"":53.40136054421769},{""account"":""0x08c788aFdACF6cf81180D2bBBE42A7434D0C7A92"",""accountSearch"":[""0x08c788afdacf6cf81180d2bbbe42a7434d0c7a92"",""29a7c0d4347a24ebbb2d08118fc6fcadfa887c80x0""],""avgDuration"":274649.2833333333,""avgLeverage"":10.182521553945595,""avgRoi"":8.191,""avgVolume"":5535468.140316251,""createdAt"":""2024-01-16T04:13:35.829Z"",""gainLossRatio"":4.9681379828872,""id"":""65a6026fd2d3d9a906313930"",""indexTokens"":[""0x70d95587d40A2caf56bd97485aB3Eec10Bee6336"",""0xC25cEf6061Cf5dE5eb761b50E4743c1F5D7E5407"",""0x09400D9DB990D5ed3f35D7be61DfAEB900Af03C9"",""0x47c031236e19d024b42f8AE6780E44A573170703""],""lastTradeAt"":""2025-03-20T17:23:48.000Z"",""lastTradeAtTs"":1742491428000,""longRate"":65,""maxDrawdownPnl"":null,""maxDuration"":6186397.333333333,""maxLeverage"":25.096144520551327,""maxPnl"":2597856.326984033,""maxRoi"":260.95,""minDuration"":25.666666666666668,""minLeverage"":4.999625064713501,""orderPositionRatio"":2.2625,""pairs"":[""ETH-USDT"",""ARB-USDT"",""SOL-USDT"",""BTC-USDT""],""pnl"":6159337.642425984,""profit"":589962.2064800878,""profitLossRatio"":-2.258244537676,""profitRate"":83.24435522658223,""protocol"":""GMX_V2"",""ranking"":{""avgDuration"":21.946939654626306,""avgLeverage"":77.49052946318844,""avgVolume"":99.97656121324228,""orderPositionRatio"":10.792611080844807,""pnl"":99.99873303855364,""realisedAvgRoi"":89.49815657109555,""realisedMaxDrawdown"":9.075878321022692,""realisedMaxRoi"":98.6715909234882,""realisedPnl"":99.99873303855364,""realisedProfitLossRatio"":3.032472221870288,""realisedProfitRate"":71.49400093755148,""totalTrade"":98.90281138744949,""winRate"":74.24520771832913},""realisedAvgRoi"":12.367625,""realisedGainLossRatio"":8.575236471584049,""realisedMaxDrawdown"":-80.62,""realisedMaxDrawdownPnl"":-286594.0315254478,""realisedMaxPnl"":3442276.247029633,""realisedMaxRoi"":345.77,""realisedPnl"":8832654.632044537,""realisedProfitLossRatio"":-3.8978347598109306,""realisedProfitRate"":89.55639369359022,""realisedTotalGain"":9998645.247014415,""realisedTotalLoss"":-1165990.6149698785,""runTimeDays"":436,""statisticAt"":""2025-03-21T03:47:37.435Z"",""totalFee"":2673316.989618553,""totalGain"":7711536.09645869,""totalLiquidation"":1,""totalLiquidationAmount"":-39751.639840003736,""totalLose"":25,""totalLoss"":-1552198.4540327084,""totalTrade"":80,""totalVolume"":442837451.2253001,""totalWin"":55,""type"":""FULL"",""updatedAt"":""2025-03-25T03:05:25.970Z"",""winLoseRate"":0.8888888888888888,""winRate"":68.75},{""account"":""0x2446bEb3905CfFbd2c5eB18F1f9c2996B05257c4"",""accountSearch"":[""0x2446beb3905cffbd2c5eb18f1f9c2996b05257c4"",""4c75250b6992c9f1f81be5c2dbffc5093beb6442x0""],""avgDuration"":2633718.5333333337,""avgLeverage"":4.044919454517844,""avgRoi"":1.8659999999999992,""avgVolume"":3200379.1616,""createdAt"":""2024-12-12T08:18:06.567Z"",""gainLossRatio"":32.83506931520649,""id"":""675a9c3e71da4ef79cdd76b2"",""indexTokens"":[""0xB31f66AA3C1e785363F0875A1B74E27b85FD66c7"",""0x152b9d0FdC40C096757F570A51E494bd4b943E50""],""lastTradeAt"":""2024-08-30T05:07:24.000Z"",""lastTradeAtTs"":1724994444000,""longRate"":100,""maxDuration"":7451630.666666667,""maxLeverage"":7.985819578034285,""maxPnl"":1251576.5588999996,""maxRoi"":87.5,""minDuration"":2070.3333333333335,""minLeverage"":0.8757740987583297,""orderPositionRatio"":4.8,""pairs"":[""AVAX-USDT"",""BTC-USDT""],""pnl"":1927268.6414,""profitLossRatio"":-8.208767328801622,""profitRate"":97.04448662219654,""protocol"":""GMX_AVAX"",""ranking"":{""avgDuration"":0.465285350781528,""avgLeverage"":24.87095601599418,""avgVolume"":99.94910941475827,""orderPositionRatio"":3.213376953834967,""pnl"":99.99272991639404,""realisedAvgRoi"":94.54743729552891,""realisedMaxDrawdown"":5.190839694656488,""realisedMaxRoi"":81.19956379498365,""realisedPnl"":99.99272991639404,""realisedProfitLossRatio"":0.450745183569611,""realisedProfitRate"":79.2075608869502,""totalTrade"":60.479825517993454,""winRate"":76.93929480189023},""realisedAvgRoi"":31.116000000000003,""realisedGainLossRatio"":142.67669995308862,""realisedMaxDrawdown"":-100,""realisedMaxDrawdownPnl"":-60141.6699,""realisedMaxPnl"":7646209.2157,""realisedMaxRoi"":102.27,""realisedPnl"":8520673.3211,""realisedProfitLossRatio"":-35.669174988272154,""realisedProfitRate"":99.30399292277279,""realisedTotalGain"":8580814.991,""realisedTotalLoss"":-60141.6699,""runTimeDays"":1027,""statisticAt"":""2024-12-12T08:18:06.375Z"",""totalFee"":6593404.6797,""totalGain"":1987807.8103999998,""totalLiquidation"":1,""totalLiquidationAmount"":-60141.6699,""totalLose"":1,""totalLoss"":-60539.169,""totalTrade"":5,""totalVolume"":16001895.808,""totalWin"":4,""type"":""FULL"",""updatedAt"":""2025-03-25T03:00:46.597Z"",""winRate"":80},{""account"":""0x160A8D28D63961297e51E4f1a0401bf4D27f5162"",""accountSearch"":[""0x160a8d28d63961297e51e4f1a0401bf4d27f5162"",""2615f72d4fb1040a1f4e15e79216936d82d8a061x0""],""avgDuration"":376790.73170731706,""avgLeverage"":10.98462749919798,""avgRoi"":-6.692621951219513,""avgVolume"":4460605.33188396,""createdAt"":""2023-11-29T00:23:38.425Z"",""gainLossRatio"":1.3347057375361804,""id"":""656684954350fb0b694d5e91"",""indexTokens"":[""0x2B3bb4c683BFc5239B029131EEf3B1d214478d93"",""0x442b69937a0daf9D46439a71567fABE6Cb69FBaf"",""0x59b007E9ea8F89b069c43F8f45834d30853e3699"",""0x0EA09D97b4084d859328ec4bF8eBCF9ecCA26F1D"",""0x139F94E4f0e1101c1464a321CBA815c34d58B5D9"",""0x96690aAe7CB7c4A9b5Be5695E94d72827DeCC33f"",""0xaa94C874b91ef16C8B56A1c5B2F34E39366bD484"",""0xF9DD29D2Fd9B38Cd90E390C797F1B7E0523f43A9"",""0x5374761526175B59f1E583246E20639909E189cE"",""0x0940B0A96C5e1ba33AEE331a9f950Bb2a6F2Fb25"",""0xEAf0191bCa9DD417202cEf2B18B7515ABff1E196"",""0x2C5E2148bF3409659967FE3684fd999A76171235"",""0x69F5F465a46f324Fb7bf3fD7c0D5c00f7165C7Ea"",""0xf7d9Bd13F877171f6C7f93F71bdf8e380335dc12"",""0xc203A12F298CE73E44F7d45A4f59a43DBfFe204D"",""0x31A1659Ca00F617E86Dc765B6494Afe70a5A9c1A"",""0x509072A5aE4a87AC89Fc8D64D94aDCb44Bd4b88e"",""0x3D3f34416f60f77A0a6cC8e32abe45D32A7497cb"",""0x6110DF298B411a46d6edce72f5CAca9Ad826C1De"",""0x074B8F19fc91d6B2eb51143E1f186Ca0DDB88042"",""0x852210F0616aC226A486ad3387DBF990e690116A"",""0x98cCbC721cc05E28a125943D69039B39BE6A21e9"",""0x35B0ed8473e7943d31Ee1eeeAd06C8767034Ce39"",""0xC18f85A6DD3Bcd0516a1CA08d3B1f0A4E191A2C4"",""0x09F9d7aaa6Bef9598c3b676c0E19C9786Aa566a8"",""0x66fc48720f09Ac386608FB65ede53Bb220D0D5Bc""],""lastTradeAt"":""2024-04-12T18:33:11.000Z"",""lastTradeAtTs"":1712946791000,""longRate"":85.36585365853658,""maxDuration"":2599166,""maxLeverage"":37.638590501515424,""maxPnl"":2331080.7975350968,""maxRoi"":263.18,""minDuration"":24,""minLeverage"":2.416528140035684,""orderPositionRatio"":6.664634146341464,""pairs"":[""ETH-USDT"",""OP-USDT"",""BTC-USDT"",""SOL-USDT"",""DYDX-USDT"",""BCH-USDT"",""LDO-USDT"",""ADA-USDT"",""AAVE-USDT"",""BNB-USDT"",""RUNE-USDT"",""FIL-USDT"",""SHIB-USDT"",""MKR-USDT"",""AVAX-USDT"",""LINK-USDT"",""ARB-USDT"",""PEPE-USDT"",""XRP-USDT"",""MATIC-USDT"",""INJ-USDT"",""DOGE-USDT"",""TIA-USDT"",""FTM-USDT"",""SUI-USDT"",""SEI-USDT""],""pnl"":5188376.667858058,""profitLossRatio"":-0.9454165640881279,""profitRate"":57.168049749374326,""protocol"":""KWENTA"",""ranking"":{""avgDuration"":24.876360039564787,""avgLeverage"":64.04549950544016,""avgVolume"":99.86152324431256,""orderPositionRatio"":4.530168150346185,""pnl"":99.98021760633037,""realisedAvgRoi"":79.02077151335311,""realisedMaxDrawdown"":15.272007912957466,""realisedMaxRoi"":95.78635014836794,""realisedPnl"":99.99010880316519,""realisedProfitLossRatio"":19.901088031651827,""realisedProfitRate"":64.4114737883284,""totalTrade"":96.89416419386745,""winRate"":60.781404549950544},""realisedAvgRoi"":6.750548780487803,""realisedGainLossRatio"":1.6534899672343848,""realisedMaxDrawdown"":-90.16,""realisedMaxDrawdownPnl"":-2395191.615180381,""realisedMaxPnl"":2778108.54530501,""realisedMaxRoi"":282.07,""realisedPnl"":8443307.417229064,""realisedProfitLossRatio"":-1.171222060124356,""realisedProfitRate"":62.3137825147967,""realisedTotalGain"":21363639.542543452,""realisedTotalLoss"":-12920332.125314385,""runTimeDays"":418,""statisticAt"":""2024-10-08T09:57:23.613Z"",""totalFee"":3254930.749371006,""totalGain"":20689684.491412215,""totalLiquidation"":38,""totalLiquidationAmount"":-9067435.95621334,""totalLose"":68,""totalLoss"":-15501307.823554156,""totalTrade"":164,""totalVolume"":731539274.4289695,""totalWin"":96,""type"":""FULL"",""updatedAt"":""2025-03-25T03:01:27.935Z"",""winRate"":58.536585365853654},{""account"":""0xd8b07BC1bC3bAe553BCA5E94E99935dC12Df24Ff"",""accountSearch"":[""0xd8b07bc1bc3bae553bca5e94e99935dc12df24ff"",""ff42fd21cd53999e49e5acb355eab3cb1cb70b8dx0""],""avgDuration"":1666167.146666666,""avgLeverage"":0,""avgRoi"":0,""avgVolume"":92612.69526350002,""createdAt"":""2024-11-25T03:41:53.703Z"",""gainLossRatio"":29.76327314338079,""id"":""6743f2013e07193713b51d50"",""indexTokens"":[""BTC"",""ZRO"",""kPEPE"",""ETH"",""ZK"",""MKR"",""WLD"",""kSHIB"",""WIF"",""SOL"",""POPCAT"",""JUP"",""kBONK"",""UMA"",""ALT"",""TURBO"",""BLUR"",""PENDLE"",""MEW"",""STX"",""DOGE"",""BCH"",""TAO"",""ONDO"",""XRP"",""SEI"",""STG"",""SUI"",""SAGA"",""AAVE"",""CRV"",""BOME"",""LDO"",""TRX"",""IO"",""XAI"",""BNB"",""TIA"",""AR"",""NEAR"",""FET"",""RENDER"",""AI"",""NOT"",""RUNE"",""FIL"",""RLB"",""ENA"",""INJ"",""BIGTIME"",""ORDI"",""PIXEL"",""SUPER"",""kLUNC"",""TON"",""ENS"",""UNI"",""APE"",""BRETT"",""W"",""MANTA"",""JTO"",""MERL"",""STRK"",""BLAST"",""FTM"",""LTC"",""MOVE"",""KAITO""],""lastTradeAt"":""2025-03-19T17:53:26.860Z"",""lastTradeAtTs"":1742406806860,""longRate"":55.371900826446286,""maxDuration"":17637001.72,""maxLeverage"":0,""maxPnl"":0,""maxRoi"":0,""minDuration"":7.892,""minLeverage"":null,""orderPositionRatio"":17.355371900826448,""pairs"":[""BTC-USDT"",""ZRO-USDT"",""1000PEPE-USDT"",""ETH-USDT"",""ZK-USDT"",""MKR-USDT"",""WLD-USDT"",""1000SHIB-USDT"",""WIF-USDT"",""SOL-USDT"",""POPCAT-USDT"",""JUP-USDT"",""1000BONK-USDT"",""UMA-USDT"",""ALT-USDT"",""TURBO-USDT"",""BLUR-USDT"",""PENDLE-USDT"",""MEW-USDT"",""STX-USDT"",""DOGE-USDT"",""BCH-USDT"",""TAO-USDT"",""ONDO-USDT"",""XRP-USDT"",""SEI-USDT"",""STG-USDT"",""SUI-USDT"",""SAGA-USDT"",""AAVE-USDT"",""CRV-USDT"",""BOME-USDT"",""LDO-USDT"",""TRX-USDT"",""IO-USDT"",""XAI-USDT"",""BNB-USDT"",""TIA-USDT"",""AR-USDT"",""NEAR-USDT"",""FET-USDT"",""RENDER-USDT"",""AI-USDT"",""NOT-USDT"",""RUNE-USDT"",""FIL-USDT"",""RLB-USDT"",""ENA-USDT"",""INJ-USDT"",""BIGTIME-USDT"",""ORDI-USDT"",""PIXEL-USDT"",""SUPER-USDT"",""1000LUNC-USDT"",""TON-USDT"",""ENS-USDT"",""UNI-USDT"",""APE-USDT"",""BRETT-USDT"",""W-USDT"",""MANTA-USDT"",""JTO-USDT"",""MERL-USDT"",""STRK-USDT"",""BLAST-USDT"",""FTM-USDT"",""LTC-USDT"",""MOVE-USDT"",""KAITO-USDT""],""pnl"":6695864.537907611,""profitLossRatio"":-17.62299067700178,""profitRate"":96.74937060390414,""protocol"":""HYPERLIQUID"",""ranking"":{""avgDuration"":3.1067214328219563,""avgLeverage"":92.44183515000218,""avgVolume"":95.13127911871,""orderPositionRatio"":2.193790911333977,""pnl"":99.99927430006241,""realisedAvgRoi"":97.59720750664015,""realisedMaxDrawdown"":0.04209059638020871,""realisedMaxRoi"":99.9499267043063,""realisedPnl"":99.99927430006241,""realisedProfitLossRatio"":1.6444360585784987,""realisedProfitRate"":88.42363459556742,""totalTrade"":96.42447640749504,""winRate"":74.14476262355042},""realisedAvgRoi"":13.106302357924287,""realisedGainLossRatio"":30.459032818692986,""realisedMaxDrawdown"":-816.1685294018178,""realisedMaxDrawdownPnl"":-40829.828346,""realisedMaxPnl"":426784.1173270001,""realisedMaxRoi"":1098.5933552074068,""realisedPnl"":6790924.070216999,""realisedProfitLossRatio"":-18.034953642647164,""realisedProfitRate"":96.8212627331448,""realisedTotalGain"":7021445.0147440005,""realisedTotalLoss"":-230520.94452700007,""runTimeDays"":278,""statisticAt"":""2025-03-23T03:24:40.340Z"",""totalFee"":95059.5323093888,""totalGain"":6928656.699791611,""totalLiquidation"":0,""totalLiquidationAmount"":0,""totalLose"":135,""totalLoss"":-232792.16188400003,""totalTrade"":363,""totalVolume"":33618408.380650505,""totalWin"":228,""type"":""FULL"",""updatedAt"":""2025-03-25T03:27:43.488Z"",""winRate"":62.8099173553719},{""account"":""0x5D2F4460Ac3514AdA79f5D9838916E508Ab39Bb7"",""accountSearch"":[""0x5d2f4460ac3514ada79f5d9838916e508ab39bb7"",""7bb93ba805e6198389d5f97ada4153ca0644f2d5x0""],""avgDuration"":4709651.956,""avgLeverage"":0,""avgRoi"":0,""avgVolume"":55875840.14078021,""createdAt"":""2025-03-18T03:42:12.408Z"",""gainLossRatio"":6195188.626884998,""id"":""67d8eb94007b82f96f2d2d90"",""indexTokens"":[""BTC""],""lastTradeAt"":""2025-03-17T18:22:31.155Z"",""lastTradeAtTs"":1742235751155,""longRate"":0,""maxDuration"":4709651.956,""maxLeverage"":0,""maxPnl"":0,""maxRoi"":0,""minDuration"":4709651.956,""minLeverage"":null,""orderPositionRatio"":230,""pairs"":[""BTC-USDT""],""pnl"":6195188.626884998,""profitLossRatio"":0,""profitRate"":100,""protocol"":""HYPERLIQUID"",""ranking"":{""avgDuration"":0.5950739488236394,""avgLeverage"":36.573099754713425,""avgVolume"":99.99927430006241,""orderPositionRatio"":0.14368858764277093,""pnl"":99.99854860012482,""realisedAvgRoi"":97.08994325026488,""realisedMaxDrawdown"":93.74954643753901,""realisedMaxRoi"":65.60690285780636,""realisedPnl"":99.99854860012482,""realisedProfitLossRatio"":85.45189335113717,""realisedProfitRate"":93.77422023541706,""totalTrade"":5.066836964252021,""winRate"":93.8068767326086},""realisedAvgRoi"":11.101925241185965,""realisedGainLossRatio"":6203294.000313998,""realisedMaxDrawdown"":0,""realisedMaxDrawdownPnl"":0,""realisedMaxPnl"":6203294.000313998,""realisedMaxRoi"":11.101925241185965,""realisedPnl"":6203294.000313998,""realisedProfitLossRatio"":0,""realisedProfitRate"":100,""realisedTotalGain"":6203294.000313998,""realisedTotalLoss"":0,""runTimeDays"":58,""statisticAt"":""2025-03-21T03:41:57.174Z"",""totalFee"":8105.373429000005,""totalGain"":6195188.626884998,""totalLiquidation"":0,""totalLiquidationAmount"":0,""totalLose"":0,""totalLoss"":0,""totalTrade"":1,""totalVolume"":55875840.14078021,""totalWin"":1,""type"":""FULL"",""updatedAt"":""2025-03-25T03:29:28.048Z"",""winRate"":100},{""account"":""0x0d21f939c96a13CcB9CcCBF2911545D009a2E34a"",""accountSearch"":[""0x0d21f939c96a13ccb9cccbf2911545d009a2e34a"",""a43e2a900d5451192fbccc9bcc31a69c939f12d0x0""],""avgDuration"":235984.30116666667,""avgLeverage"":0,""avgRoi"":0,""avgVolume"":12144836.347892037,""createdAt"":""2024-12-25T03:55:37.963Z"",""gainLossRatio"":5814139.808091942,""id"":""676b823a04474dadc4f4e8bd"",""indexTokens"":[""HYPE""],""lastTradeAt"":""2025-01-18T03:17:24.047Z"",""lastTradeAtTs"":1737170244047,""longRate"":33.33333333333333,""maxDuration"":521828.069,""maxLeverage"":0,""maxPnl"":0,""maxRoi"":0,""minDuration"":14402.825,""minLeverage"":null,""orderPositionRatio"":662.1666666666666,""pairs"":[""HYPE-USDT""],""pnl"":5814139.808091942,""profitLossRatio"":0,""profitRate"":100,""protocol"":""HYPERLIQUID"",""ranking"":{""avgDuration"":19.479237724785563,""avgLeverage"":6.0791883771898,""avgVolume"":99.99201730068651,""orderPositionRatio"":0.045719096068154386,""pnl"":99.99782290018723,""realisedAvgRoi"":97.58777340745148,""realisedMaxDrawdown"":90.72918329729023,""realisedMaxRoi"":92.28072976385724,""realisedPnl"":99.99782290018723,""realisedProfitLossRatio"":78.52944164646803,""realisedProfitRate"":90.76982249379526,""totalTrade"":36.03027620139624,""winRate"":90.80901029042512},""realisedAvgRoi"":13.066344776073997,""realisedGainLossRatio"":5819917.3390879985,""realisedMaxDrawdown"":0,""realisedMaxDrawdownPnl"":0,""realisedMaxPnl"":1910576.944848,""realisedMaxRoi"":40.723143432442384,""realisedPnl"":5819917.3390879985,""realisedProfitLossRatio"":0,""realisedProfitRate"":100,""realisedTotalGain"":5819917.3390879985,""realisedTotalLoss"":0,""runTimeDays"":51,""statisticAt"":""2025-01-22T00:58:15.810Z"",""totalFee"":5777.53099605599,""totalGain"":5814139.808091942,""totalLiquidation"":0,""totalLiquidationAmount"":0,""totalLose"":0,""totalLoss"":0,""totalTrade"":6,""totalVolume"":72869018.08735222,""totalWin"":6,""type"":""FULL"",""updatedAt"":""2025-03-25T03:28:08.677Z"",""winRate"":100},{""account"":""0x7Ab8C59Db7b959Bb8C3481d5b9836dfbc939AF21"",""accountSearch"":[""0x7ab8c59db7b959bb8c3481d5b9836dfbc939af21"",""12fa939cbfd6389b5d1843c8bb959b7bd95c8ba7x0""],""avgDuration"":36157.97435897436,""avgLeverage"":36.89851286330657,""avgRoi"":0.14538461538461597,""avgVolume"":17094846.20426923,""createdAt"":""2025-01-15T02:36:42.266Z"",""gainLossRatio"":3.6749451975142304,""id"":""67871f3a100f52533c66e5f6"",""indexTokens"":[""0x47c031236e19d024b42f8AE6780E44A573170703"",""0x0CCB4fAa6f1F1B30911619f1184082aB4E25813c"",""0x09400D9DB990D5ed3f35D7be61DfAEB900Af03C9"",""0xFec8f404FBCa3b11aFD3b3f0c57507C2a06dE636"",""0x70d95587d40A2caf56bd97485aB3Eec10Bee6336"",""0x7f1fa204bb700853D36994DA19F830b6Ad18455C""],""lastTradeAt"":""2025-01-27T07:36:16.000Z"",""lastTradeAtTs"":1737963376000,""longRate"":3.8461538461538463,""maxDuration"":161581.66666666666,""maxLeverage"":99.86163397441378,""maxPnl"":1140350.1700121288,""maxRoi"":102.96,""minDuration"":799,""minLeverage"":1.5359038108963894,""orderPositionRatio"":5.115384615384615,""pairs"":[""BTC-USDT"",""XRP-USDT"",""SOL-USDT"",""ETH-USDT"",""LINK-USDT""],""pnl"":5042478.00966149,""profitLossRatio"":-1.9455592222134162,""profitRate"":78.60937491776968,""protocol"":""GMX_V2"",""ranking"":{""avgDuration"":36.94839666028963,""avgLeverage"":92.7206730099203,""avgVolume"":99.99619911566091,""orderPositionRatio"":1.0636141342218934,""pnl"":99.99746607710728,""realisedAvgRoi"":86.94459577595055,""realisedMaxDrawdown"":2.2995350251491846,""realisedMaxRoi"":93.27686908487375,""realisedPnl"":99.99809955783046,""realisedProfitLossRatio"":4.7124630997478745,""realisedProfitRate"":70.51210581662,""totalTrade"":96.84843340217158,""winRate"":72.73942403932648},""realisedAvgRoi"":7.880384615384615,""realisedGainLossRatio"":4.34432932205963,""realisedMaxDrawdown"":-98.26,""realisedMaxDrawdownPnl"":-810393.7898924444,""realisedMaxPnl"":1179361.0145522887,""realisedMaxRoi"":106.48,""realisedPnl"":5813694.9327274,""realisedProfitLossRatio"":-2.299939052855098,""realisedProfitRate"":81.28857823427292,""realisedTotalGain"":7552068.870479139,""realisedTotalLoss"":-1738373.9377517384,""runTimeDays"":14,""statisticAt"":""2025-01-28T02:56:25.483Z"",""totalFee"":771216.92306591,""totalGain"":6927555.137352688,""totalLiquidation"":9,""totalLiquidationAmount"":-1738373.9377517384,""totalLose"":9,""totalLoss"":-1885077.1276911981,""totalTrade"":26,""totalVolume"":444466001.311,""totalWin"":17,""type"":""FULL"",""updatedAt"":""2025-03-25T03:13:08.422Z"",""winRate"":65.38461538461539},{""account"":""0x1640e916e10610Ba39aAC5Cd8a08acF3cCae1A4c"",""accountSearch"":[""0x1640e916e10610ba39aac5cd8a08acf3ccae1a4c"",""c4a1eacc3fca80a8dc5caa93ab01601e619e0461x0""],""avgDuration"":331768.2657657658,""avgLeverage"":13.40098117103464,""avgRoi"":11.362297297297296,""avgVolume"":7166631.118270271,""createdAt"":""2024-11-13T02:58:43.750Z"",""gainLossRatio"":3.5393308575872493,""id"":""673415e33c79f8ef10829365"",""indexTokens"":[""0x7f1fa204bb700853D36994DA19F830b6Ad18455C"",""0x6Ecf2133E2C9751cAAdCb6958b9654baE198a797"",""0x09400D9DB990D5ed3f35D7be61DfAEB900Af03C9"",""0x2b477989A149B17073D9C9C82eC9cB03591e20c6"",""0x6853EA96FF216fAb11D2d930CE3C508556A4bdc4"",""0x63Dc80EE90F26363B3FCD609007CC9e14c8991BE"",""0x70d95587d40A2caf56bd97485aB3Eec10Bee6336"",""0x47c031236e19d024b42f8AE6780E44A573170703"",""0x0CCB4fAa6f1F1B30911619f1184082aB4E25813c"",""0xD9535bB5f58A1a75032416F2dFe7880C30575a41""],""lastTradeAt"":""2025-03-24T14:12:24.000Z"",""lastTradeAtTs"":1742825544000,""longRate"":39.189189189189186,""maxDuration"":6019637.333333333,""maxLeverage"":50.917723442679836,""maxPnl"":1700089.4276074253,""maxRoi"":251.7,""minDuration"":24.666666666666668,""minLeverage"":2.502710194071636,""orderPositionRatio"":14.986486486486486,""pairs"":[""LINK-USDT"",""SUI-USDT"",""SOL-USDT"",""PEPE-USDT"",""DOGE-USDT"",""NEAR-USDT"",""ETH-USDT"",""BTC-USDT"",""XRP-USDT"",""LTC-USDT""],""pnl"":5246241.119256009,""profitLossRatio"":-2.848729714643396,""profitRate"":77.97032136733209,""protocol"":""GMX_V2"",""ranking"":{""avgDuration"":20.63880196125632,""avgLeverage"":80.65413219475731,""avgVolume"":99.9828960204741,""orderPositionRatio"":0.11085912655678953,""pnl"":99.99809955783046,""realisedAvgRoi"":89.6717302892473,""realisedMaxDrawdown"":3.088218525510269,""realisedMaxRoi"":97.82526067731759,""realisedPnl"":99.99746607710728,""realisedProfitLossRatio"":3.5126506100419363,""realisedProfitRate"":70.38350922981414,""totalTrade"":98.7989205488477,""winRate"":71.2216042265834},""realisedAvgRoi"":12.752432432432432,""realisedGainLossRatio"":4.035225945442763,""realisedMaxDrawdown"":-95.77,""realisedMaxDrawdownPnl"":-333259.1215487849,""realisedMaxPnl"":1719279.5124256553,""realisedMaxRoi"":257.04,""realisedPnl"":5714075.15161379,""realisedProfitLossRatio"":-3.24786478535637,""realisedProfitRate"":80.13991803277327,""realisedTotalGain"":7596661.573291287,""realisedTotalLoss"":-1882586.4216774974,""runTimeDays"":133,""statisticAt"":""2025-03-25T03:02:18.918Z"",""totalFee"":467834.03235778003,""totalGain"":7312234.6480554575,""totalLiquidation"":4,""totalLiquidationAmount"":54305.257947032966,""totalLose"":33,""totalLoss"":-2065993.528799448,""totalTrade"":74,""totalVolume"":530330702.7520001,""totalWin"":41,""type"":""FULL"",""updatedAt"":""2025-03-25T03:12:45.001Z"",""winRate"":55.4054054054054},{""account"":""0x3B7424D5CC87dc2B670F4c99540f7380de3D5880"",""accountSearch"":[""0x3b7424d5cc87dc2b670f4c99540f7380de3d5880"",""0885d3ed0837f04599c4f076b2cd78cc5d4247b3x0""],""avgDuration"":1448482.7878787876,""avgLeverage"":16.25961692314543,""avgRoi"":16.226363636363633,""avgVolume"":12536543.168936364,""createdAt"":""2023-11-28T04:03:30.299Z"",""gainLossRatio"":29.19008593326054,""id"":""656566924350fb0b6911f804"",""indexTokens"":[""0x2f2a2543B76A4166549F7aaB2e75Bef0aefC5B0f""],""lastTradeAt"":""2024-01-28T04:44:46.000Z"",""lastTradeAtTs"":1706417086000,""longRate"":100,""maxDuration"":6988200,""maxLeverage"":47.08912320693513,""maxPnl"":1133145.3381,""maxRoi"":73.12,""minDuration"":472.6666666666667,""minLeverage"":2.0987430966912832,""orderPositionRatio"":5.181818181818182,""pairs"":[""BTC-USDT""],""pnl"":3458580.7130999994,""profitLossRatio"":-2.9190085933260543,""profitRate"":96.6876543438444,""protocol"":""GMX"",""ranking"":{""avgDuration"":7.8340326340326385,""avgLeverage"":79.33426573426573,""avgVolume"":99.9972027972028,""orderPositionRatio"":1.0358974358974393,""pnl"":99.9990675990676,""realisedAvgRoi"":93.56083916083917,""realisedMaxDrawdown"":23.343589743589742,""realisedMaxRoi"":91.05174825174825,""realisedPnl"":99.9981351981352,""realisedProfitLossRatio"":3.2932400932400934,""realisedProfitRate"":64.63496503496503,""totalTrade"":92.52960372960372,""winRate"":65.95990675990676},""realisedAvgRoi"":24.11,""realisedGainLossRatio"":54.17586579634835,""realisedMaxDrawdown"":-44.16,""realisedMaxDrawdownPnl"":-101123.1858,""realisedMaxPnl"":1848553.9118,""realisedMaxRoi"":76.92,""realisedPnl"":5377312.9569999995,""realisedProfitLossRatio"":-5.417586579634835,""realisedProfitRate"":98.1876133966054,""realisedTotalGain"":5478436.1428,""realisedTotalLoss"":-101123.1858,""runTimeDays"":513,""statisticAt"":""2024-10-08T09:30:23.781Z"",""totalFee"":1918732.2439000001,""totalGain"":3581268.5516999997,""totalLiquidation"":0,""totalLiquidationAmount"":0,""totalLose"":1,""totalLoss"":-122687.8386,""totalTrade"":11,""totalVolume"":137901974.8583,""totalWin"":10,""type"":""FULL"",""updatedAt"":""2025-03-25T02:57:23.629Z"",""winRate"":90.9090909090909},{""account"":""0x1dc67aDaf9f163c5b1A95043addBDFA1AF58e512"",""accountSearch"":[""0x1dc67adaf9f163c5b1a95043addbdfa1af58e512"",""215e85fa1afdbdda34059a1b5c361f9fada76cd1x0""],""avgDuration"":1133625,""avgLeverage"":4.047076489636106,""avgRoi"":28.140909090909087,""avgVolume"":6089362.346329395,""createdAt"":""2024-03-18T00:21:55.215Z"",""gainLossRatio"":264.8792703360966,""id"":""65f78923c7392568e6777af7"",""indexTokens"":[""0x59b007E9ea8F89b069c43F8f45834d30853e3699"",""0x3D3f34416f60f77A0a6cC8e32abe45D32A7497cb"",""0x442b69937a0daf9D46439a71567fABE6Cb69FBaf"",""0x98cCbC721cc05E28a125943D69039B39BE6A21e9"",""0xC18f85A6DD3Bcd0516a1CA08d3B1f0A4E191A2C4"",""0x91cc4a83d026e5171525aFCAEd020123A653c2C9"",""0x31A1659Ca00F617E86Dc765B6494Afe70a5A9c1A"",""0x2C5E2148bF3409659967FE3684fd999A76171235"",""0xEAf0191bCa9DD417202cEf2B18B7515ABff1E196"",""0xc203A12F298CE73E44F7d45A4f59a43DBfFe204D"",""0x0EA09D97b4084d859328ec4bF8eBCF9ecCA26F1D"",""0x2B3bb4c683BFc5239B029131EEf3B1d214478d93""],""lastTradeAt"":""2024-08-25T15:21:49.000Z"",""lastTradeAtTs"":1724599309000,""longRate"":13.636363636363635,""maxDuration"":3639680,""maxLeverage"":10.253135530359422,""maxPnl"":1366207.8292106611,""maxRoi"":122.77,""minDuration"":36,""minLeverage"":1.0147739146219488,""orderPositionRatio"":50.40909090909091,""pairs"":[""BTC-USDT"",""PEPE-USDT"",""OP-USDT"",""DOGE-USDT"",""FTM-USDT"",""RNDR-USDT"",""LINK-USDT"",""FIL-USDT"",""RUNE-USDT"",""AVAX-USDT"",""SOL-USDT"",""ETH-USDT""],""pnl"":5268830.39610391,""profitLossRatio"":-26.48792703360966,""profitRate"":99.62388944473335,""protocol"":""KWENTA"",""ranking"":{""avgDuration"":11.62215628090999,""avgLeverage"":31.54302670623145,""avgVolume"":99.93076162215628,""orderPositionRatio"":0.18793273986152315,""pnl"":99.99010880316519,""realisedAvgRoi"":93.3135509396637,""realisedMaxDrawdown"":52.70029673590505,""realisedMaxRoi"":84.41147378832838,""realisedPnl"":99.98021760633037,""realisedProfitLossRatio"":0.9792284866468843,""realisedProfitRate"":78.02176063303659,""totalTrade"":81.59248269040555,""winRate"":78.02176063303659},""realisedAvgRoi"":27.41909090909091,""realisedGainLossRatio"":318.4411840760663,""realisedMaxDrawdown"":-20.14,""realisedMaxDrawdownPnl"":-16122.776799378187,""realisedMaxPnl"":1272603.056976339,""realisedMaxRoi"":114.24,""realisedPnl"":5366510.275571039,""realisedProfitLossRatio"":-31.844118407606626,""realisedProfitRate"":99.68695332666879,""realisedTotalGain"":5383415.801837867,""realisedTotalLoss"":-16905.526266828372,""runTimeDays"":216,""statisticAt"":""2024-10-08T09:57:41.840Z"",""totalFee"":97679.87946712898,""totalGain"":5288797.218012251,""totalLiquidation"":0,""totalLiquidationAmount"":0,""totalLose"":2,""totalLoss"":-19966.82190834137,""totalTrade"":22,""totalVolume"":133965971.61924668,""totalWin"":20,""type"":""FULL"",""updatedAt"":""2025-03-25T03:01:42.517Z"",""winRate"":90.9090909090909},{""account"":""0xe8c19dB00287e3536075114B2576c70773E039BD"",""accountSearch"":[""0xe8c19db00287e3536075114b2576c70773e039bd"",""db930e37707c6752b4115706353e78200bd91c8ex0""],""avgDuration"":51512.13636363636,""avgLeverage"":26.9262729037064,""avgRoi"":2.457727272727271,""avgVolume"":5642654.12441818,""createdAt"":""2024-12-12T08:29:33.648Z"",""gainLossRatio"":1.1726395031579069,""id"":""675a9eed71da4ef79ce2460c"",""indexTokens"":[""0x152b9d0FdC40C096757F570A51E494bd4b943E50"",""0x49D5c2BdFfac6CE2BFdB6640F4F80f226bc10bAB"",""0x50b7545627a5162F82A992c33b87aDc75187B218""],""lastTradeAt"":""2023-07-14T13:50:17.000Z"",""lastTradeAtTs"":1689342617000,""longRate"":47.72727272727273,""maxDuration"":457744.3333333333,""maxLeverage"":47.678878961330625,""maxPnl"":1573638.3636000003,""maxRoi"":609.41,""minDuration"":167.33333333333334,""minLeverage"":5.752211583105002,""orderPositionRatio"":3.0568181818181817,""pairs"":[""BTC-USDT"",""ETH-USDT"",""WBTC-USDT""],""pnl"":860886.4155000001,""profitLossRatio"":-1.284319455839612,""profitRate"":53.97303609059343,""protocol"":""GMX_AVAX"",""ranking"":{""avgDuration"":17.05561613958561,""avgLeverage"":80.93784078516903,""avgVolume"":99.98545983278808,""orderPositionRatio"":10.112686295892402,""pnl"":99.9781897491821,""realisedAvgRoi"":91.15957833515085,""realisedMaxDrawdown"":34.81643038894947,""realisedMaxRoi"":99.83278807706289,""realisedPnl"":99.98545983278808,""realisedProfitLossRatio"":6.230461650308978,""realisedProfitRate"":72.53362413667757,""totalTrade"":95.76154125772446,""winRate"":48.840421664849146},""realisedAvgRoi"":19.290340909090908,""realisedGainLossRatio"":2.373583276527453,""realisedMaxDrawdown"":-100,""realisedMaxDrawdownPnl"":-462113.3503,""realisedMaxPnl"":2288727.2211,""realisedMaxRoi"":886.33,""realisedPnl"":5225975.123000002,""realisedProfitLossRatio"":-2.5996388266729245,""realisedProfitRate"":70.35792752004227,""realisedTotalGain"":9030604.3816,""realisedTotalLoss"":-3804629.2585999994,""runTimeDays"":752,""statisticAt"":""2024-12-12T08:29:33.560Z"",""totalFee"":4365088.707500001,""totalGain"":5847499.5588,""totalLiquidation"":2,""totalLiquidationAmount"":-772590.2749000001,""totalLose"":46,""totalLoss"":-4986613.1433,""totalTrade"":88,""totalVolume"":496553562.9487999,""totalWin"":42,""type"":""FULL"",""updatedAt"":""2025-03-25T03:01:11.891Z"",""winRate"":47.72727272727273},{""account"":""0xbB3406CD37b3D4c1F0e35c948051060D23d7DED4"",""accountSearch"":[""0xbb3406cd37b3d4c1f0e35c948051060d23d7ded4"",""4ded7d32d060150849c53e0f1c4d3b73dc6043bbx0""],""avgDuration"":42998.528619528624,""avgLeverage"":13.294631621615032,""avgRoi"":1.932154882154882,""avgVolume"":3184106.4306525253,""createdAt"":""2024-01-16T08:04:15.529Z"",""gainLossRatio"":3.3256459217210224,""id"":""65a6387fd2d3d9a9063d89ae"",""indexTokens"":[""0x70d95587d40A2caf56bd97485aB3Eec10Bee6336"",""0x47c031236e19d024b42f8AE6780E44A573170703"",""0x09400D9DB990D5ed3f35D7be61DfAEB900Af03C9"",""0x7f1fa204bb700853D36994DA19F830b6Ad18455C"",""0xC25cEf6061Cf5dE5eb761b50E4743c1F5D7E5407""],""lastTradeAt"":""2024-03-11T03:49:55.000Z"",""lastTradeAtTs"":1710128995000,""longRate"":39.73063973063973,""maxDrawdownPnl"":null,""maxDuration"":1389159.6666666667,""maxLeverage"":49.973151469886815,""maxPnl"":602308.7931418321,""maxRoi"":50.81,""minDuration"":43.666666666666664,""minLeverage"":0.09999490605464727,""orderPositionRatio"":3.04040404040404,""pairs"":[""ETH-USDT"",""BTC-USDT"",""SOL-USDT"",""LINK-USDT"",""ARB-USDT""],""pnl"":3188063.116630055,""profit"":3188063.116630055,""profitLossRatio"":-0.5326229796506325,""profitRate"":76.88206528928899,""protocol"":""GMX_V2"",""ranking"":{""avgDuration"":35.91075523571817,""avgLeverage"":80.58191539231461,""avgVolume"":99.95375590720774,""orderPositionRatio"":3.7337353824323145,""pnl"":99.9968325963841,""realisedAvgRoi"":83.07972988381962,""realisedMaxDrawdown"":10.058406922677342,""realisedMaxRoi"":88.55110288993906,""realisedPnl"":99.9968325963841,""realisedProfitLossRatio"":10.338405402323607,""realisedProfitRate"":70.83391402399624,""totalTrade"":99.80615489870644,""winRate"":75.83461085279176},""realisedAvgRoi"":3.6959595959595952,""realisedGainLossRatio"":5.186714182179757,""realisedMaxDrawdown"":-77.83,""realisedMaxDrawdownPnl"":-137716.4595333715,""realisedMaxPnl"":699699.3825214821,""realisedMaxRoi"":53.18,""realisedPnl"":4963215.1398226945,""realisedProfitLossRatio"":-0.8306846932397266,""realisedProfitRate"":83.8363310385276,""realisedTotalGain"":6148683.008861386,""realisedTotalLoss"":-1185467.8690386896,""runTimeDays"":352,""statisticAt"":""2024-10-08T10:59:57.150Z"",""totalFee"":1775152.0231926397,""totalGain"":4558892.2212905055,""totalLiquidation"":1,""totalLiquidationAmount"":-74885.81183515971,""totalLose"":41,""totalLoss"":-1370829.1046604498,""totalTrade"":297,""totalVolume"":945679609.9038,""totalWin"":256,""type"":""FULL"",""updatedAt"":""2025-03-25T03:08:32.266Z"",""winLoseRate"":6.2439024390243905,""winRate"":86.19528619528619},{""account"":""0xbBbc35dFAC3A00a03A8Fde3540eCA4f0e15C5e64"",""accountSearch"":[""0xbbbc35dfac3a00a03a8fde3540eca4f0e15c5e64"",""46e5c51e0f4ace0453edf8a30a00a3cafd53cbbbx0""],""avgDuration"":4373087.095888888,""avgLeverage"":0,""avgRoi"":0,""avgVolume"":1479687.7695333334,""createdAt"":""2025-01-19T00:55:46.549Z"",""gainLossRatio"":320905.3879254184,""id"":""678c4d926edf6f345146a199"",""indexTokens"":[""INJ"",""WLD"",""DYM"",""SOL"",""ENA"",""ONDO"",""POPCAT"",""TRUMP""],""lastTradeAt"":""2025-01-18T06:37:05.562Z"",""lastTradeAtTs"":1737182225562,""longRate"":11.11111111111111,""maxDuration"":9725945.1,""maxLeverage"":0,""maxPnl"":0,""maxRoi"":0,""minDuration"":123.104,""minLeverage"":null,""orderPositionRatio"":87.33333333333333,""pairs"":[""INJ-USDT"",""WLD-USDT"",""DYM-USDT"",""SOL-USDT"",""ENA-USDT"",""ONDO-USDT"",""POPCAT-USDT"",""TRUMP-USDT""],""pnl"":4541186.987976,""profitLossRatio"":-40113.1734906773,""profitRate"":99.99968838264441,""protocol"":""HYPERLIQUID"",""ranking"":{""avgDuration"":0.6836093412096034,""avgLeverage"":86.63913844903409,""avgVolume"":99.73221672302937,""orderPositionRatio"":0.40784336492546913,""pnl"":99.99709720024964,""realisedAvgRoi"":99.00506538556438,""realisedMaxDrawdown"":89.01653144457829,""realisedMaxRoi"":93.1595523882785,""realisedPnl"":99.99709720024964,""realisedProfitLossRatio"":0.010159799126257276,""realisedProfitRate"":90.16241164603261,""totalTrade"":46.026792841695816,""winRate"":89.29084602098725},""realisedAvgRoi"":23.863948203130924,""realisedGainLossRatio"":1098720.7211277098,""realisedMaxDrawdown"":-0.017833825934340623,""realisedMaxDrawdownPnl"":-4.1348210000000005,""realisedMaxPnl"":2139659.5060879993,""realisedMaxRoi"":43.68258558280223,""realisedPnl"":4543009.376033,""realisedProfitLossRatio"":-137340.09014096373,""realisedProfitRate"":99.99990898514332,""realisedTotalGain"":4543013.510853999,""realisedTotalLoss"":-4.1348210000000005,""runTimeDays"":380,""statisticAt"":""2025-01-22T01:36:40.251Z"",""totalFee"":1822.3880569999997,""totalGain"":4541201.139191,""totalLiquidation"":0,""totalLiquidationAmount"":0,""totalLose"":1,""totalLoss"":-14.151215,""totalTrade"":9,""totalVolume"":13317189.925800001,""totalWin"":8,""type"":""FULL"",""updatedAt"":""2025-03-25T03:28:41.183Z"",""winRate"":88.88888888888889},{""account"":""0x856c35038594767646266bC7fd68DC26480E910d"",""accountSearch"":[""0x856c35038594767646266bc7fd68dc26480e910d"",""d019e08462cd86df7cb66264676749583053c658x0""],""avgDuration"":166058.2994120879,""avgLeverage"":0,""avgRoi"":0,""avgVolume"":1134705.1138769283,""createdAt"":""2024-12-20T04:43:15.334Z"",""gainLossRatio"":2.5430985381473423,""id"":""6764f5e304474dadc4db4b3c"",""indexTokens"":[""ETH"",""BTC"",""HYPE"",""USUAL"",""TRUMP"",""MELANIA"",""BERA"",""TST"",""LAYER"",""SOL"",""IP"",""BNB""],""lastTradeAt"":""2025-03-19T03:52:40.748Z"",""lastTradeAtTs"":1742356360748,""longRate"":48.35164835164835,""maxDuration"":5554800.76,""maxLeverage"":0,""maxPnl"":0,""maxRoi"":0,""minDuration"":1.03,""minLeverage"":null,""orderPositionRatio"":1788.7802197802198,""pairs"":[""ETH-USDT"",""BTC-USDT"",""HYPE-USDT"",""USUAL-USDT"",""TRUMP-USDT"",""MELANIA-USDT"",""BERA-USDT"",""TST-USDT"",""LAYER-USDT"",""SOL-USDT"",""IP-USDT"",""BNB-USDT""],""pnl"":4506155.646594169,""profitLossRatio"":-2.2284884097167432,""profitRate"":71.77611660434113,""protocol"":""HYPERLIQUID"",""ranking"":{""avgDuration"":25.014151148783,""avgLeverage"":52.737340164588744,""avgVolume"":99.62118463257812,""orderPositionRatio"":0.011611199001436034,""pnl"":99.99637150031205,""realisedAvgRoi"":50.80480123078709,""realisedMaxDrawdown"":17.102570429178943,""realisedMaxRoi"":68.05033454767123,""realisedPnl"":99.99637150031205,""realisedProfitLossRatio"":11.717151192324996,""realisedProfitRate"":79.64774525029391,""totalTrade"":92.12470427727544,""winRate"":61.95663217172963},""realisedAvgRoi"":-0.02360948839199596,""realisedGainLossRatio"":2.5533435550104864,""realisedMaxDrawdown"":-24.069712909232795,""realisedMaxDrawdownPnl"":-1291498.636490005,""realisedMaxPnl"":4785987.349467953,""realisedMaxRoi"":12.275939163861306,""realisedPnl"":4523744.528039947,""realisedProfitLossRatio"":-2.237466001813313,""realisedProfitRate"":71.85749183779532,""realisedTotalGain"":7436007.248960951,""realisedTotalLoss"":-2912262.720921005,""runTimeDays"":106,""statisticAt"":""2025-03-23T03:22:11.614Z"",""totalFee"":17588.881445778155,""totalGain"":7426355.19004283,""totalLiquidation"":0,""totalLiquidationAmount"":0,""totalLose"":85,""totalLoss"":-2920199.5434486624,""totalTrade"":182,""totalVolume"":206516330.72560096,""totalWin"":97,""type"":""FULL"",""updatedAt"":""2025-03-25T03:28:06.627Z"",""winRate"":53.2967032967033},{""account"":""0x4210Ebe4d47F7a183a8FeF5A7aa64f8eD918Df83"",""accountSearch"":[""0x4210ebe4d47f7a183a8fef5a7aa64f8ed918df83"",""38fd819de8f46aa7a5fef8a381a7f74d4ebe0124x0""],""avgDuration"":1262448.7916666665,""avgLeverage"":11.113398078943735,""avgRoi"":51.334999999999994,""avgVolume"":7779666.4639,""createdAt"":""2024-03-07T03:43:45.440Z"",""gainLossRatio"":26.434898251197676,""id"":""65e937f1d8fb813a7022d2a2"",""indexTokens"":[""0x47c031236e19d024b42f8AE6780E44A573170703"",""0x70d95587d40A2caf56bd97485aB3Eec10Bee6336""],""lastTradeAt"":""2024-12-22T01:41:54.000Z"",""lastTradeAtTs"":1734831714000,""longRate"":100,""maxDrawdownPnl"":null,""maxDuration"":6185726,""maxLeverage"":14.99905471187083,""maxPnl"":2580397.592364128,""maxRoi"":259.25,""minDuration"":1871.3333333333333,""minLeverage"":8.983264602981862,""orderPositionRatio"":2.375,""pairs"":[""BTC-USDT"",""ETH-USDT""],""pnl"":3054022.1056661666,""profit"":531166.9482089933,""profitLossRatio"":-3.776414035885382,""profitRate"":96.35500744036351,""protocol"":""GMX_V2"",""ranking"":{""avgDuration"":12.702555461237324,""avgLeverage"":78.84934561441295,""avgVolume"":99.98859734698273,""orderPositionRatio"":9.572527207997055,""pnl"":99.99619911566091,""realisedAvgRoi"":97.32671134817367,""realisedMaxDrawdown"":26.145649887873912,""realisedMaxRoi"":98.66272219336366,""realisedPnl"":99.99619911566091,""realisedProfitLossRatio"":1.9169126683475022,""realisedProfitRate"":72.69317994653423,""totalTrade"":92.51035740982402,""winRate"":75.85995008171902},""realisedAvgRoi"":69.5275,""realisedGainLossRatio"":52.729618613887546,""realisedMaxDrawdown"":-9.44,""realisedMaxDrawdownPnl"":-85815.49728551797,""realisedMaxPnl"":3425063.7777214083,""realisedMaxRoi"":344.12,""realisedPnl"":4439202.945740947,""realisedProfitLossRatio"":-7.5328026591267925,""realisedProfitRate"":98.13882914899096,""realisedTotalGain"":4525018.443026464,""realisedTotalLoss"":-85815.49728551797,""runTimeDays"":319,""statisticAt"":""2024-12-23T02:44:43.748Z"",""totalFee"":1385180.84007478,""totalGain"":3174094.223726335,""totalLiquidation"":0,""totalLiquidationAmount"":0,""totalLose"":1,""totalLoss"":-120072.11806016797,""totalTrade"":8,""totalVolume"":62237331.7112,""totalWin"":7,""type"":""FULL"",""updatedAt"":""2025-03-25T03:09:26.865Z"",""winLoseRate"":1,""winRate"":87.5},{""account"":""0x324E265AeE8575660094222ea2330234053487f7"",""accountSearch"":[""0x324e265aee8575660094222ea2330234053487f7"",""7f7843504320332ae2224900665758eea562e423x0""],""avgDuration"":1261825.1944444445,""avgLeverage"":24.570629584819187,""avgRoi"":47.28916666666667,""avgVolume"":4062155.390441667,""createdAt"":""2023-11-28T03:28:49.881Z"",""gainLossRatio"":7.76120521152177,""id"":""65655e724350fb0b690f1a2b"",""indexTokens"":[""0x82aF49447D8a07e3bd95BD0d56f35241523fBab1"",""0xFa7F8980b0f1E64A2062791cc3b0871572f1F7f0"",""0x2f2a2543B76A4166549F7aaB2e75Bef0aefC5B0f"",""0xf97f4df75117a78c1A5a0DBb814Af92458539FB4""],""lastTradeAt"":""2024-01-11T12:04:29.000Z"",""lastTradeAtTs"":1704974669000,""longRate"":33.33333333333333,""maxDuration"":8786488.666666666,""maxLeverage"":47.619047625582375,""maxPnl"":2461999.0348,""maxRoi"":208.19,""minDuration"":13720.333333333334,""minLeverage"":5.466777666666667,""orderPositionRatio"":3.8333333333333335,""pairs"":[""ETH-USDT"",""UNI-USDT"",""BTC-USDT"",""LINK-USDT""],""pnl"":3436217.8626999995,""profitLossRatio"":-2.58706840384059,""profitRate"":88.58604523171184,""protocol"":""GMX"",""ranking"":{""avgDuration"":8.61818181818181,""avgLeverage"":86.76363636363637,""avgVolume"":99.91235431235431,""orderPositionRatio"":2.6778554778554735,""pnl"":99.9981351981352,""realisedAvgRoi"":97.53659673659674,""realisedMaxDrawdown"":16.693706293706292,""realisedMaxRoi"":98.15104895104895,""realisedPnl"":99.9972027972028,""realisedProfitLossRatio"":4.6209790209790205,""realisedProfitRate"":63.02564102564102,""totalTrade"":93.02097902097903,""winRate"":63.73519813519813},""realisedAvgRoi"":59.6025,""realisedGainLossRatio"":10.277963345832552,""realisedMaxDrawdown"":-81.24,""realisedMaxDrawdownPnl"":-253437.1996,""realisedMaxPnl"":3190638.1637,""realisedMaxRoi"":236.68,""realisedPnl"":4390021.2606999995,""realisedProfitLossRatio"":-3.4259877819441837,""realisedProfitRate"":91.13315082399588,""realisedTotalGain"":4863187.741,""realisedTotalLoss"":-473166.4803,""runTimeDays"":481,""statisticAt"":""2024-10-08T09:28:49.689Z"",""totalFee"":953803.3979999999,""totalGain"":3944443.5052,""totalLiquidation"":0,""totalLiquidationAmount"":0,""totalLose"":3,""totalLoss"":-508225.6425,""totalTrade"":12,""totalVolume"":48745864.6853,""totalWin"":9,""type"":""FULL"",""updatedAt"":""2025-03-25T02:57:10.545Z"",""winRate"":75}]
```",67e22e91493e52075a55437c,2025-03-25T04:18:34.084Z
Spot a good entry position for me.,"```trader
[{""account"":""0xe8c19dB00287e3536075114B2576c70773E039BD"",""accountSearch"":[""0xe8c19db00287e3536075114b2576c70773e039bd"",""db930e37707c6752b4115706353e78200bd91c8ex0""],""avgDuration"":349119.0822510824,""avgLeverage"":20.569931086590415,""avgRoi"":0.4259740259740272,""avgVolume"":20329931.90120259,""createdAt"":""2023-12-01T03:57:41.648Z"",""gainLossRatio"":1.0717645516953371,""id"":""656959b5d8fb813a702d75a4"",""indexTokens"":[""0x2f2a2543B76A4166549F7aaB2e75Bef0aefC5B0f"",""0x82aF49447D8a07e3bd95BD0d56f35241523fBab1""],""lastTradeAt"":""2023-05-10T01:24:00.000Z"",""lastTradeAtTs"":1683681840000,""longRate"":48.05194805194805,""maxDuration"":2650973.6666666665,""maxLeverage"":47.628481702693854,""maxPnl"":2915573.9909,""maxRoi"":225.43,""minDuration"":761.6666666666666,""minLeverage"":1.7967658215714286,""orderPositionRatio"":4.87012987012987,""pairs"":[""BTC-USDT"",""ETH-USDT""],""pnl"":1181502.4632000048,""profitLossRatio"":-0.8474417385498014,""profitRate"":51.73196687906964,""protocol"":""GMX"",""ranking"":{""avgDuration"":16.519347319347318,""avgLeverage"":83.9011655011655,""avgVolume"":99.9990675990676,""orderPositionRatio"":1.3818181818181898,""pnl"":99.99347319347319,""realisedAvgRoi"":88.85128205128206,""realisedMaxDrawdown"":13.931934731934732,""realisedMaxRoi"":98.18461538461538,""realisedPnl"":99.9990675990676,""realisedProfitLossRatio"":8.62843822843823,""realisedProfitRate"":58.26386946386947,""totalTrade"":99.13846153846154,""winRate"":57.484382284382285},""realisedAvgRoi"":11.172987012987017,""realisedGainLossRatio"":2.046475568443048,""realisedMaxDrawdown"":-100,""realisedMaxDrawdownPnl"":-1521216.0469,""realisedMaxPnl"":4238612.3302,""realisedMaxRoi"":238.79,""realisedPnl"":13885127.080000006,""realisedProfitLossRatio"":-1.61814347272241,""realisedProfitRate"":67.17518399430111,""realisedTotalGain"":27153594.5901,""realisedTotalLoss"":-13268467.510099996,""runTimeDays"":726,""statisticAt"":""2024-10-08T09:52:43.148Z"",""totalFee"":12703624.6168,""totalGain"":17645096.748800002,""totalLiquidation"":1,""totalLiquidationAmount"":-981650.4088,""totalLose"":34,""totalLoss"":-16463594.285600003,""totalTrade"":77,""totalVolume"":1565404756.3925993,""totalWin"":43,""type"":""FULL"",""updatedAt"":""2025-03-25T02:59:51.681Z"",""winRate"":55.84415584415584},{""account"":""dydx17fw57q8rkh0ryf8cwjzcqmpcn7u9nw600g265j"",""accountSearch"":[""dydx17fw57q8rkh0ryf8cwjzcqmpcn7u9nw600g265j"",""j562g006wn9u7ncpmqczjwc8fyr0hkr8q75wf71xdyd""],""avgDuration"":193780,""avgLeverage"":0,""avgRoi"":99.98995514422522,""avgVolume"":11100000,""createdAt"":""2024-10-19T06:49:20.355Z"",""gainLossRatio"":11098885.021009,""id"":""671356707ea9aacb53a564ec"",""indexTokens"":[""IO-USD""],""lastTradeAt"":""2024-09-09T17:15:10.220Z"",""lastTradeAtTs"":1725902110220,""longRate"":0,""maxDuration"":193780,""maxLeverage"":0,""maxPnl"":11098885.021009,""maxRoi"":99.98995514422522,""minDuration"":193780,""minLeverage"":null,""orderPositionRatio"":2,""pairs"":[""IO-USDT""],""pnl"":11098885.021009,""profitLossRatio"":0,""profitRate"":100,""protocol"":""DYDX"",""ranking"":{""avgDuration"":39.09918911648283,""avgLeverage"":20.241343530225585,""avgVolume"":99.96156950155644,""orderPositionRatio"":93.83190499980785,""pnl"":99.99615695015565,""realisedAvgRoi"":99.91160985357979,""realisedMaxDrawdown"":90.08493140156027,""realisedMaxRoi"":97.34829560739404,""realisedPnl"":99.99615695015565,""realisedProfitLossRatio"":76.36140040736329,""realisedProfitRate"":90.11183275047078,""totalTrade"":3.5625072057184584,""winRate"":90.32704354175473},""realisedAvgRoi"":99.99995516216215,""realisedGainLossRatio"":11099995.023,""realisedMaxDrawdown"":0,""realisedMaxDrawdownPnl"":0,""realisedMaxPnl"":11099995.023,""realisedMaxRoi"":99.99995516216215,""realisedPnl"":11099995.023,""realisedProfitLossRatio"":0,""realisedProfitRate"":100,""realisedTotalGain"":11099995.023,""realisedTotalLoss"":0,""runTimeDays"":198,""statisticAt"":""2025-03-24T03:01:12.437Z"",""totalFee"":1110.001991,""totalGain"":11098885.021009,""totalLiquidation"":0,""totalLiquidationAmount"":0,""totalLose"":0,""totalLoss"":0,""totalTrade"":1,""totalVolume"":11100000,""totalWin"":1,""type"":""FULL"",""updatedAt"":""2025-03-25T02:16:53.154Z"",""winRate"":100},{""account"":""0x92812499fF2c040f93121Aab684680a6e603C4A7"",""accountSearch"":[""0x92812499ff2c040f93121aab684680a6e603c4a7"",""7a4c306e6a086486baa12139f040c2ff99421829x0""],""avgDuration"":486998.7549019609,""avgLeverage"":16.646988270676644,""avgRoi"":11.726764705882355,""avgVolume"":14743250.886532353,""createdAt"":""2024-01-16T07:08:29.289Z"",""gainLossRatio"":2.717389971824128,""id"":""65a62b6dd2d3d9a9063b32b1"",""indexTokens"":[""0x70d95587d40A2caf56bd97485aB3Eec10Bee6336"",""0x47c031236e19d024b42f8AE6780E44A573170703"",""0xC25cEf6061Cf5dE5eb761b50E4743c1F5D7E5407"",""0x09400D9DB990D5ed3f35D7be61DfAEB900Af03C9""],""lastTradeAt"":""2024-03-15T03:28:22.000Z"",""lastTradeAtTs"":1710473302000,""longRate"":85.29411764705883,""maxDrawdownPnl"":null,""maxDuration"":7444696.333333333,""maxLeverage"":35.07829001143788,""maxPnl"":1920966.7612970076,""maxRoi"":102.47,""minDuration"":180.33333333333334,""minLeverage"":1.7303768977119591,""orderPositionRatio"":4.529411764705882,""pairs"":[""ETH-USDT"",""BTC-USDT"",""ARB-USDT"",""SOL-USDT""],""pnl"":6689975.654637141,""profit"":6689975.654637142,""profitLossRatio"":-1.1322458215933866,""profitRate"":73.09940556198093,""protocol"":""GMX_V2"",""ranking"":{""avgDuration"":17.857188105765943,""avgLeverage"":83.23746658389184,""avgVolume"":99.99429867349137,""orderPositionRatio"":1.4848788151376624,""pnl"":99.99936651927682,""realisedAvgRoi"":91.55000063348072,""realisedMaxDrawdown"":2.4167289589377794,""realisedMaxRoi"":93.85080262007627,""realisedPnl"":99.99936651927682,""realisedProfitLossRatio"":6.657882400638549,""realisedProfitRate"":70.17699451405693,""totalTrade"":97.51485512295861,""winRate"":74.39154176538409},""realisedAvgRoi"":19.139999999999993,""realisedGainLossRatio"":3.6608517728375864,""realisedMaxDrawdown"":-97.79,""realisedMaxDrawdownPnl"":-831320.6539834061,""realisedMaxPnl"":2174277.3076414876,""realisedMaxRoi"":117.27,""realisedPnl"":9504449.318347491,""realisedProfitLossRatio"":-1.5253549053489943,""realisedProfitRate"":78.54469421602766,""realisedTotalGain"":13076406.770232063,""realisedTotalLoss"":-3571957.451884572,""runTimeDays"":292,""statisticAt"":""2024-10-08T10:48:10.688Z"",""totalFee"":2814473.66371035,""totalGain"":10585407.539296037,""totalLiquidation"":5,""totalLiquidationAmount"":-2759393.7434158633,""totalLose"":10,""totalLoss"":-3895431.884658892,""totalTrade"":34,""totalVolume"":501270530.14210004,""totalWin"":24,""type"":""FULL"",""updatedAt"":""2025-03-25T03:07:26.900Z"",""winLoseRate"":2.4,""winRate"":70.58823529411765},{""account"":""dydx1ycklg0q3cxvt2khh675mefxxx3x53mufuhakxe"",""accountSearch"":[""dydx1ycklg0q3cxvt2khh675mefxxx3x53mufuhakxe"",""exkahufum35x3xxxfem576hhk2tvxc3q0glkcy1xdyd""],""avgDuration"":256059.2074829932,""avgLeverage"":0,""avgRoi"":1.1534639672572884,""avgVolume"":3374333.3420474674,""createdAt"":""2024-10-26T02:05:43.243Z"",""gainLossRatio"":1.9932167233330202,""id"":""671c4e77b8302d5c8914ff0a"",""indexTokens"":[""BTC-USD"",""ETH-USD"",""DOGE-USD"",""WLD-USD"",""SOL-USD"",""SUI-USD"",""XRP-USD"",""XLM-USD"",""ALGO-USD"",""LTC-USD"",""HBAR-USD"",""AAVE-USD"",""TRUMP-USD""],""lastTradeAt"":""2025-02-02T03:23:47.569Z"",""lastTradeAtTs"":1738466627569,""longRate"":50.34013605442177,""maxDuration"":2986039,""maxLeverage"":0,""maxPnl"":1268375.4459890015,""maxRoi"":32.39966224381019,""minDuration"":121,""minLeverage"":null,""orderPositionRatio"":319.8503401360544,""pairs"":[""BTC-USDT"",""ETH-USDT"",""DOGE-USDT"",""WLD-USDT"",""SOL-USDT"",""SUI-USDT"",""XRP-USDT"",""XLM-USDT"",""ALGO-USDT"",""LTC-USDT"",""HBAR-USDT"",""AAVE-USDT""],""pnl"":9217020.97249725,""profitLossRatio"":-1.7393037649466485,""profitRate"":66.59112612178394,""protocol"":""DYDX"",""ranking"":{""avgDuration"":35.15621997617309,""avgLeverage"":94.58898581914607,""avgVolume"":99.80400445793782,""orderPositionRatio"":0.23442604050573834,""pnl"":99.99231390031129,""realisedAvgRoi"":83.20202913031783,""realisedMaxDrawdown"":30.67906690749779,""realisedMaxRoi"":89.59302102148264,""realisedPnl"":99.99231390031129,""realisedProfitLossRatio"":18.846316436724184,""realisedProfitRate"":76.16156181545675,""totalTrade"":92.90572998731793,""winRate"":66.86138119211407},""realisedAvgRoi"":1.143951555770139,""realisedGainLossRatio"":1.984211873836163,""realisedMaxDrawdown"":-12.07839015410555,""realisedMaxDrawdownPnl"":-1009934.548000023,""realisedMaxPnl"":1266808.2620000015,""realisedMaxRoi"":32.380759371260815,""realisedPnl"":9155751.303017251,""realisedProfitLossRatio"":-1.731446030035378,""realisedProfitRate"":66.49031495493269,""realisedTotalGain"":18458373.580201216,""realisedTotalLoss"":-9302622.27718396,""runTimeDays"":159,""statisticAt"":""2025-03-24T03:21:05.116Z"",""totalFee"":-61269.66947999999,""totalGain"":18496990.546073206,""totalLiquidation"":0,""totalLiquidationAmount"":0,""totalLose"":137,""totalLoss"":-9279969.573575962,""totalTrade"":294,""totalVolume"":992054002.5619555,""totalWin"":157,""type"":""FULL"",""updatedAt"":""2025-03-25T02:16:59.478Z"",""winRate"":53.40136054421769},{""account"":""0x08c788aFdACF6cf81180D2bBBE42A7434D0C7A92"",""accountSearch"":[""0x08c788afdacf6cf81180d2bbbe42a7434d0c7a92"",""29a7c0d4347a24ebbb2d08118fc6fcadfa887c80x0""],""avgDuration"":274649.2833333333,""avgLeverage"":10.182521553945595,""avgRoi"":8.191,""avgVolume"":5535468.140316251,""createdAt"":""2024-01-16T04:13:35.829Z"",""gainLossRatio"":4.9681379828872,""id"":""65a6026fd2d3d9a906313930"",""indexTokens"":[""0x70d95587d40A2caf56bd97485aB3Eec10Bee6336"",""0xC25cEf6061Cf5dE5eb761b50E4743c1F5D7E5407"",""0x09400D9DB990D5ed3f35D7be61DfAEB900Af03C9"",""0x47c031236e19d024b42f8AE6780E44A573170703""],""lastTradeAt"":""2025-03-20T17:23:48.000Z"",""lastTradeAtTs"":1742491428000,""longRate"":65,""maxDrawdownPnl"":null,""maxDuration"":6186397.333333333,""maxLeverage"":25.096144520551327,""maxPnl"":2597856.326984033,""maxRoi"":260.95,""minDuration"":25.666666666666668,""minLeverage"":4.999625064713501,""orderPositionRatio"":2.2625,""pairs"":[""ETH-USDT"",""ARB-USDT"",""SOL-USDT"",""BTC-USDT""],""pnl"":6159337.642425984,""profit"":589962.2064800878,""profitLossRatio"":-2.258244537676,""profitRate"":83.24435522658223,""protocol"":""GMX_V2"",""ranking"":{""avgDuration"":21.946939654626306,""avgLeverage"":77.49052946318844,""avgVolume"":99.97656121324228,""orderPositionRatio"":10.792611080844807,""pnl"":99.99873303855364,""realisedAvgRoi"":89.49815657109555,""realisedMaxDrawdown"":9.075878321022692,""realisedMaxRoi"":98.6715909234882,""realisedPnl"":99.99873303855364,""realisedProfitLossRatio"":3.032472221870288,""realisedProfitRate"":71.49400093755148,""totalTrade"":98.90281138744949,""winRate"":74.24520771832913},""realisedAvgRoi"":12.367625,""realisedGainLossRatio"":8.575236471584049,""realisedMaxDrawdown"":-80.62,""realisedMaxDrawdownPnl"":-286594.0315254478,""realisedMaxPnl"":3442276.247029633,""realisedMaxRoi"":345.77,""realisedPnl"":8832654.632044537,""realisedProfitLossRatio"":-3.8978347598109306,""realisedProfitRate"":89.55639369359022,""realisedTotalGain"":9998645.247014415,""realisedTotalLoss"":-1165990.6149698785,""runTimeDays"":436,""statisticAt"":""2025-03-21T03:47:37.435Z"",""totalFee"":2673316.989618553,""totalGain"":7711536.09645869,""totalLiquidation"":1,""totalLiquidationAmount"":-39751.639840003736,""totalLose"":25,""totalLoss"":-1552198.4540327084,""totalTrade"":80,""totalVolume"":442837451.2253001,""totalWin"":55,""type"":""FULL"",""updatedAt"":""2025-03-25T03:05:25.970Z"",""winLoseRate"":0.8888888888888888,""winRate"":68.75},{""account"":""0x2446bEb3905CfFbd2c5eB18F1f9c2996B05257c4"",""accountSearch"":[""0x2446beb3905cffbd2c5eb18f1f9c2996b05257c4"",""4c75250b6992c9f1f81be5c2dbffc5093beb6442x0""],""avgDuration"":2633718.5333333337,""avgLeverage"":4.044919454517844,""avgRoi"":1.8659999999999992,""avgVolume"":3200379.1616,""createdAt"":""2024-12-12T08:18:06.567Z"",""gainLossRatio"":32.83506931520649,""id"":""675a9c3e71da4ef79cdd76b2"",""indexTokens"":[""0xB31f66AA3C1e785363F0875A1B74E27b85FD66c7"",""0x152b9d0FdC40C096757F570A51E494bd4b943E50""],""lastTradeAt"":""2024-08-30T05:07:24.000Z"",""lastTradeAtTs"":1724994444000,""longRate"":100,""maxDuration"":7451630.666666667,""maxLeverage"":7.985819578034285,""maxPnl"":1251576.5588999996,""maxRoi"":87.5,""minDuration"":2070.3333333333335,""minLeverage"":0.8757740987583297,""orderPositionRatio"":4.8,""pairs"":[""AVAX-USDT"",""BTC-USDT""],""pnl"":1927268.6414,""profitLossRatio"":-8.208767328801622,""profitRate"":97.04448662219654,""protocol"":""GMX_AVAX"",""ranking"":{""avgDuration"":0.465285350781528,""avgLeverage"":24.87095601599418,""avgVolume"":99.94910941475827,""orderPositionRatio"":3.213376953834967,""pnl"":99.99272991639404,""realisedAvgRoi"":94.54743729552891,""realisedMaxDrawdown"":5.190839694656488,""realisedMaxRoi"":81.19956379498365,""realisedPnl"":99.99272991639404,""realisedProfitLossRatio"":0.450745183569611,""realisedProfitRate"":79.2075608869502,""totalTrade"":60.479825517993454,""winRate"":76.93929480189023},""realisedAvgRoi"":31.116000000000003,""realisedGainLossRatio"":142.67669995308862,""realisedMaxDrawdown"":-100,""realisedMaxDrawdownPnl"":-60141.6699,""realisedMaxPnl"":7646209.2157,""realisedMaxRoi"":102.27,""realisedPnl"":8520673.3211,""realisedProfitLossRatio"":-35.669174988272154,""realisedProfitRate"":99.30399292277279,""realisedTotalGain"":8580814.991,""realisedTotalLoss"":-60141.6699,""runTimeDays"":1027,""statisticAt"":""2024-12-12T08:18:06.375Z"",""totalFee"":6593404.6797,""totalGain"":1987807.8103999998,""totalLiquidation"":1,""totalLiquidationAmount"":-60141.6699,""totalLose"":1,""totalLoss"":-60539.169,""totalTrade"":5,""totalVolume"":16001895.808,""totalWin"":4,""type"":""FULL"",""updatedAt"":""2025-03-25T03:00:46.597Z"",""winRate"":80},{""account"":""0x160A8D28D63961297e51E4f1a0401bf4D27f5162"",""accountSearch"":[""0x160a8d28d63961297e51e4f1a0401bf4d27f5162"",""2615f72d4fb1040a1f4e15e79216936d82d8a061x0""],""avgDuration"":376790.73170731706,""avgLeverage"":10.98462749919798,""avgRoi"":-6.692621951219513,""avgVolume"":4460605.33188396,""createdAt"":""2023-11-29T00:23:38.425Z"",""gainLossRatio"":1.3347057375361804,""id"":""656684954350fb0b694d5e91"",""indexTokens"":[""0x2B3bb4c683BFc5239B029131EEf3B1d214478d93"",""0x442b69937a0daf9D46439a71567fABE6Cb69FBaf"",""0x59b007E9ea8F89b069c43F8f45834d30853e3699"",""0x0EA09D97b4084d859328ec4bF8eBCF9ecCA26F1D"",""0x139F94E4f0e1101c1464a321CBA815c34d58B5D9"",""0x96690aAe7CB7c4A9b5Be5695E94d72827DeCC33f"",""0xaa94C874b91ef16C8B56A1c5B2F34E39366bD484"",""0xF9DD29D2Fd9B38Cd90E390C797F1B7E0523f43A9"",""0x5374761526175B59f1E583246E20639909E189cE"",""0x0940B0A96C5e1ba33AEE331a9f950Bb2a6F2Fb25"",""0xEAf0191bCa9DD417202cEf2B18B7515ABff1E196"",""0x2C5E2148bF3409659967FE3684fd999A76171235"",""0x69F5F465a46f324Fb7bf3fD7c0D5c00f7165C7Ea"",""0xf7d9Bd13F877171f6C7f93F71bdf8e380335dc12"",""0xc203A12F298CE73E44F7d45A4f59a43DBfFe204D"",""0x31A1659Ca00F617E86Dc765B6494Afe70a5A9c1A"",""0x509072A5aE4a87AC89Fc8D64D94aDCb44Bd4b88e"",""0x3D3f34416f60f77A0a6cC8e32abe45D32A7497cb"",""0x6110DF298B411a46d6edce72f5CAca9Ad826C1De"",""0x074B8F19fc91d6B2eb51143E1f186Ca0DDB88042"",""0x852210F0616aC226A486ad3387DBF990e690116A"",""0x98cCbC721cc05E28a125943D69039B39BE6A21e9"",""0x35B0ed8473e7943d31Ee1eeeAd06C8767034Ce39"",""0xC18f85A6DD3Bcd0516a1CA08d3B1f0A4E191A2C4"",""0x09F9d7aaa6Bef9598c3b676c0E19C9786Aa566a8"",""0x66fc48720f09Ac386608FB65ede53Bb220D0D5Bc""],""lastTradeAt"":""2024-04-12T18:33:11.000Z"",""lastTradeAtTs"":1712946791000,""longRate"":85.36585365853658,""maxDuration"":2599166,""maxLeverage"":37.638590501515424,""maxPnl"":2331080.7975350968,""maxRoi"":263.18,""minDuration"":24,""minLeverage"":2.416528140035684,""orderPositionRatio"":6.664634146341464,""pairs"":[""ETH-USDT"",""OP-USDT"",""BTC-USDT"",""SOL-USDT"",""DYDX-USDT"",""BCH-USDT"",""LDO-USDT"",""ADA-USDT"",""AAVE-USDT"",""BNB-USDT"",""RUNE-USDT"",""FIL-USDT"",""SHIB-USDT"",""MKR-USDT"",""AVAX-USDT"",""LINK-USDT"",""ARB-USDT"",""PEPE-USDT"",""XRP-USDT"",""MATIC-USDT"",""INJ-USDT"",""DOGE-USDT"",""TIA-USDT"",""FTM-USDT"",""SUI-USDT"",""SEI-USDT""],""pnl"":5188376.667858058,""profitLossRatio"":-0.9454165640881279,""profitRate"":57.168049749374326,""protocol"":""KWENTA"",""ranking"":{""avgDuration"":24.876360039564787,""avgLeverage"":64.04549950544016,""avgVolume"":99.86152324431256,""orderPositionRatio"":4.530168150346185,""pnl"":99.98021760633037,""realisedAvgRoi"":79.02077151335311,""realisedMaxDrawdown"":15.272007912957466,""realisedMaxRoi"":95.78635014836794,""realisedPnl"":99.99010880316519,""realisedProfitLossRatio"":19.901088031651827,""realisedProfitRate"":64.4114737883284,""totalTrade"":96.89416419386745,""winRate"":60.781404549950544},""realisedAvgRoi"":6.750548780487803,""realisedGainLossRatio"":1.6534899672343848,""realisedMaxDrawdown"":-90.16,""realisedMaxDrawdownPnl"":-2395191.615180381,""realisedMaxPnl"":2778108.54530501,""realisedMaxRoi"":282.07,""realisedPnl"":8443307.417229064,""realisedProfitLossRatio"":-1.171222060124356,""realisedProfitRate"":62.3137825147967,""realisedTotalGain"":21363639.542543452,""realisedTotalLoss"":-12920332.125314385,""runTimeDays"":418,""statisticAt"":""2024-10-08T09:57:23.613Z"",""totalFee"":3254930.749371006,""totalGain"":20689684.491412215,""totalLiquidation"":38,""totalLiquidationAmount"":-9067435.95621334,""totalLose"":68,""totalLoss"":-15501307.823554156,""totalTrade"":164,""totalVolume"":731539274.4289695,""totalWin"":96,""type"":""FULL"",""updatedAt"":""2025-03-25T03:01:27.935Z"",""winRate"":58.536585365853654},{""account"":""0xd8b07BC1bC3bAe553BCA5E94E99935dC12Df24Ff"",""accountSearch"":[""0xd8b07bc1bc3bae553bca5e94e99935dc12df24ff"",""ff42fd21cd53999e49e5acb355eab3cb1cb70b8dx0""],""avgDuration"":1666167.146666666,""avgLeverage"":0,""avgRoi"":0,""avgVolume"":92612.69526350002,""createdAt"":""2024-11-25T03:41:53.703Z"",""gainLossRatio"":29.76327314338079,""id"":""6743f2013e07193713b51d50"",""indexTokens"":[""BTC"",""ZRO"",""kPEPE"",""ETH"",""ZK"",""MKR"",""WLD"",""kSHIB"",""WIF"",""SOL"",""POPCAT"",""JUP"",""kBONK"",""UMA"",""ALT"",""TURBO"",""BLUR"",""PENDLE"",""MEW"",""STX"",""DOGE"",""BCH"",""TAO"",""ONDO"",""XRP"",""SEI"",""STG"",""SUI"",""SAGA"",""AAVE"",""CRV"",""BOME"",""LDO"",""TRX"",""IO"",""XAI"",""BNB"",""TIA"",""AR"",""NEAR"",""FET"",""RENDER"",""AI"",""NOT"",""RUNE"",""FIL"",""RLB"",""ENA"",""INJ"",""BIGTIME"",""ORDI"",""PIXEL"",""SUPER"",""kLUNC"",""TON"",""ENS"",""UNI"",""APE"",""BRETT"",""W"",""MANTA"",""JTO"",""MERL"",""STRK"",""BLAST"",""FTM"",""LTC"",""MOVE"",""KAITO""],""lastTradeAt"":""2025-03-19T17:53:26.860Z"",""lastTradeAtTs"":1742406806860,""longRate"":55.371900826446286,""maxDuration"":17637001.72,""maxLeverage"":0,""maxPnl"":0,""maxRoi"":0,""minDuration"":7.892,""minLeverage"":null,""orderPositionRatio"":17.355371900826448,""pairs"":[""BTC-USDT"",""ZRO-USDT"",""1000PEPE-USDT"",""ETH-USDT"",""ZK-USDT"",""MKR-USDT"",""WLD-USDT"",""1000SHIB-USDT"",""WIF-USDT"",""SOL-USDT"",""POPCAT-USDT"",""JUP-USDT"",""1000BONK-USDT"",""UMA-USDT"",""ALT-USDT"",""TURBO-USDT"",""BLUR-USDT"",""PENDLE-USDT"",""MEW-USDT"",""STX-USDT"",""DOGE-USDT"",""BCH-USDT"",""TAO-USDT"",""ONDO-USDT"",""XRP-USDT"",""SEI-USDT"",""STG-USDT"",""SUI-USDT"",""SAGA-USDT"",""AAVE-USDT"",""CRV-USDT"",""BOME-USDT"",""LDO-USDT"",""TRX-USDT"",""IO-USDT"",""XAI-USDT"",""BNB-USDT"",""TIA-USDT"",""AR-USDT"",""NEAR-USDT"",""FET-USDT"",""RENDER-USDT"",""AI-USDT"",""NOT-USDT"",""RUNE-USDT"",""FIL-USDT"",""RLB-USDT"",""ENA-USDT"",""INJ-USDT"",""BIGTIME-USDT"",""ORDI-USDT"",""PIXEL-USDT"",""SUPER-USDT"",""1000LUNC-USDT"",""TON-USDT"",""ENS-USDT"",""UNI-USDT"",""APE-USDT"",""BRETT-USDT"",""W-USDT"",""MANTA-USDT"",""JTO-USDT"",""MERL-USDT"",""STRK-USDT"",""BLAST-USDT"",""FTM-USDT"",""LTC-USDT"",""MOVE-USDT"",""KAITO-USDT""],""pnl"":6695864.537907611,""profitLossRatio"":-17.62299067700178,""profitRate"":96.74937060390414,""protocol"":""HYPERLIQUID"",""ranking"":{""avgDuration"":3.1067214328219563,""avgLeverage"":92.44183515000218,""avgVolume"":95.13127911871,""orderPositionRatio"":2.193790911333977,""pnl"":99.99927430006241,""realisedAvgRoi"":97.59720750664015,""realisedMaxDrawdown"":0.04209059638020871,""realisedMaxRoi"":99.9499267043063,""realisedPnl"":99.99927430006241,""realisedProfitLossRatio"":1.6444360585784987,""realisedProfitRate"":88.42363459556742,""totalTrade"":96.42447640749504,""winRate"":74.14476262355042},""realisedAvgRoi"":13.106302357924287,""realisedGainLossRatio"":30.459032818692986,""realisedMaxDrawdown"":-816.1685294018178,""realisedMaxDrawdownPnl"":-40829.828346,""realisedMaxPnl"":426784.1173270001,""realisedMaxRoi"":1098.5933552074068,""realisedPnl"":6790924.070216999,""realisedProfitLossRatio"":-18.034953642647164,""realisedProfitRate"":96.8212627331448,""realisedTotalGain"":7021445.0147440005,""realisedTotalLoss"":-230520.94452700007,""runTimeDays"":278,""statisticAt"":""2025-03-23T03:24:40.340Z"",""totalFee"":95059.5323093888,""totalGain"":6928656.699791611,""totalLiquidation"":0,""totalLiquidationAmount"":0,""totalLose"":135,""totalLoss"":-232792.16188400003,""totalTrade"":363,""totalVolume"":33618408.380650505,""totalWin"":228,""type"":""FULL"",""updatedAt"":""2025-03-25T03:27:43.488Z"",""winRate"":62.8099173553719},{""account"":""0x5D2F4460Ac3514AdA79f5D9838916E508Ab39Bb7"",""accountSearch"":[""0x5d2f4460ac3514ada79f5d9838916e508ab39bb7"",""7bb93ba805e6198389d5f97ada4153ca0644f2d5x0""],""avgDuration"":4709651.956,""avgLeverage"":0,""avgRoi"":0,""avgVolume"":55875840.14078021,""createdAt"":""2025-03-18T03:42:12.408Z"",""gainLossRatio"":6195188.626884998,""id"":""67d8eb94007b82f96f2d2d90"",""indexTokens"":[""BTC""],""lastTradeAt"":""2025-03-17T18:22:31.155Z"",""lastTradeAtTs"":1742235751155,""longRate"":0,""maxDuration"":4709651.956,""maxLeverage"":0,""maxPnl"":0,""maxRoi"":0,""minDuration"":4709651.956,""minLeverage"":null,""orderPositionRatio"":230,""pairs"":[""BTC-USDT""],""pnl"":6195188.626884998,""profitLossRatio"":0,""profitRate"":100,""protocol"":""HYPERLIQUID"",""ranking"":{""avgDuration"":0.5950739488236394,""avgLeverage"":36.573099754713425,""avgVolume"":99.99927430006241,""orderPositionRatio"":0.14368858764277093,""pnl"":99.99854860012482,""realisedAvgRoi"":97.08994325026488,""realisedMaxDrawdown"":93.74954643753901,""realisedMaxRoi"":65.60690285780636,""realisedPnl"":99.99854860012482,""realisedProfitLossRatio"":85.45189335113717,""realisedProfitRate"":93.77422023541706,""totalTrade"":5.066836964252021,""winRate"":93.8068767326086},""realisedAvgRoi"":11.101925241185965,""realisedGainLossRatio"":6203294.000313998,""realisedMaxDrawdown"":0,""realisedMaxDrawdownPnl"":0,""realisedMaxPnl"":6203294.000313998,""realisedMaxRoi"":11.101925241185965,""realisedPnl"":6203294.000313998,""realisedProfitLossRatio"":0,""realisedProfitRate"":100,""realisedTotalGain"":6203294.000313998,""realisedTotalLoss"":0,""runTimeDays"":58,""statisticAt"":""2025-03-21T03:41:57.174Z"",""totalFee"":8105.373429000005,""totalGain"":6195188.626884998,""totalLiquidation"":0,""totalLiquidationAmount"":0,""totalLose"":0,""totalLoss"":0,""totalTrade"":1,""totalVolume"":55875840.14078021,""totalWin"":1,""type"":""FULL"",""updatedAt"":""2025-03-25T03:29:28.048Z"",""winRate"":100},{""account"":""0x0d21f939c96a13CcB9CcCBF2911545D009a2E34a"",""accountSearch"":[""0x0d21f939c96a13ccb9cccbf2911545d009a2e34a"",""a43e2a900d5451192fbccc9bcc31a69c939f12d0x0""],""avgDuration"":235984.30116666667,""avgLeverage"":0,""avgRoi"":0,""avgVolume"":12144836.347892037,""createdAt"":""2024-12-25T03:55:37.963Z"",""gainLossRatio"":5814139.808091942,""id"":""676b823a04474dadc4f4e8bd"",""indexTokens"":[""HYPE""],""lastTradeAt"":""2025-01-18T03:17:24.047Z"",""lastTradeAtTs"":1737170244047,""longRate"":33.33333333333333,""maxDuration"":521828.069,""maxLeverage"":0,""maxPnl"":0,""maxRoi"":0,""minDuration"":14402.825,""minLeverage"":null,""orderPositionRatio"":662.1666666666666,""pairs"":[""HYPE-USDT""],""pnl"":5814139.808091942,""profitLossRatio"":0,""profitRate"":100,""protocol"":""HYPERLIQUID"",""ranking"":{""avgDuration"":19.479237724785563,""avgLeverage"":6.0791883771898,""avgVolume"":99.99201730068651,""orderPositionRatio"":0.045719096068154386,""pnl"":99.99782290018723,""realisedAvgRoi"":97.58777340745148,""realisedMaxDrawdown"":90.72918329729023,""realisedMaxRoi"":92.28072976385724,""realisedPnl"":99.99782290018723,""realisedProfitLossRatio"":78.52944164646803,""realisedProfitRate"":90.76982249379526,""totalTrade"":36.03027620139624,""winRate"":90.80901029042512},""realisedAvgRoi"":13.066344776073997,""realisedGainLossRatio"":5819917.3390879985,""realisedMaxDrawdown"":0,""realisedMaxDrawdownPnl"":0,""realisedMaxPnl"":1910576.944848,""realisedMaxRoi"":40.723143432442384,""realisedPnl"":5819917.3390879985,""realisedProfitLossRatio"":0,""realisedProfitRate"":100,""realisedTotalGain"":5819917.3390879985,""realisedTotalLoss"":0,""runTimeDays"":51,""statisticAt"":""2025-01-22T00:58:15.810Z"",""totalFee"":5777.53099605599,""totalGain"":5814139.808091942,""totalLiquidation"":0,""totalLiquidationAmount"":0,""totalLose"":0,""totalLoss"":0,""totalTrade"":6,""totalVolume"":72869018.08735222,""totalWin"":6,""type"":""FULL"",""updatedAt"":""2025-03-25T03:28:08.677Z"",""winRate"":100},{""account"":""0x7Ab8C59Db7b959Bb8C3481d5b9836dfbc939AF21"",""accountSearch"":[""0x7ab8c59db7b959bb8c3481d5b9836dfbc939af21"",""12fa939cbfd6389b5d1843c8bb959b7bd95c8ba7x0""],""avgDuration"":36157.97435897436,""avgLeverage"":36.89851286330657,""avgRoi"":0.14538461538461597,""avgVolume"":17094846.20426923,""createdAt"":""2025-01-15T02:36:42.266Z"",""gainLossRatio"":3.6749451975142304,""id"":""67871f3a100f52533c66e5f6"",""indexTokens"":[""0x47c031236e19d024b42f8AE6780E44A573170703"",""0x0CCB4fAa6f1F1B30911619f1184082aB4E25813c"",""0x09400D9DB990D5ed3f35D7be61DfAEB900Af03C9"",""0xFec8f404FBCa3b11aFD3b3f0c57507C2a06dE636"",""0x70d95587d40A2caf56bd97485aB3Eec10Bee6336"",""0x7f1fa204bb700853D36994DA19F830b6Ad18455C""],""lastTradeAt"":""2025-01-27T07:36:16.000Z"",""lastTradeAtTs"":1737963376000,""longRate"":3.8461538461538463,""maxDuration"":161581.66666666666,""maxLeverage"":99.86163397441378,""maxPnl"":1140350.1700121288,""maxRoi"":102.96,""minDuration"":799,""minLeverage"":1.5359038108963894,""orderPositionRatio"":5.115384615384615,""pairs"":[""BTC-USDT"",""XRP-USDT"",""SOL-USDT"",""ETH-USDT"",""LINK-USDT""],""pnl"":5042478.00966149,""profitLossRatio"":-1.9455592222134162,""profitRate"":78.60937491776968,""protocol"":""GMX_V2"",""ranking"":{""avgDuration"":36.94839666028963,""avgLeverage"":92.7206730099203,""avgVolume"":99.99619911566091,""orderPositionRatio"":1.0636141342218934,""pnl"":99.99746607710728,""realisedAvgRoi"":86.94459577595055,""realisedMaxDrawdown"":2.2995350251491846,""realisedMaxRoi"":93.27686908487375,""realisedPnl"":99.99809955783046,""realisedProfitLossRatio"":4.7124630997478745,""realisedProfitRate"":70.51210581662,""totalTrade"":96.84843340217158,""winRate"":72.73942403932648},""realisedAvgRoi"":7.880384615384615,""realisedGainLossRatio"":4.34432932205963,""realisedMaxDrawdown"":-98.26,""realisedMaxDrawdownPnl"":-810393.7898924444,""realisedMaxPnl"":1179361.0145522887,""realisedMaxRoi"":106.48,""realisedPnl"":5813694.9327274,""realisedProfitLossRatio"":-2.299939052855098,""realisedProfitRate"":81.28857823427292,""realisedTotalGain"":7552068.870479139,""realisedTotalLoss"":-1738373.9377517384,""runTimeDays"":14,""statisticAt"":""2025-01-28T02:56:25.483Z"",""totalFee"":771216.92306591,""totalGain"":6927555.137352688,""totalLiquidation"":9,""totalLiquidationAmount"":-1738373.9377517384,""totalLose"":9,""totalLoss"":-1885077.1276911981,""totalTrade"":26,""totalVolume"":444466001.311,""totalWin"":17,""type"":""FULL"",""updatedAt"":""2025-03-25T03:13:08.422Z"",""winRate"":65.38461538461539},{""account"":""0x1640e916e10610Ba39aAC5Cd8a08acF3cCae1A4c"",""accountSearch"":[""0x1640e916e10610ba39aac5cd8a08acf3ccae1a4c"",""c4a1eacc3fca80a8dc5caa93ab01601e619e0461x0""],""avgDuration"":331768.2657657658,""avgLeverage"":13.40098117103464,""avgRoi"":11.362297297297296,""avgVolume"":7166631.118270271,""createdAt"":""2024-11-13T02:58:43.750Z"",""gainLossRatio"":3.5393308575872493,""id"":""673415e33c79f8ef10829365"",""indexTokens"":[""0x7f1fa204bb700853D36994DA19F830b6Ad18455C"",""0x6Ecf2133E2C9751cAAdCb6958b9654baE198a797"",""0x09400D9DB990D5ed3f35D7be61DfAEB900Af03C9"",""0x2b477989A149B17073D9C9C82eC9cB03591e20c6"",""0x6853EA96FF216fAb11D2d930CE3C508556A4bdc4"",""0x63Dc80EE90F26363B3FCD609007CC9e14c8991BE"",""0x70d95587d40A2caf56bd97485aB3Eec10Bee6336"",""0x47c031236e19d024b42f8AE6780E44A573170703"",""0x0CCB4fAa6f1F1B30911619f1184082aB4E25813c"",""0xD9535bB5f58A1a75032416F2dFe7880C30575a41""],""lastTradeAt"":""2025-03-24T14:12:24.000Z"",""lastTradeAtTs"":1742825544000,""longRate"":39.189189189189186,""maxDuration"":6019637.333333333,""maxLeverage"":50.917723442679836,""maxPnl"":1700089.4276074253,""maxRoi"":251.7,""minDuration"":24.666666666666668,""minLeverage"":2.502710194071636,""orderPositionRatio"":14.986486486486486,""pairs"":[""LINK-USDT"",""SUI-USDT"",""SOL-USDT"",""PEPE-USDT"",""DOGE-USDT"",""NEAR-USDT"",""ETH-USDT"",""BTC-USDT"",""XRP-USDT"",""LTC-USDT""],""pnl"":5246241.119256009,""profitLossRatio"":-2.848729714643396,""profitRate"":77.97032136733209,""protocol"":""GMX_V2"",""ranking"":{""avgDuration"":20.63880196125632,""avgLeverage"":80.65413219475731,""avgVolume"":99.9828960204741,""orderPositionRatio"":0.11085912655678953,""pnl"":99.99809955783046,""realisedAvgRoi"":89.6717302892473,""realisedMaxDrawdown"":3.088218525510269,""realisedMaxRoi"":97.82526067731759,""realisedPnl"":99.99746607710728,""realisedProfitLossRatio"":3.5126506100419363,""realisedProfitRate"":70.38350922981414,""totalTrade"":98.7989205488477,""winRate"":71.2216042265834},""realisedAvgRoi"":12.752432432432432,""realisedGainLossRatio"":4.035225945442763,""realisedMaxDrawdown"":-95.77,""realisedMaxDrawdownPnl"":-333259.1215487849,""realisedMaxPnl"":1719279.5124256553,""realisedMaxRoi"":257.04,""realisedPnl"":5714075.15161379,""realisedProfitLossRatio"":-3.24786478535637,""realisedProfitRate"":80.13991803277327,""realisedTotalGain"":7596661.573291287,""realisedTotalLoss"":-1882586.4216774974,""runTimeDays"":133,""statisticAt"":""2025-03-25T03:02:18.918Z"",""totalFee"":467834.03235778003,""totalGain"":7312234.6480554575,""totalLiquidation"":4,""totalLiquidationAmount"":54305.257947032966,""totalLose"":33,""totalLoss"":-2065993.528799448,""totalTrade"":74,""totalVolume"":530330702.7520001,""totalWin"":41,""type"":""FULL"",""updatedAt"":""2025-03-25T03:12:45.001Z"",""winRate"":55.4054054054054},{""account"":""0x3B7424D5CC87dc2B670F4c99540f7380de3D5880"",""accountSearch"":[""0x3b7424d5cc87dc2b670f4c99540f7380de3d5880"",""0885d3ed0837f04599c4f076b2cd78cc5d4247b3x0""],""avgDuration"":1448482.7878787876,""avgLeverage"":16.25961692314543,""avgRoi"":16.226363636363633,""avgVolume"":12536543.168936364,""createdAt"":""2023-11-28T04:03:30.299Z"",""gainLossRatio"":29.19008593326054,""id"":""656566924350fb0b6911f804"",""indexTokens"":[""0x2f2a2543B76A4166549F7aaB2e75Bef0aefC5B0f""],""lastTradeAt"":""2024-01-28T04:44:46.000Z"",""lastTradeAtTs"":1706417086000,""longRate"":100,""maxDuration"":6988200,""maxLeverage"":47.08912320693513,""maxPnl"":1133145.3381,""maxRoi"":73.12,""minDuration"":472.6666666666667,""minLeverage"":2.0987430966912832,""orderPositionRatio"":5.181818181818182,""pairs"":[""BTC-USDT""],""pnl"":3458580.7130999994,""profitLossRatio"":-2.9190085933260543,""profitRate"":96.6876543438444,""protocol"":""GMX"",""ranking"":{""avgDuration"":7.8340326340326385,""avgLeverage"":79.33426573426573,""avgVolume"":99.9972027972028,""orderPositionRatio"":1.0358974358974393,""pnl"":99.9990675990676,""realisedAvgRoi"":93.56083916083917,""realisedMaxDrawdown"":23.343589743589742,""realisedMaxRoi"":91.05174825174825,""realisedPnl"":99.9981351981352,""realisedProfitLossRatio"":3.2932400932400934,""realisedProfitRate"":64.63496503496503,""totalTrade"":92.52960372960372,""winRate"":65.95990675990676},""realisedAvgRoi"":24.11,""realisedGainLossRatio"":54.17586579634835,""realisedMaxDrawdown"":-44.16,""realisedMaxDrawdownPnl"":-101123.1858,""realisedMaxPnl"":1848553.9118,""realisedMaxRoi"":76.92,""realisedPnl"":5377312.9569999995,""realisedProfitLossRatio"":-5.417586579634835,""realisedProfitRate"":98.1876133966054,""realisedTotalGain"":5478436.1428,""realisedTotalLoss"":-101123.1858,""runTimeDays"":513,""statisticAt"":""2024-10-08T09:30:23.781Z"",""totalFee"":1918732.2439000001,""totalGain"":3581268.5516999997,""totalLiquidation"":0,""totalLiquidationAmount"":0,""totalLose"":1,""totalLoss"":-122687.8386,""totalTrade"":11,""totalVolume"":137901974.8583,""totalWin"":10,""type"":""FULL"",""updatedAt"":""2025-03-25T02:57:23.629Z"",""winRate"":90.9090909090909},{""account"":""0x1dc67aDaf9f163c5b1A95043addBDFA1AF58e512"",""accountSearch"":[""0x1dc67adaf9f163c5b1a95043addbdfa1af58e512"",""215e85fa1afdbdda34059a1b5c361f9fada76cd1x0""],""avgDuration"":1133625,""avgLeverage"":4.047076489636106,""avgRoi"":28.140909090909087,""avgVolume"":6089362.346329395,""createdAt"":""2024-03-18T00:21:55.215Z"",""gainLossRatio"":264.8792703360966,""id"":""65f78923c7392568e6777af7"",""indexTokens"":[""0x59b007E9ea8F89b069c43F8f45834d30853e3699"",""0x3D3f34416f60f77A0a6cC8e32abe45D32A7497cb"",""0x442b69937a0daf9D46439a71567fABE6Cb69FBaf"",""0x98cCbC721cc05E28a125943D69039B39BE6A21e9"",""0xC18f85A6DD3Bcd0516a1CA08d3B1f0A4E191A2C4"",""0x91cc4a83d026e5171525aFCAEd020123A653c2C9"",""0x31A1659Ca00F617E86Dc765B6494Afe70a5A9c1A"",""0x2C5E2148bF3409659967FE3684fd999A76171235"",""0xEAf0191bCa9DD417202cEf2B18B7515ABff1E196"",""0xc203A12F298CE73E44F7d45A4f59a43DBfFe204D"",""0x0EA09D97b4084d859328ec4bF8eBCF9ecCA26F1D"",""0x2B3bb4c683BFc5239B029131EEf3B1d214478d93""],""lastTradeAt"":""2024-08-25T15:21:49.000Z"",""lastTradeAtTs"":1724599309000,""longRate"":13.636363636363635,""maxDuration"":3639680,""maxLeverage"":10.253135530359422,""maxPnl"":1366207.8292106611,""maxRoi"":122.77,""minDuration"":36,""minLeverage"":1.0147739146219488,""orderPositionRatio"":50.40909090909091,""pairs"":[""BTC-USDT"",""PEPE-USDT"",""OP-USDT"",""DOGE-USDT"",""FTM-USDT"",""RNDR-USDT"",""LINK-USDT"",""FIL-USDT"",""RUNE-USDT"",""AVAX-USDT"",""SOL-USDT"",""ETH-USDT""],""pnl"":5268830.39610391,""profitLossRatio"":-26.48792703360966,""profitRate"":99.62388944473335,""protocol"":""KWENTA"",""ranking"":{""avgDuration"":11.62215628090999,""avgLeverage"":31.54302670623145,""avgVolume"":99.93076162215628,""orderPositionRatio"":0.18793273986152315,""pnl"":99.99010880316519,""realisedAvgRoi"":93.3135509396637,""realisedMaxDrawdown"":52.70029673590505,""realisedMaxRoi"":84.41147378832838,""realisedPnl"":99.98021760633037,""realisedProfitLossRatio"":0.9792284866468843,""realisedProfitRate"":78.02176063303659,""totalTrade"":81.59248269040555,""winRate"":78.02176063303659},""realisedAvgRoi"":27.41909090909091,""realisedGainLossRatio"":318.4411840760663,""realisedMaxDrawdown"":-20.14,""realisedMaxDrawdownPnl"":-16122.776799378187,""realisedMaxPnl"":1272603.056976339,""realisedMaxRoi"":114.24,""realisedPnl"":5366510.275571039,""realisedProfitLossRatio"":-31.844118407606626,""realisedProfitRate"":99.68695332666879,""realisedTotalGain"":5383415.801837867,""realisedTotalLoss"":-16905.526266828372,""runTimeDays"":216,""statisticAt"":""2024-10-08T09:57:41.840Z"",""totalFee"":97679.87946712898,""totalGain"":5288797.218012251,""totalLiquidation"":0,""totalLiquidationAmount"":0,""totalLose"":2,""totalLoss"":-19966.82190834137,""totalTrade"":22,""totalVolume"":133965971.61924668,""totalWin"":20,""type"":""FULL"",""updatedAt"":""2025-03-25T03:01:42.517Z"",""winRate"":90.9090909090909},{""account"":""0xe8c19dB00287e3536075114B2576c70773E039BD"",""accountSearch"":[""0xe8c19db00287e3536075114b2576c70773e039bd"",""db930e37707c6752b4115706353e78200bd91c8ex0""],""avgDuration"":51512.13636363636,""avgLeverage"":26.9262729037064,""avgRoi"":2.457727272727271,""avgVolume"":5642654.12441818,""createdAt"":""2024-12-12T08:29:33.648Z"",""gainLossRatio"":1.1726395031579069,""id"":""675a9eed71da4ef79ce2460c"",""indexTokens"":[""0x152b9d0FdC40C096757F570A51E494bd4b943E50"",""0x49D5c2BdFfac6CE2BFdB6640F4F80f226bc10bAB"",""0x50b7545627a5162F82A992c33b87aDc75187B218""],""lastTradeAt"":""2023-07-14T13:50:17.000Z"",""lastTradeAtTs"":1689342617000,""longRate"":47.72727272727273,""maxDuration"":457744.3333333333,""maxLeverage"":47.678878961330625,""maxPnl"":1573638.3636000003,""maxRoi"":609.41,""minDuration"":167.33333333333334,""minLeverage"":5.752211583105002,""orderPositionRatio"":3.0568181818181817,""pairs"":[""BTC-USDT"",""ETH-USDT"",""WBTC-USDT""],""pnl"":860886.4155000001,""profitLossRatio"":-1.284319455839612,""profitRate"":53.97303609059343,""protocol"":""GMX_AVAX"",""ranking"":{""avgDuration"":17.05561613958561,""avgLeverage"":80.93784078516903,""avgVolume"":99.98545983278808,""orderPositionRatio"":10.112686295892402,""pnl"":99.9781897491821,""realisedAvgRoi"":91.15957833515085,""realisedMaxDrawdown"":34.81643038894947,""realisedMaxRoi"":99.83278807706289,""realisedPnl"":99.98545983278808,""realisedProfitLossRatio"":6.230461650308978,""realisedProfitRate"":72.53362413667757,""totalTrade"":95.76154125772446,""winRate"":48.840421664849146},""realisedAvgRoi"":19.290340909090908,""realisedGainLossRatio"":2.373583276527453,""realisedMaxDrawdown"":-100,""realisedMaxDrawdownPnl"":-462113.3503,""realisedMaxPnl"":2288727.2211,""realisedMaxRoi"":886.33,""realisedPnl"":5225975.123000002,""realisedProfitLossRatio"":-2.5996388266729245,""realisedProfitRate"":70.35792752004227,""realisedTotalGain"":9030604.3816,""realisedTotalLoss"":-3804629.2585999994,""runTimeDays"":752,""statisticAt"":""2024-12-12T08:29:33.560Z"",""totalFee"":4365088.707500001,""totalGain"":5847499.5588,""totalLiquidation"":2,""totalLiquidationAmount"":-772590.2749000001,""totalLose"":46,""totalLoss"":-4986613.1433,""totalTrade"":88,""totalVolume"":496553562.9487999,""totalWin"":42,""type"":""FULL"",""updatedAt"":""2025-03-25T03:01:11.891Z"",""winRate"":47.72727272727273},{""account"":""0xbB3406CD37b3D4c1F0e35c948051060D23d7DED4"",""accountSearch"":[""0xbb3406cd37b3d4c1f0e35c948051060d23d7ded4"",""4ded7d32d060150849c53e0f1c4d3b73dc6043bbx0""],""avgDuration"":42998.528619528624,""avgLeverage"":13.294631621615032,""avgRoi"":1.932154882154882,""avgVolume"":3184106.4306525253,""createdAt"":""2024-01-16T08:04:15.529Z"",""gainLossRatio"":3.3256459217210224,""id"":""65a6387fd2d3d9a9063d89ae"",""indexTokens"":[""0x70d95587d40A2caf56bd97485aB3Eec10Bee6336"",""0x47c031236e19d024b42f8AE6780E44A573170703"",""0x09400D9DB990D5ed3f35D7be61DfAEB900Af03C9"",""0x7f1fa204bb700853D36994DA19F830b6Ad18455C"",""0xC25cEf6061Cf5dE5eb761b50E4743c1F5D7E5407""],""lastTradeAt"":""2024-03-11T03:49:55.000Z"",""lastTradeAtTs"":1710128995000,""longRate"":39.73063973063973,""maxDrawdownPnl"":null,""maxDuration"":1389159.6666666667,""maxLeverage"":49.973151469886815,""maxPnl"":602308.7931418321,""maxRoi"":50.81,""minDuration"":43.666666666666664,""minLeverage"":0.09999490605464727,""orderPositionRatio"":3.04040404040404,""pairs"":[""ETH-USDT"",""BTC-USDT"",""SOL-USDT"",""LINK-USDT"",""ARB-USDT""],""pnl"":3188063.116630055,""profit"":3188063.116630055,""profitLossRatio"":-0.5326229796506325,""profitRate"":76.88206528928899,""protocol"":""GMX_V2"",""ranking"":{""avgDuration"":35.91075523571817,""avgLeverage"":80.58191539231461,""avgVolume"":99.95375590720774,""orderPositionRatio"":3.7337353824323145,""pnl"":99.9968325963841,""realisedAvgRoi"":83.07972988381962,""realisedMaxDrawdown"":10.058406922677342,""realisedMaxRoi"":88.55110288993906,""realisedPnl"":99.9968325963841,""realisedProfitLossRatio"":10.338405402323607,""realisedProfitRate"":70.83391402399624,""totalTrade"":99.80615489870644,""winRate"":75.83461085279176},""realisedAvgRoi"":3.6959595959595952,""realisedGainLossRatio"":5.186714182179757,""realisedMaxDrawdown"":-77.83,""realisedMaxDrawdownPnl"":-137716.4595333715,""realisedMaxPnl"":699699.3825214821,""realisedMaxRoi"":53.18,""realisedPnl"":4963215.1398226945,""realisedProfitLossRatio"":-0.8306846932397266,""realisedProfitRate"":83.8363310385276,""realisedTotalGain"":6148683.008861386,""realisedTotalLoss"":-1185467.8690386896,""runTimeDays"":352,""statisticAt"":""2024-10-08T10:59:57.150Z"",""totalFee"":1775152.0231926397,""totalGain"":4558892.2212905055,""totalLiquidation"":1,""totalLiquidationAmount"":-74885.81183515971,""totalLose"":41,""totalLoss"":-1370829.1046604498,""totalTrade"":297,""totalVolume"":945679609.9038,""totalWin"":256,""type"":""FULL"",""updatedAt"":""2025-03-25T03:08:32.266Z"",""winLoseRate"":6.2439024390243905,""winRate"":86.19528619528619},{""account"":""0xbBbc35dFAC3A00a03A8Fde3540eCA4f0e15C5e64"",""accountSearch"":[""0xbbbc35dfac3a00a03a8fde3540eca4f0e15c5e64"",""46e5c51e0f4ace0453edf8a30a00a3cafd53cbbbx0""],""avgDuration"":4373087.095888888,""avgLeverage"":0,""avgRoi"":0,""avgVolume"":1479687.7695333334,""createdAt"":""2025-01-19T00:55:46.549Z"",""gainLossRatio"":320905.3879254184,""id"":""678c4d926edf6f345146a199"",""indexTokens"":[""INJ"",""WLD"",""DYM"",""SOL"",""ENA"",""ONDO"",""POPCAT"",""TRUMP""],""lastTradeAt"":""2025-01-18T06:37:05.562Z"",""lastTradeAtTs"":1737182225562,""longRate"":11.11111111111111,""maxDuration"":9725945.1,""maxLeverage"":0,""maxPnl"":0,""maxRoi"":0,""minDuration"":123.104,""minLeverage"":null,""orderPositionRatio"":87.33333333333333,""pairs"":[""INJ-USDT"",""WLD-USDT"",""DYM-USDT"",""SOL-USDT"",""ENA-USDT"",""ONDO-USDT"",""POPCAT-USDT"",""TRUMP-USDT""],""pnl"":4541186.987976,""profitLossRatio"":-40113.1734906773,""profitRate"":99.99968838264441,""protocol"":""HYPERLIQUID"",""ranking"":{""avgDuration"":0.6836093412096034,""avgLeverage"":86.63913844903409,""avgVolume"":99.73221672302937,""orderPositionRatio"":0.40784336492546913,""pnl"":99.99709720024964,""realisedAvgRoi"":99.00506538556438,""realisedMaxDrawdown"":89.01653144457829,""realisedMaxRoi"":93.1595523882785,""realisedPnl"":99.99709720024964,""realisedProfitLossRatio"":0.010159799126257276,""realisedProfitRate"":90.16241164603261,""totalTrade"":46.026792841695816,""winRate"":89.29084602098725},""realisedAvgRoi"":23.863948203130924,""realisedGainLossRatio"":1098720.7211277098,""realisedMaxDrawdown"":-0.017833825934340623,""realisedMaxDrawdownPnl"":-4.1348210000000005,""realisedMaxPnl"":2139659.5060879993,""realisedMaxRoi"":43.68258558280223,""realisedPnl"":4543009.376033,""realisedProfitLossRatio"":-137340.09014096373,""realisedProfitRate"":99.99990898514332,""realisedTotalGain"":4543013.510853999,""realisedTotalLoss"":-4.1348210000000005,""runTimeDays"":380,""statisticAt"":""2025-01-22T01:36:40.251Z"",""totalFee"":1822.3880569999997,""totalGain"":4541201.139191,""totalLiquidation"":0,""totalLiquidationAmount"":0,""totalLose"":1,""totalLoss"":-14.151215,""totalTrade"":9,""totalVolume"":13317189.925800001,""totalWin"":8,""type"":""FULL"",""updatedAt"":""2025-03-25T03:28:41.183Z"",""winRate"":88.88888888888889},{""account"":""0x856c35038594767646266bC7fd68DC26480E910d"",""accountSearch"":[""0x856c35038594767646266bc7fd68dc26480e910d"",""d019e08462cd86df7cb66264676749583053c658x0""],""avgDuration"":166058.2994120879,""avgLeverage"":0,""avgRoi"":0,""avgVolume"":1134705.1138769283,""createdAt"":""2024-12-20T04:43:15.334Z"",""gainLossRatio"":2.5430985381473423,""id"":""6764f5e304474dadc4db4b3c"",""indexTokens"":[""ETH"",""BTC"",""HYPE"",""USUAL"",""TRUMP"",""MELANIA"",""BERA"",""TST"",""LAYER"",""SOL"",""IP"",""BNB""],""lastTradeAt"":""2025-03-19T03:52:40.748Z"",""lastTradeAtTs"":1742356360748,""longRate"":48.35164835164835,""maxDuration"":5554800.76,""maxLeverage"":0,""maxPnl"":0,""maxRoi"":0,""minDuration"":1.03,""minLeverage"":null,""orderPositionRatio"":1788.7802197802198,""pairs"":[""ETH-USDT"",""BTC-USDT"",""HYPE-USDT"",""USUAL-USDT"",""TRUMP-USDT"",""MELANIA-USDT"",""BERA-USDT"",""TST-USDT"",""LAYER-USDT"",""SOL-USDT"",""IP-USDT"",""BNB-USDT""],""pnl"":4506155.646594169,""profitLossRatio"":-2.2284884097167432,""profitRate"":71.77611660434113,""protocol"":""HYPERLIQUID"",""ranking"":{""avgDuration"":25.014151148783,""avgLeverage"":52.737340164588744,""avgVolume"":99.62118463257812,""orderPositionRatio"":0.011611199001436034,""pnl"":99.99637150031205,""realisedAvgRoi"":50.80480123078709,""realisedMaxDrawdown"":17.102570429178943,""realisedMaxRoi"":68.05033454767123,""realisedPnl"":99.99637150031205,""realisedProfitLossRatio"":11.717151192324996,""realisedProfitRate"":79.64774525029391,""totalTrade"":92.12470427727544,""winRate"":61.95663217172963},""realisedAvgRoi"":-0.02360948839199596,""realisedGainLossRatio"":2.5533435550104864,""realisedMaxDrawdown"":-24.069712909232795,""realisedMaxDrawdownPnl"":-1291498.636490005,""realisedMaxPnl"":4785987.349467953,""realisedMaxRoi"":12.275939163861306,""realisedPnl"":4523744.528039947,""realisedProfitLossRatio"":-2.237466001813313,""realisedProfitRate"":71.85749183779532,""realisedTotalGain"":7436007.248960951,""realisedTotalLoss"":-2912262.720921005,""runTimeDays"":106,""statisticAt"":""2025-03-23T03:22:11.614Z"",""totalFee"":17588.881445778155,""totalGain"":7426355.19004283,""totalLiquidation"":0,""totalLiquidationAmount"":0,""totalLose"":85,""totalLoss"":-2920199.5434486624,""totalTrade"":182,""totalVolume"":206516330.72560096,""totalWin"":97,""type"":""FULL"",""updatedAt"":""2025-03-25T03:28:06.627Z"",""winRate"":53.2967032967033},{""account"":""0x4210Ebe4d47F7a183a8FeF5A7aa64f8eD918Df83"",""accountSearch"":[""0x4210ebe4d47f7a183a8fef5a7aa64f8ed918df83"",""38fd819de8f46aa7a5fef8a381a7f74d4ebe0124x0""],""avgDuration"":1262448.7916666665,""avgLeverage"":11.113398078943735,""avgRoi"":51.334999999999994,""avgVolume"":7779666.4639,""createdAt"":""2024-03-07T03:43:45.440Z"",""gainLossRatio"":26.434898251197676,""id"":""65e937f1d8fb813a7022d2a2"",""indexTokens"":[""0x47c031236e19d024b42f8AE6780E44A573170703"",""0x70d95587d40A2caf56bd97485aB3Eec10Bee6336""],""lastTradeAt"":""2024-12-22T01:41:54.000Z"",""lastTradeAtTs"":1734831714000,""longRate"":100,""maxDrawdownPnl"":null,""maxDuration"":6185726,""maxLeverage"":14.99905471187083,""maxPnl"":2580397.592364128,""maxRoi"":259.25,""minDuration"":1871.3333333333333,""minLeverage"":8.983264602981862,""orderPositionRatio"":2.375,""pairs"":[""BTC-USDT"",""ETH-USDT""],""pnl"":3054022.1056661666,""profit"":531166.9482089933,""profitLossRatio"":-3.776414035885382,""profitRate"":96.35500744036351,""protocol"":""GMX_V2"",""ranking"":{""avgDuration"":12.702555461237324,""avgLeverage"":78.84934561441295,""avgVolume"":99.98859734698273,""orderPositionRatio"":9.572527207997055,""pnl"":99.99619911566091,""realisedAvgRoi"":97.32671134817367,""realisedMaxDrawdown"":26.145649887873912,""realisedMaxRoi"":98.66272219336366,""realisedPnl"":99.99619911566091,""realisedProfitLossRatio"":1.9169126683475022,""realisedProfitRate"":72.69317994653423,""totalTrade"":92.51035740982402,""winRate"":75.85995008171902},""realisedAvgRoi"":69.5275,""realisedGainLossRatio"":52.729618613887546,""realisedMaxDrawdown"":-9.44,""realisedMaxDrawdownPnl"":-85815.49728551797,""realisedMaxPnl"":3425063.7777214083,""realisedMaxRoi"":344.12,""realisedPnl"":4439202.945740947,""realisedProfitLossRatio"":-7.5328026591267925,""realisedProfitRate"":98.13882914899096,""realisedTotalGain"":4525018.443026464,""realisedTotalLoss"":-85815.49728551797,""runTimeDays"":319,""statisticAt"":""2024-12-23T02:44:43.748Z"",""totalFee"":1385180.84007478,""totalGain"":3174094.223726335,""totalLiquidation"":0,""totalLiquidationAmount"":0,""totalLose"":1,""totalLoss"":-120072.11806016797,""totalTrade"":8,""totalVolume"":62237331.7112,""totalWin"":7,""type"":""FULL"",""updatedAt"":""2025-03-25T03:09:26.865Z"",""winLoseRate"":1,""winRate"":87.5},{""account"":""0x324E265AeE8575660094222ea2330234053487f7"",""accountSearch"":[""0x324e265aee8575660094222ea2330234053487f7"",""7f7843504320332ae2224900665758eea562e423x0""],""avgDuration"":1261825.1944444445,""avgLeverage"":24.570629584819187,""avgRoi"":47.28916666666667,""avgVolume"":4062155.390441667,""createdAt"":""2023-11-28T03:28:49.881Z"",""gainLossRatio"":7.76120521152177,""id"":""65655e724350fb0b690f1a2b"",""indexTokens"":[""0x82aF49447D8a07e3bd95BD0d56f35241523fBab1"",""0xFa7F8980b0f1E64A2062791cc3b0871572f1F7f0"",""0x2f2a2543B76A4166549F7aaB2e75Bef0aefC5B0f"",""0xf97f4df75117a78c1A5a0DBb814Af92458539FB4""],""lastTradeAt"":""2024-01-11T12:04:29.000Z"",""lastTradeAtTs"":1704974669000,""longRate"":33.33333333333333,""maxDuration"":8786488.666666666,""maxLeverage"":47.619047625582375,""maxPnl"":2461999.0348,""maxRoi"":208.19,""minDuration"":13720.333333333334,""minLeverage"":5.466777666666667,""orderPositionRatio"":3.8333333333333335,""pairs"":[""ETH-USDT"",""UNI-USDT"",""BTC-USDT"",""LINK-USDT""],""pnl"":3436217.8626999995,""profitLossRatio"":-2.58706840384059,""profitRate"":88.58604523171184,""protocol"":""GMX"",""ranking"":{""avgDuration"":8.61818181818181,""avgLeverage"":86.76363636363637,""avgVolume"":99.91235431235431,""orderPositionRatio"":2.6778554778554735,""pnl"":99.9981351981352,""realisedAvgRoi"":97.53659673659674,""realisedMaxDrawdown"":16.693706293706292,""realisedMaxRoi"":98.15104895104895,""realisedPnl"":99.9972027972028,""realisedProfitLossRatio"":4.6209790209790205,""realisedProfitRate"":63.02564102564102,""totalTrade"":93.02097902097903,""winRate"":63.73519813519813},""realisedAvgRoi"":59.6025,""realisedGainLossRatio"":10.277963345832552,""realisedMaxDrawdown"":-81.24,""realisedMaxDrawdownPnl"":-253437.1996,""realisedMaxPnl"":3190638.1637,""realisedMaxRoi"":236.68,""realisedPnl"":4390021.2606999995,""realisedProfitLossRatio"":-3.4259877819441837,""realisedProfitRate"":91.13315082399588,""realisedTotalGain"":4863187.741,""realisedTotalLoss"":-473166.4803,""runTimeDays"":481,""statisticAt"":""2024-10-08T09:28:49.689Z"",""totalFee"":953803.3979999999,""totalGain"":3944443.5052,""totalLiquidation"":0,""totalLiquidationAmount"":0,""totalLose"":3,""totalLoss"":-508225.6425,""totalTrade"":12,""totalVolume"":48745864.6853,""totalWin"":9,""type"":""FULL"",""updatedAt"":""2025-03-25T02:57:10.545Z"",""winRate"":75}]
```",67e22e91493e52075a55437a,2025-03-25T04:18:34.315Z
Find a solid entry for this trade.,"```trader
[{""account"":""0xe8c19dB00287e3536075114B2576c70773E039BD"",""accountSearch"":[""0xe8c19db00287e3536075114b2576c70773e039bd"",""db930e37707c6752b4115706353e78200bd91c8ex0""],""avgDuration"":349119.0822510824,""avgLeverage"":20.569931086590415,""avgRoi"":0.4259740259740272,""avgVolume"":20329931.90120259,""createdAt"":""2023-12-01T03:57:41.648Z"",""gainLossRatio"":1.0717645516953371,""id"":""656959b5d8fb813a702d75a4"",""indexTokens"":[""0x2f2a2543B76A4166549F7aaB2e75Bef0aefC5B0f"",""0x82aF49447D8a07e3bd95BD0d56f35241523fBab1""],""lastTradeAt"":""2023-05-10T01:24:00.000Z"",""lastTradeAtTs"":1683681840000,""longRate"":48.05194805194805,""maxDuration"":2650973.6666666665,""maxLeverage"":47.628481702693854,""maxPnl"":2915573.9909,""maxRoi"":225.43,""minDuration"":761.6666666666666,""minLeverage"":1.7967658215714286,""orderPositionRatio"":4.87012987012987,""pairs"":[""BTC-USDT"",""ETH-USDT""],""pnl"":1181502.4632000048,""profitLossRatio"":-0.8474417385498014,""profitRate"":51.73196687906964,""protocol"":""GMX"",""ranking"":{""avgDuration"":16.519347319347318,""avgLeverage"":83.9011655011655,""avgVolume"":99.9990675990676,""orderPositionRatio"":1.3818181818181898,""pnl"":99.99347319347319,""realisedAvgRoi"":88.85128205128206,""realisedMaxDrawdown"":13.931934731934732,""realisedMaxRoi"":98.18461538461538,""realisedPnl"":99.9990675990676,""realisedProfitLossRatio"":8.62843822843823,""realisedProfitRate"":58.26386946386947,""totalTrade"":99.13846153846154,""winRate"":57.484382284382285},""realisedAvgRoi"":11.172987012987017,""realisedGainLossRatio"":2.046475568443048,""realisedMaxDrawdown"":-100,""realisedMaxDrawdownPnl"":-1521216.0469,""realisedMaxPnl"":4238612.3302,""realisedMaxRoi"":238.79,""realisedPnl"":13885127.080000006,""realisedProfitLossRatio"":-1.61814347272241,""realisedProfitRate"":67.17518399430111,""realisedTotalGain"":27153594.5901,""realisedTotalLoss"":-13268467.510099996,""runTimeDays"":726,""statisticAt"":""2024-10-08T09:52:43.148Z"",""totalFee"":12703624.6168,""totalGain"":17645096.748800002,""totalLiquidation"":1,""totalLiquidationAmount"":-981650.4088,""totalLose"":34,""totalLoss"":-16463594.285600003,""totalTrade"":77,""totalVolume"":1565404756.3925993,""totalWin"":43,""type"":""FULL"",""updatedAt"":""2025-03-25T02:59:51.681Z"",""winRate"":55.84415584415584},{""account"":""dydx17fw57q8rkh0ryf8cwjzcqmpcn7u9nw600g265j"",""accountSearch"":[""dydx17fw57q8rkh0ryf8cwjzcqmpcn7u9nw600g265j"",""j562g006wn9u7ncpmqczjwc8fyr0hkr8q75wf71xdyd""],""avgDuration"":193780,""avgLeverage"":0,""avgRoi"":99.98995514422522,""avgVolume"":11100000,""createdAt"":""2024-10-19T06:49:20.355Z"",""gainLossRatio"":11098885.021009,""id"":""671356707ea9aacb53a564ec"",""indexTokens"":[""IO-USD""],""lastTradeAt"":""2024-09-09T17:15:10.220Z"",""lastTradeAtTs"":1725902110220,""longRate"":0,""maxDuration"":193780,""maxLeverage"":0,""maxPnl"":11098885.021009,""maxRoi"":99.98995514422522,""minDuration"":193780,""minLeverage"":null,""orderPositionRatio"":2,""pairs"":[""IO-USDT""],""pnl"":11098885.021009,""profitLossRatio"":0,""profitRate"":100,""protocol"":""DYDX"",""ranking"":{""avgDuration"":39.09918911648283,""avgLeverage"":20.241343530225585,""avgVolume"":99.96156950155644,""orderPositionRatio"":93.83190499980785,""pnl"":99.99615695015565,""realisedAvgRoi"":99.91160985357979,""realisedMaxDrawdown"":90.08493140156027,""realisedMaxRoi"":97.34829560739404,""realisedPnl"":99.99615695015565,""realisedProfitLossRatio"":76.36140040736329,""realisedProfitRate"":90.11183275047078,""totalTrade"":3.5625072057184584,""winRate"":90.32704354175473},""realisedAvgRoi"":99.99995516216215,""realisedGainLossRatio"":11099995.023,""realisedMaxDrawdown"":0,""realisedMaxDrawdownPnl"":0,""realisedMaxPnl"":11099995.023,""realisedMaxRoi"":99.99995516216215,""realisedPnl"":11099995.023,""realisedProfitLossRatio"":0,""realisedProfitRate"":100,""realisedTotalGain"":11099995.023,""realisedTotalLoss"":0,""runTimeDays"":198,""statisticAt"":""2025-03-24T03:01:12.437Z"",""totalFee"":1110.001991,""totalGain"":11098885.021009,""totalLiquidation"":0,""totalLiquidationAmount"":0,""totalLose"":0,""totalLoss"":0,""totalTrade"":1,""totalVolume"":11100000,""totalWin"":1,""type"":""FULL"",""updatedAt"":""2025-03-25T02:16:53.154Z"",""winRate"":100},{""account"":""0x92812499fF2c040f93121Aab684680a6e603C4A7"",""accountSearch"":[""0x92812499ff2c040f93121aab684680a6e603c4a7"",""7a4c306e6a086486baa12139f040c2ff99421829x0""],""avgDuration"":486998.7549019609,""avgLeverage"":16.646988270676644,""avgRoi"":11.726764705882355,""avgVolume"":14743250.886532353,""createdAt"":""2024-01-16T07:08:29.289Z"",""gainLossRatio"":2.717389971824128,""id"":""65a62b6dd2d3d9a9063b32b1"",""indexTokens"":[""0x70d95587d40A2caf56bd97485aB3Eec10Bee6336"",""0x47c031236e19d024b42f8AE6780E44A573170703"",""0xC25cEf6061Cf5dE5eb761b50E4743c1F5D7E5407"",""0x09400D9DB990D5ed3f35D7be61DfAEB900Af03C9""],""lastTradeAt"":""2024-03-15T03:28:22.000Z"",""lastTradeAtTs"":1710473302000,""longRate"":85.29411764705883,""maxDrawdownPnl"":null,""maxDuration"":7444696.333333333,""maxLeverage"":35.07829001143788,""maxPnl"":1920966.7612970076,""maxRoi"":102.47,""minDuration"":180.33333333333334,""minLeverage"":1.7303768977119591,""orderPositionRatio"":4.529411764705882,""pairs"":[""ETH-USDT"",""BTC-USDT"",""ARB-USDT"",""SOL-USDT""],""pnl"":6689975.654637141,""profit"":6689975.654637142,""profitLossRatio"":-1.1322458215933866,""profitRate"":73.09940556198093,""protocol"":""GMX_V2"",""ranking"":{""avgDuration"":17.857188105765943,""avgLeverage"":83.23746658389184,""avgVolume"":99.99429867349137,""orderPositionRatio"":1.4848788151376624,""pnl"":99.99936651927682,""realisedAvgRoi"":91.55000063348072,""realisedMaxDrawdown"":2.4167289589377794,""realisedMaxRoi"":93.85080262007627,""realisedPnl"":99.99936651927682,""realisedProfitLossRatio"":6.657882400638549,""realisedProfitRate"":70.17699451405693,""totalTrade"":97.51485512295861,""winRate"":74.39154176538409},""realisedAvgRoi"":19.139999999999993,""realisedGainLossRatio"":3.6608517728375864,""realisedMaxDrawdown"":-97.79,""realisedMaxDrawdownPnl"":-831320.6539834061,""realisedMaxPnl"":2174277.3076414876,""realisedMaxRoi"":117.27,""realisedPnl"":9504449.318347491,""realisedProfitLossRatio"":-1.5253549053489943,""realisedProfitRate"":78.54469421602766,""realisedTotalGain"":13076406.770232063,""realisedTotalLoss"":-3571957.451884572,""runTimeDays"":292,""statisticAt"":""2024-10-08T10:48:10.688Z"",""totalFee"":2814473.66371035,""totalGain"":10585407.539296037,""totalLiquidation"":5,""totalLiquidationAmount"":-2759393.7434158633,""totalLose"":10,""totalLoss"":-3895431.884658892,""totalTrade"":34,""totalVolume"":501270530.14210004,""totalWin"":24,""type"":""FULL"",""updatedAt"":""2025-03-25T03:07:26.900Z"",""winLoseRate"":2.4,""winRate"":70.58823529411765},{""account"":""dydx1ycklg0q3cxvt2khh675mefxxx3x53mufuhakxe"",""accountSearch"":[""dydx1ycklg0q3cxvt2khh675mefxxx3x53mufuhakxe"",""exkahufum35x3xxxfem576hhk2tvxc3q0glkcy1xdyd""],""avgDuration"":256059.2074829932,""avgLeverage"":0,""avgRoi"":1.1534639672572884,""avgVolume"":3374333.3420474674,""createdAt"":""2024-10-26T02:05:43.243Z"",""gainLossRatio"":1.9932167233330202,""id"":""671c4e77b8302d5c8914ff0a"",""indexTokens"":[""BTC-USD"",""ETH-USD"",""DOGE-USD"",""WLD-USD"",""SOL-USD"",""SUI-USD"",""XRP-USD"",""XLM-USD"",""ALGO-USD"",""LTC-USD"",""HBAR-USD"",""AAVE-USD"",""TRUMP-USD""],""lastTradeAt"":""2025-02-02T03:23:47.569Z"",""lastTradeAtTs"":1738466627569,""longRate"":50.34013605442177,""maxDuration"":2986039,""maxLeverage"":0,""maxPnl"":1268375.4459890015,""maxRoi"":32.39966224381019,""minDuration"":121,""minLeverage"":null,""orderPositionRatio"":319.8503401360544,""pairs"":[""BTC-USDT"",""ETH-USDT"",""DOGE-USDT"",""WLD-USDT"",""SOL-USDT"",""SUI-USDT"",""XRP-USDT"",""XLM-USDT"",""ALGO-USDT"",""LTC-USDT"",""HBAR-USDT"",""AAVE-USDT""],""pnl"":9217020.97249725,""profitLossRatio"":-1.7393037649466485,""profitRate"":66.59112612178394,""protocol"":""DYDX"",""ranking"":{""avgDuration"":35.15621997617309,""avgLeverage"":94.58898581914607,""avgVolume"":99.80400445793782,""orderPositionRatio"":0.23442604050573834,""pnl"":99.99231390031129,""realisedAvgRoi"":83.20202913031783,""realisedMaxDrawdown"":30.67906690749779,""realisedMaxRoi"":89.59302102148264,""realisedPnl"":99.99231390031129,""realisedProfitLossRatio"":18.846316436724184,""realisedProfitRate"":76.16156181545675,""totalTrade"":92.90572998731793,""winRate"":66.86138119211407},""realisedAvgRoi"":1.143951555770139,""realisedGainLossRatio"":1.984211873836163,""realisedMaxDrawdown"":-12.07839015410555,""realisedMaxDrawdownPnl"":-1009934.548000023,""realisedMaxPnl"":1266808.2620000015,""realisedMaxRoi"":32.380759371260815,""realisedPnl"":9155751.303017251,""realisedProfitLossRatio"":-1.731446030035378,""realisedProfitRate"":66.49031495493269,""realisedTotalGain"":18458373.580201216,""realisedTotalLoss"":-9302622.27718396,""runTimeDays"":159,""statisticAt"":""2025-03-24T03:21:05.116Z"",""totalFee"":-61269.66947999999,""totalGain"":18496990.546073206,""totalLiquidation"":0,""totalLiquidationAmount"":0,""totalLose"":137,""totalLoss"":-9279969.573575962,""totalTrade"":294,""totalVolume"":992054002.5619555,""totalWin"":157,""type"":""FULL"",""updatedAt"":""2025-03-25T02:16:59.478Z"",""winRate"":53.40136054421769},{""account"":""0x08c788aFdACF6cf81180D2bBBE42A7434D0C7A92"",""accountSearch"":[""0x08c788afdacf6cf81180d2bbbe42a7434d0c7a92"",""29a7c0d4347a24ebbb2d08118fc6fcadfa887c80x0""],""avgDuration"":274649.2833333333,""avgLeverage"":10.182521553945595,""avgRoi"":8.191,""avgVolume"":5535468.140316251,""createdAt"":""2024-01-16T04:13:35.829Z"",""gainLossRatio"":4.9681379828872,""id"":""65a6026fd2d3d9a906313930"",""indexTokens"":[""0x70d95587d40A2caf56bd97485aB3Eec10Bee6336"",""0xC25cEf6061Cf5dE5eb761b50E4743c1F5D7E5407"",""0x09400D9DB990D5ed3f35D7be61DfAEB900Af03C9"",""0x47c031236e19d024b42f8AE6780E44A573170703""],""lastTradeAt"":""2025-03-20T17:23:48.000Z"",""lastTradeAtTs"":1742491428000,""longRate"":65,""maxDrawdownPnl"":null,""maxDuration"":6186397.333333333,""maxLeverage"":25.096144520551327,""maxPnl"":2597856.326984033,""maxRoi"":260.95,""minDuration"":25.666666666666668,""minLeverage"":4.999625064713501,""orderPositionRatio"":2.2625,""pairs"":[""ETH-USDT"",""ARB-USDT"",""SOL-USDT"",""BTC-USDT""],""pnl"":6159337.642425984,""profit"":589962.2064800878,""profitLossRatio"":-2.258244537676,""profitRate"":83.24435522658223,""protocol"":""GMX_V2"",""ranking"":{""avgDuration"":21.946939654626306,""avgLeverage"":77.49052946318844,""avgVolume"":99.97656121324228,""orderPositionRatio"":10.792611080844807,""pnl"":99.99873303855364,""realisedAvgRoi"":89.49815657109555,""realisedMaxDrawdown"":9.075878321022692,""realisedMaxRoi"":98.6715909234882,""realisedPnl"":99.99873303855364,""realisedProfitLossRatio"":3.032472221870288,""realisedProfitRate"":71.49400093755148,""totalTrade"":98.90281138744949,""winRate"":74.24520771832913},""realisedAvgRoi"":12.367625,""realisedGainLossRatio"":8.575236471584049,""realisedMaxDrawdown"":-80.62,""realisedMaxDrawdownPnl"":-286594.0315254478,""realisedMaxPnl"":3442276.247029633,""realisedMaxRoi"":345.77,""realisedPnl"":8832654.632044537,""realisedProfitLossRatio"":-3.8978347598109306,""realisedProfitRate"":89.55639369359022,""realisedTotalGain"":9998645.247014415,""realisedTotalLoss"":-1165990.6149698785,""runTimeDays"":436,""statisticAt"":""2025-03-21T03:47:37.435Z"",""totalFee"":2673316.989618553,""totalGain"":7711536.09645869,""totalLiquidation"":1,""totalLiquidationAmount"":-39751.639840003736,""totalLose"":25,""totalLoss"":-1552198.4540327084,""totalTrade"":80,""totalVolume"":442837451.2253001,""totalWin"":55,""type"":""FULL"",""updatedAt"":""2025-03-25T03:05:25.970Z"",""winLoseRate"":0.8888888888888888,""winRate"":68.75},{""account"":""0x2446bEb3905CfFbd2c5eB18F1f9c2996B05257c4"",""accountSearch"":[""0x2446beb3905cffbd2c5eb18f1f9c2996b05257c4"",""4c75250b6992c9f1f81be5c2dbffc5093beb6442x0""],""avgDuration"":2633718.5333333337,""avgLeverage"":4.044919454517844,""avgRoi"":1.8659999999999992,""avgVolume"":3200379.1616,""createdAt"":""2024-12-12T08:18:06.567Z"",""gainLossRatio"":32.83506931520649,""id"":""675a9c3e71da4ef79cdd76b2"",""indexTokens"":[""0xB31f66AA3C1e785363F0875A1B74E27b85FD66c7"",""0x152b9d0FdC40C096757F570A51E494bd4b943E50""],""lastTradeAt"":""2024-08-30T05:07:24.000Z"",""lastTradeAtTs"":1724994444000,""longRate"":100,""maxDuration"":7451630.666666667,""maxLeverage"":7.985819578034285,""maxPnl"":1251576.5588999996,""maxRoi"":87.5,""minDuration"":2070.3333333333335,""minLeverage"":0.8757740987583297,""orderPositionRatio"":4.8,""pairs"":[""AVAX-USDT"",""BTC-USDT""],""pnl"":1927268.6414,""profitLossRatio"":-8.208767328801622,""profitRate"":97.04448662219654,""protocol"":""GMX_AVAX"",""ranking"":{""avgDuration"":0.465285350781528,""avgLeverage"":24.87095601599418,""avgVolume"":99.94910941475827,""orderPositionRatio"":3.213376953834967,""pnl"":99.99272991639404,""realisedAvgRoi"":94.54743729552891,""realisedMaxDrawdown"":5.190839694656488,""realisedMaxRoi"":81.19956379498365,""realisedPnl"":99.99272991639404,""realisedProfitLossRatio"":0.450745183569611,""realisedProfitRate"":79.2075608869502,""totalTrade"":60.479825517993454,""winRate"":76.93929480189023},""realisedAvgRoi"":31.116000000000003,""realisedGainLossRatio"":142.67669995308862,""realisedMaxDrawdown"":-100,""realisedMaxDrawdownPnl"":-60141.6699,""realisedMaxPnl"":7646209.2157,""realisedMaxRoi"":102.27,""realisedPnl"":8520673.3211,""realisedProfitLossRatio"":-35.669174988272154,""realisedProfitRate"":99.30399292277279,""realisedTotalGain"":8580814.991,""realisedTotalLoss"":-60141.6699,""runTimeDays"":1027,""statisticAt"":""2024-12-12T08:18:06.375Z"",""totalFee"":6593404.6797,""totalGain"":1987807.8103999998,""totalLiquidation"":1,""totalLiquidationAmount"":-60141.6699,""totalLose"":1,""totalLoss"":-60539.169,""totalTrade"":5,""totalVolume"":16001895.808,""totalWin"":4,""type"":""FULL"",""updatedAt"":""2025-03-25T03:00:46.597Z"",""winRate"":80},{""account"":""0x160A8D28D63961297e51E4f1a0401bf4D27f5162"",""accountSearch"":[""0x160a8d28d63961297e51e4f1a0401bf4d27f5162"",""2615f72d4fb1040a1f4e15e79216936d82d8a061x0""],""avgDuration"":376790.73170731706,""avgLeverage"":10.98462749919798,""avgRoi"":-6.692621951219513,""avgVolume"":4460605.33188396,""createdAt"":""2023-11-29T00:23:38.425Z"",""gainLossRatio"":1.3347057375361804,""id"":""656684954350fb0b694d5e91"",""indexTokens"":[""0x2B3bb4c683BFc5239B029131EEf3B1d214478d93"",""0x442b69937a0daf9D46439a71567fABE6Cb69FBaf"",""0x59b007E9ea8F89b069c43F8f45834d30853e3699"",""0x0EA09D97b4084d859328ec4bF8eBCF9ecCA26F1D"",""0x139F94E4f0e1101c1464a321CBA815c34d58B5D9"",""0x96690aAe7CB7c4A9b5Be5695E94d72827DeCC33f"",""0xaa94C874b91ef16C8B56A1c5B2F34E39366bD484"",""0xF9DD29D2Fd9B38Cd90E390C797F1B7E0523f43A9"",""0x5374761526175B59f1E583246E20639909E189cE"",""0x0940B0A96C5e1ba33AEE331a9f950Bb2a6F2Fb25"",""0xEAf0191bCa9DD417202cEf2B18B7515ABff1E196"",""0x2C5E2148bF3409659967FE3684fd999A76171235"",""0x69F5F465a46f324Fb7bf3fD7c0D5c00f7165C7Ea"",""0xf7d9Bd13F877171f6C7f93F71bdf8e380335dc12"",""0xc203A12F298CE73E44F7d45A4f59a43DBfFe204D"",""0x31A1659Ca00F617E86Dc765B6494Afe70a5A9c1A"",""0x509072A5aE4a87AC89Fc8D64D94aDCb44Bd4b88e"",""0x3D3f34416f60f77A0a6cC8e32abe45D32A7497cb"",""0x6110DF298B411a46d6edce72f5CAca9Ad826C1De"",""0x074B8F19fc91d6B2eb51143E1f186Ca0DDB88042"",""0x852210F0616aC226A486ad3387DBF990e690116A"",""0x98cCbC721cc05E28a125943D69039B39BE6A21e9"",""0x35B0ed8473e7943d31Ee1eeeAd06C8767034Ce39"",""0xC18f85A6DD3Bcd0516a1CA08d3B1f0A4E191A2C4"",""0x09F9d7aaa6Bef9598c3b676c0E19C9786Aa566a8"",""0x66fc48720f09Ac386608FB65ede53Bb220D0D5Bc""],""lastTradeAt"":""2024-04-12T18:33:11.000Z"",""lastTradeAtTs"":1712946791000,""longRate"":85.36585365853658,""maxDuration"":2599166,""maxLeverage"":37.638590501515424,""maxPnl"":2331080.7975350968,""maxRoi"":263.18,""minDuration"":24,""minLeverage"":2.416528140035684,""orderPositionRatio"":6.664634146341464,""pairs"":[""ETH-USDT"",""OP-USDT"",""BTC-USDT"",""SOL-USDT"",""DYDX-USDT"",""BCH-USDT"",""LDO-USDT"",""ADA-USDT"",""AAVE-USDT"",""BNB-USDT"",""RUNE-USDT"",""FIL-USDT"",""SHIB-USDT"",""MKR-USDT"",""AVAX-USDT"",""LINK-USDT"",""ARB-USDT"",""PEPE-USDT"",""XRP-USDT"",""MATIC-USDT"",""INJ-USDT"",""DOGE-USDT"",""TIA-USDT"",""FTM-USDT"",""SUI-USDT"",""SEI-USDT""],""pnl"":5188376.667858058,""profitLossRatio"":-0.9454165640881279,""profitRate"":57.168049749374326,""protocol"":""KWENTA"",""ranking"":{""avgDuration"":24.876360039564787,""avgLeverage"":64.04549950544016,""avgVolume"":99.86152324431256,""orderPositionRatio"":4.530168150346185,""pnl"":99.98021760633037,""realisedAvgRoi"":79.02077151335311,""realisedMaxDrawdown"":15.272007912957466,""realisedMaxRoi"":95.78635014836794,""realisedPnl"":99.99010880316519,""realisedProfitLossRatio"":19.901088031651827,""realisedProfitRate"":64.4114737883284,""totalTrade"":96.89416419386745,""winRate"":60.781404549950544},""realisedAvgRoi"":6.750548780487803,""realisedGainLossRatio"":1.6534899672343848,""realisedMaxDrawdown"":-90.16,""realisedMaxDrawdownPnl"":-2395191.615180381,""realisedMaxPnl"":2778108.54530501,""realisedMaxRoi"":282.07,""realisedPnl"":8443307.417229064,""realisedProfitLossRatio"":-1.171222060124356,""realisedProfitRate"":62.3137825147967,""realisedTotalGain"":21363639.542543452,""realisedTotalLoss"":-12920332.125314385,""runTimeDays"":418,""statisticAt"":""2024-10-08T09:57:23.613Z"",""totalFee"":3254930.749371006,""totalGain"":20689684.491412215,""totalLiquidation"":38,""totalLiquidationAmount"":-9067435.95621334,""totalLose"":68,""totalLoss"":-15501307.823554156,""totalTrade"":164,""totalVolume"":731539274.4289695,""totalWin"":96,""type"":""FULL"",""updatedAt"":""2025-03-25T03:01:27.935Z"",""winRate"":58.536585365853654},{""account"":""0xd8b07BC1bC3bAe553BCA5E94E99935dC12Df24Ff"",""accountSearch"":[""0xd8b07bc1bc3bae553bca5e94e99935dc12df24ff"",""ff42fd21cd53999e49e5acb355eab3cb1cb70b8dx0""],""avgDuration"":1666167.146666666,""avgLeverage"":0,""avgRoi"":0,""avgVolume"":92612.69526350002,""createdAt"":""2024-11-25T03:41:53.703Z"",""gainLossRatio"":29.76327314338079,""id"":""6743f2013e07193713b51d50"",""indexTokens"":[""BTC"",""ZRO"",""kPEPE"",""ETH"",""ZK"",""MKR"",""WLD"",""kSHIB"",""WIF"",""SOL"",""POPCAT"",""JUP"",""kBONK"",""UMA"",""ALT"",""TURBO"",""BLUR"",""PENDLE"",""MEW"",""STX"",""DOGE"",""BCH"",""TAO"",""ONDO"",""XRP"",""SEI"",""STG"",""SUI"",""SAGA"",""AAVE"",""CRV"",""BOME"",""LDO"",""TRX"",""IO"",""XAI"",""BNB"",""TIA"",""AR"",""NEAR"",""FET"",""RENDER"",""AI"",""NOT"",""RUNE"",""FIL"",""RLB"",""ENA"",""INJ"",""BIGTIME"",""ORDI"",""PIXEL"",""SUPER"",""kLUNC"",""TON"",""ENS"",""UNI"",""APE"",""BRETT"",""W"",""MANTA"",""JTO"",""MERL"",""STRK"",""BLAST"",""FTM"",""LTC"",""MOVE"",""KAITO""],""lastTradeAt"":""2025-03-19T17:53:26.860Z"",""lastTradeAtTs"":1742406806860,""longRate"":55.371900826446286,""maxDuration"":17637001.72,""maxLeverage"":0,""maxPnl"":0,""maxRoi"":0,""minDuration"":7.892,""minLeverage"":null,""orderPositionRatio"":17.355371900826448,""pairs"":[""BTC-USDT"",""ZRO-USDT"",""1000PEPE-USDT"",""ETH-USDT"",""ZK-USDT"",""MKR-USDT"",""WLD-USDT"",""1000SHIB-USDT"",""WIF-USDT"",""SOL-USDT"",""POPCAT-USDT"",""JUP-USDT"",""1000BONK-USDT"",""UMA-USDT"",""ALT-USDT"",""TURBO-USDT"",""BLUR-USDT"",""PENDLE-USDT"",""MEW-USDT"",""STX-USDT"",""DOGE-USDT"",""BCH-USDT"",""TAO-USDT"",""ONDO-USDT"",""XRP-USDT"",""SEI-USDT"",""STG-USDT"",""SUI-USDT"",""SAGA-USDT"",""AAVE-USDT"",""CRV-USDT"",""BOME-USDT"",""LDO-USDT"",""TRX-USDT"",""IO-USDT"",""XAI-USDT"",""BNB-USDT"",""TIA-USDT"",""AR-USDT"",""NEAR-USDT"",""FET-USDT"",""RENDER-USDT"",""AI-USDT"",""NOT-USDT"",""RUNE-USDT"",""FIL-USDT"",""RLB-USDT"",""ENA-USDT"",""INJ-USDT"",""BIGTIME-USDT"",""ORDI-USDT"",""PIXEL-USDT"",""SUPER-USDT"",""1000LUNC-USDT"",""TON-USDT"",""ENS-USDT"",""UNI-USDT"",""APE-USDT"",""BRETT-USDT"",""W-USDT"",""MANTA-USDT"",""JTO-USDT"",""MERL-USDT"",""STRK-USDT"",""BLAST-USDT"",""FTM-USDT"",""LTC-USDT"",""MOVE-USDT"",""KAITO-USDT""],""pnl"":6695864.537907611,""profitLossRatio"":-17.62299067700178,""profitRate"":96.74937060390414,""protocol"":""HYPERLIQUID"",""ranking"":{""avgDuration"":3.1067214328219563,""avgLeverage"":92.44183515000218,""avgVolume"":95.13127911871,""orderPositionRatio"":2.193790911333977,""pnl"":99.99927430006241,""realisedAvgRoi"":97.59720750664015,""realisedMaxDrawdown"":0.04209059638020871,""realisedMaxRoi"":99.9499267043063,""realisedPnl"":99.99927430006241,""realisedProfitLossRatio"":1.6444360585784987,""realisedProfitRate"":88.42363459556742,""totalTrade"":96.42447640749504,""winRate"":74.14476262355042},""realisedAvgRoi"":13.106302357924287,""realisedGainLossRatio"":30.459032818692986,""realisedMaxDrawdown"":-816.1685294018178,""realisedMaxDrawdownPnl"":-40829.828346,""realisedMaxPnl"":426784.1173270001,""realisedMaxRoi"":1098.5933552074068,""realisedPnl"":6790924.070216999,""realisedProfitLossRatio"":-18.034953642647164,""realisedProfitRate"":96.8212627331448,""realisedTotalGain"":7021445.0147440005,""realisedTotalLoss"":-230520.94452700007,""runTimeDays"":278,""statisticAt"":""2025-03-23T03:24:40.340Z"",""totalFee"":95059.5323093888,""totalGain"":6928656.699791611,""totalLiquidation"":0,""totalLiquidationAmount"":0,""totalLose"":135,""totalLoss"":-232792.16188400003,""totalTrade"":363,""totalVolume"":33618408.380650505,""totalWin"":228,""type"":""FULL"",""updatedAt"":""2025-03-25T03:27:43.488Z"",""winRate"":62.8099173553719},{""account"":""0x5D2F4460Ac3514AdA79f5D9838916E508Ab39Bb7"",""accountSearch"":[""0x5d2f4460ac3514ada79f5d9838916e508ab39bb7"",""7bb93ba805e6198389d5f97ada4153ca0644f2d5x0""],""avgDuration"":4709651.956,""avgLeverage"":0,""avgRoi"":0,""avgVolume"":55875840.14078021,""createdAt"":""2025-03-18T03:42:12.408Z"",""gainLossRatio"":6195188.626884998,""id"":""67d8eb94007b82f96f2d2d90"",""indexTokens"":[""BTC""],""lastTradeAt"":""2025-03-17T18:22:31.155Z"",""lastTradeAtTs"":1742235751155,""longRate"":0,""maxDuration"":4709651.956,""maxLeverage"":0,""maxPnl"":0,""maxRoi"":0,""minDuration"":4709651.956,""minLeverage"":null,""orderPositionRatio"":230,""pairs"":[""BTC-USDT""],""pnl"":6195188.626884998,""profitLossRatio"":0,""profitRate"":100,""protocol"":""HYPERLIQUID"",""ranking"":{""avgDuration"":0.5950739488236394,""avgLeverage"":36.573099754713425,""avgVolume"":99.99927430006241,""orderPositionRatio"":0.14368858764277093,""pnl"":99.99854860012482,""realisedAvgRoi"":97.08994325026488,""realisedMaxDrawdown"":93.74954643753901,""realisedMaxRoi"":65.60690285780636,""realisedPnl"":99.99854860012482,""realisedProfitLossRatio"":85.45189335113717,""realisedProfitRate"":93.77422023541706,""totalTrade"":5.066836964252021,""winRate"":93.8068767326086},""realisedAvgRoi"":11.101925241185965,""realisedGainLossRatio"":6203294.000313998,""realisedMaxDrawdown"":0,""realisedMaxDrawdownPnl"":0,""realisedMaxPnl"":6203294.000313998,""realisedMaxRoi"":11.101925241185965,""realisedPnl"":6203294.000313998,""realisedProfitLossRatio"":0,""realisedProfitRate"":100,""realisedTotalGain"":6203294.000313998,""realisedTotalLoss"":0,""runTimeDays"":58,""statisticAt"":""2025-03-21T03:41:57.174Z"",""totalFee"":8105.373429000005,""totalGain"":6195188.626884998,""totalLiquidation"":0,""totalLiquidationAmount"":0,""totalLose"":0,""totalLoss"":0,""totalTrade"":1,""totalVolume"":55875840.14078021,""totalWin"":1,""type"":""FULL"",""updatedAt"":""2025-03-25T03:29:28.048Z"",""winRate"":100},{""account"":""0x0d21f939c96a13CcB9CcCBF2911545D009a2E34a"",""accountSearch"":[""0x0d21f939c96a13ccb9cccbf2911545d009a2e34a"",""a43e2a900d5451192fbccc9bcc31a69c939f12d0x0""],""avgDuration"":235984.30116666667,""avgLeverage"":0,""avgRoi"":0,""avgVolume"":12144836.347892037,""createdAt"":""2024-12-25T03:55:37.963Z"",""gainLossRatio"":5814139.808091942,""id"":""676b823a04474dadc4f4e8bd"",""indexTokens"":[""HYPE""],""lastTradeAt"":""2025-01-18T03:17:24.047Z"",""lastTradeAtTs"":1737170244047,""longRate"":33.33333333333333,""maxDuration"":521828.069,""maxLeverage"":0,""maxPnl"":0,""maxRoi"":0,""minDuration"":14402.825,""minLeverage"":null,""orderPositionRatio"":662.1666666666666,""pairs"":[""HYPE-USDT""],""pnl"":5814139.808091942,""profitLossRatio"":0,""profitRate"":100,""protocol"":""HYPERLIQUID"",""ranking"":{""avgDuration"":19.479237724785563,""avgLeverage"":6.0791883771898,""avgVolume"":99.99201730068651,""orderPositionRatio"":0.045719096068154386,""pnl"":99.99782290018723,""realisedAvgRoi"":97.58777340745148,""realisedMaxDrawdown"":90.72918329729023,""realisedMaxRoi"":92.28072976385724,""realisedPnl"":99.99782290018723,""realisedProfitLossRatio"":78.52944164646803,""realisedProfitRate"":90.76982249379526,""totalTrade"":36.03027620139624,""winRate"":90.80901029042512},""realisedAvgRoi"":13.066344776073997,""realisedGainLossRatio"":5819917.3390879985,""realisedMaxDrawdown"":0,""realisedMaxDrawdownPnl"":0,""realisedMaxPnl"":1910576.944848,""realisedMaxRoi"":40.723143432442384,""realisedPnl"":5819917.3390879985,""realisedProfitLossRatio"":0,""realisedProfitRate"":100,""realisedTotalGain"":5819917.3390879985,""realisedTotalLoss"":0,""runTimeDays"":51,""statisticAt"":""2025-01-22T00:58:15.810Z"",""totalFee"":5777.53099605599,""totalGain"":5814139.808091942,""totalLiquidation"":0,""totalLiquidationAmount"":0,""totalLose"":0,""totalLoss"":0,""totalTrade"":6,""totalVolume"":72869018.08735222,""totalWin"":6,""type"":""FULL"",""updatedAt"":""2025-03-25T03:28:08.677Z"",""winRate"":100},{""account"":""0x7Ab8C59Db7b959Bb8C3481d5b9836dfbc939AF21"",""accountSearch"":[""0x7ab8c59db7b959bb8c3481d5b9836dfbc939af21"",""12fa939cbfd6389b5d1843c8bb959b7bd95c8ba7x0""],""avgDuration"":36157.97435897436,""avgLeverage"":36.89851286330657,""avgRoi"":0.14538461538461597,""avgVolume"":17094846.20426923,""createdAt"":""2025-01-15T02:36:42.266Z"",""gainLossRatio"":3.6749451975142304,""id"":""67871f3a100f52533c66e5f6"",""indexTokens"":[""0x47c031236e19d024b42f8AE6780E44A573170703"",""0x0CCB4fAa6f1F1B30911619f1184082aB4E25813c"",""0x09400D9DB990D5ed3f35D7be61DfAEB900Af03C9"",""0xFec8f404FBCa3b11aFD3b3f0c57507C2a06dE636"",""0x70d95587d40A2caf56bd97485aB3Eec10Bee6336"",""0x7f1fa204bb700853D36994DA19F830b6Ad18455C""],""lastTradeAt"":""2025-01-27T07:36:16.000Z"",""lastTradeAtTs"":1737963376000,""longRate"":3.8461538461538463,""maxDuration"":161581.66666666666,""maxLeverage"":99.86163397441378,""maxPnl"":1140350.1700121288,""maxRoi"":102.96,""minDuration"":799,""minLeverage"":1.5359038108963894,""orderPositionRatio"":5.115384615384615,""pairs"":[""BTC-USDT"",""XRP-USDT"",""SOL-USDT"",""ETH-USDT"",""LINK-USDT""],""pnl"":5042478.00966149,""profitLossRatio"":-1.9455592222134162,""profitRate"":78.60937491776968,""protocol"":""GMX_V2"",""ranking"":{""avgDuration"":36.94839666028963,""avgLeverage"":92.7206730099203,""avgVolume"":99.99619911566091,""orderPositionRatio"":1.0636141342218934,""pnl"":99.99746607710728,""realisedAvgRoi"":86.94459577595055,""realisedMaxDrawdown"":2.2995350251491846,""realisedMaxRoi"":93.27686908487375,""realisedPnl"":99.99809955783046,""realisedProfitLossRatio"":4.7124630997478745,""realisedProfitRate"":70.51210581662,""totalTrade"":96.84843340217158,""winRate"":72.73942403932648},""realisedAvgRoi"":7.880384615384615,""realisedGainLossRatio"":4.34432932205963,""realisedMaxDrawdown"":-98.26,""realisedMaxDrawdownPnl"":-810393.7898924444,""realisedMaxPnl"":1179361.0145522887,""realisedMaxRoi"":106.48,""realisedPnl"":5813694.9327274,""realisedProfitLossRatio"":-2.299939052855098,""realisedProfitRate"":81.28857823427292,""realisedTotalGain"":7552068.870479139,""realisedTotalLoss"":-1738373.9377517384,""runTimeDays"":14,""statisticAt"":""2025-01-28T02:56:25.483Z"",""totalFee"":771216.92306591,""totalGain"":6927555.137352688,""totalLiquidation"":9,""totalLiquidationAmount"":-1738373.9377517384,""totalLose"":9,""totalLoss"":-1885077.1276911981,""totalTrade"":26,""totalVolume"":444466001.311,""totalWin"":17,""type"":""FULL"",""updatedAt"":""2025-03-25T03:13:08.422Z"",""winRate"":65.38461538461539},{""account"":""0x1640e916e10610Ba39aAC5Cd8a08acF3cCae1A4c"",""accountSearch"":[""0x1640e916e10610ba39aac5cd8a08acf3ccae1a4c"",""c4a1eacc3fca80a8dc5caa93ab01601e619e0461x0""],""avgDuration"":331768.2657657658,""avgLeverage"":13.40098117103464,""avgRoi"":11.362297297297296,""avgVolume"":7166631.118270271,""createdAt"":""2024-11-13T02:58:43.750Z"",""gainLossRatio"":3.5393308575872493,""id"":""673415e33c79f8ef10829365"",""indexTokens"":[""0x7f1fa204bb700853D36994DA19F830b6Ad18455C"",""0x6Ecf2133E2C9751cAAdCb6958b9654baE198a797"",""0x09400D9DB990D5ed3f35D7be61DfAEB900Af03C9"",""0x2b477989A149B17073D9C9C82eC9cB03591e20c6"",""0x6853EA96FF216fAb11D2d930CE3C508556A4bdc4"",""0x63Dc80EE90F26363B3FCD609007CC9e14c8991BE"",""0x70d95587d40A2caf56bd97485aB3Eec10Bee6336"",""0x47c031236e19d024b42f8AE6780E44A573170703"",""0x0CCB4fAa6f1F1B30911619f1184082aB4E25813c"",""0xD9535bB5f58A1a75032416F2dFe7880C30575a41""],""lastTradeAt"":""2025-03-24T14:12:24.000Z"",""lastTradeAtTs"":1742825544000,""longRate"":39.189189189189186,""maxDuration"":6019637.333333333,""maxLeverage"":50.917723442679836,""maxPnl"":1700089.4276074253,""maxRoi"":251.7,""minDuration"":24.666666666666668,""minLeverage"":2.502710194071636,""orderPositionRatio"":14.986486486486486,""pairs"":[""LINK-USDT"",""SUI-USDT"",""SOL-USDT"",""PEPE-USDT"",""DOGE-USDT"",""NEAR-USDT"",""ETH-USDT"",""BTC-USDT"",""XRP-USDT"",""LTC-USDT""],""pnl"":5246241.119256009,""profitLossRatio"":-2.848729714643396,""profitRate"":77.97032136733209,""protocol"":""GMX_V2"",""ranking"":{""avgDuration"":20.63880196125632,""avgLeverage"":80.65413219475731,""avgVolume"":99.9828960204741,""orderPositionRatio"":0.11085912655678953,""pnl"":99.99809955783046,""realisedAvgRoi"":89.6717302892473,""realisedMaxDrawdown"":3.088218525510269,""realisedMaxRoi"":97.82526067731759,""realisedPnl"":99.99746607710728,""realisedProfitLossRatio"":3.5126506100419363,""realisedProfitRate"":70.38350922981414,""totalTrade"":98.7989205488477,""winRate"":71.2216042265834},""realisedAvgRoi"":12.752432432432432,""realisedGainLossRatio"":4.035225945442763,""realisedMaxDrawdown"":-95.77,""realisedMaxDrawdownPnl"":-333259.1215487849,""realisedMaxPnl"":1719279.5124256553,""realisedMaxRoi"":257.04,""realisedPnl"":5714075.15161379,""realisedProfitLossRatio"":-3.24786478535637,""realisedProfitRate"":80.13991803277327,""realisedTotalGain"":7596661.573291287,""realisedTotalLoss"":-1882586.4216774974,""runTimeDays"":133,""statisticAt"":""2025-03-25T03:02:18.918Z"",""totalFee"":467834.03235778003,""totalGain"":7312234.6480554575,""totalLiquidation"":4,""totalLiquidationAmount"":54305.257947032966,""totalLose"":33,""totalLoss"":-2065993.528799448,""totalTrade"":74,""totalVolume"":530330702.7520001,""totalWin"":41,""type"":""FULL"",""updatedAt"":""2025-03-25T03:12:45.001Z"",""winRate"":55.4054054054054},{""account"":""0x3B7424D5CC87dc2B670F4c99540f7380de3D5880"",""accountSearch"":[""0x3b7424d5cc87dc2b670f4c99540f7380de3d5880"",""0885d3ed0837f04599c4f076b2cd78cc5d4247b3x0""],""avgDuration"":1448482.7878787876,""avgLeverage"":16.25961692314543,""avgRoi"":16.226363636363633,""avgVolume"":12536543.168936364,""createdAt"":""2023-11-28T04:03:30.299Z"",""gainLossRatio"":29.19008593326054,""id"":""656566924350fb0b6911f804"",""indexTokens"":[""0x2f2a2543B76A4166549F7aaB2e75Bef0aefC5B0f""],""lastTradeAt"":""2024-01-28T04:44:46.000Z"",""lastTradeAtTs"":1706417086000,""longRate"":100,""maxDuration"":6988200,""maxLeverage"":47.08912320693513,""maxPnl"":1133145.3381,""maxRoi"":73.12,""minDuration"":472.6666666666667,""minLeverage"":2.0987430966912832,""orderPositionRatio"":5.181818181818182,""pairs"":[""BTC-USDT""],""pnl"":3458580.7130999994,""profitLossRatio"":-2.9190085933260543,""profitRate"":96.6876543438444,""protocol"":""GMX"",""ranking"":{""avgDuration"":7.8340326340326385,""avgLeverage"":79.33426573426573,""avgVolume"":99.9972027972028,""orderPositionRatio"":1.0358974358974393,""pnl"":99.9990675990676,""realisedAvgRoi"":93.56083916083917,""realisedMaxDrawdown"":23.343589743589742,""realisedMaxRoi"":91.05174825174825,""realisedPnl"":99.9981351981352,""realisedProfitLossRatio"":3.2932400932400934,""realisedProfitRate"":64.63496503496503,""totalTrade"":92.52960372960372,""winRate"":65.95990675990676},""realisedAvgRoi"":24.11,""realisedGainLossRatio"":54.17586579634835,""realisedMaxDrawdown"":-44.16,""realisedMaxDrawdownPnl"":-101123.1858,""realisedMaxPnl"":1848553.9118,""realisedMaxRoi"":76.92,""realisedPnl"":5377312.9569999995,""realisedProfitLossRatio"":-5.417586579634835,""realisedProfitRate"":98.1876133966054,""realisedTotalGain"":5478436.1428,""realisedTotalLoss"":-101123.1858,""runTimeDays"":513,""statisticAt"":""2024-10-08T09:30:23.781Z"",""totalFee"":1918732.2439000001,""totalGain"":3581268.5516999997,""totalLiquidation"":0,""totalLiquidationAmount"":0,""totalLose"":1,""totalLoss"":-122687.8386,""totalTrade"":11,""totalVolume"":137901974.8583,""totalWin"":10,""type"":""FULL"",""updatedAt"":""2025-03-25T02:57:23.629Z"",""winRate"":90.9090909090909},{""account"":""0x1dc67aDaf9f163c5b1A95043addBDFA1AF58e512"",""accountSearch"":[""0x1dc67adaf9f163c5b1a95043addbdfa1af58e512"",""215e85fa1afdbdda34059a1b5c361f9fada76cd1x0""],""avgDuration"":1133625,""avgLeverage"":4.047076489636106,""avgRoi"":28.140909090909087,""avgVolume"":6089362.346329395,""createdAt"":""2024-03-18T00:21:55.215Z"",""gainLossRatio"":264.8792703360966,""id"":""65f78923c7392568e6777af7"",""indexTokens"":[""0x59b007E9ea8F89b069c43F8f45834d30853e3699"",""0x3D3f34416f60f77A0a6cC8e32abe45D32A7497cb"",""0x442b69937a0daf9D46439a71567fABE6Cb69FBaf"",""0x98cCbC721cc05E28a125943D69039B39BE6A21e9"",""0xC18f85A6DD3Bcd0516a1CA08d3B1f0A4E191A2C4"",""0x91cc4a83d026e5171525aFCAEd020123A653c2C9"",""0x31A1659Ca00F617E86Dc765B6494Afe70a5A9c1A"",""0x2C5E2148bF3409659967FE3684fd999A76171235"",""0xEAf0191bCa9DD417202cEf2B18B7515ABff1E196"",""0xc203A12F298CE73E44F7d45A4f59a43DBfFe204D"",""0x0EA09D97b4084d859328ec4bF8eBCF9ecCA26F1D"",""0x2B3bb4c683BFc5239B029131EEf3B1d214478d93""],""lastTradeAt"":""2024-08-25T15:21:49.000Z"",""lastTradeAtTs"":1724599309000,""longRate"":13.636363636363635,""maxDuration"":3639680,""maxLeverage"":10.253135530359422,""maxPnl"":1366207.8292106611,""maxRoi"":122.77,""minDuration"":36,""minLeverage"":1.0147739146219488,""orderPositionRatio"":50.40909090909091,""pairs"":[""BTC-USDT"",""PEPE-USDT"",""OP-USDT"",""DOGE-USDT"",""FTM-USDT"",""RNDR-USDT"",""LINK-USDT"",""FIL-USDT"",""RUNE-USDT"",""AVAX-USDT"",""SOL-USDT"",""ETH-USDT""],""pnl"":5268830.39610391,""profitLossRatio"":-26.48792703360966,""profitRate"":99.62388944473335,""protocol"":""KWENTA"",""ranking"":{""avgDuration"":11.62215628090999,""avgLeverage"":31.54302670623145,""avgVolume"":99.93076162215628,""orderPositionRatio"":0.18793273986152315,""pnl"":99.99010880316519,""realisedAvgRoi"":93.3135509396637,""realisedMaxDrawdown"":52.70029673590505,""realisedMaxRoi"":84.41147378832838,""realisedPnl"":99.98021760633037,""realisedProfitLossRatio"":0.9792284866468843,""realisedProfitRate"":78.02176063303659,""totalTrade"":81.59248269040555,""winRate"":78.02176063303659},""realisedAvgRoi"":27.41909090909091,""realisedGainLossRatio"":318.4411840760663,""realisedMaxDrawdown"":-20.14,""realisedMaxDrawdownPnl"":-16122.776799378187,""realisedMaxPnl"":1272603.056976339,""realisedMaxRoi"":114.24,""realisedPnl"":5366510.275571039,""realisedProfitLossRatio"":-31.844118407606626,""realisedProfitRate"":99.68695332666879,""realisedTotalGain"":5383415.801837867,""realisedTotalLoss"":-16905.526266828372,""runTimeDays"":216,""statisticAt"":""2024-10-08T09:57:41.840Z"",""totalFee"":97679.87946712898,""totalGain"":5288797.218012251,""totalLiquidation"":0,""totalLiquidationAmount"":0,""totalLose"":2,""totalLoss"":-19966.82190834137,""totalTrade"":22,""totalVolume"":133965971.61924668,""totalWin"":20,""type"":""FULL"",""updatedAt"":""2025-03-25T03:01:42.517Z"",""winRate"":90.9090909090909},{""account"":""0xe8c19dB00287e3536075114B2576c70773E039BD"",""accountSearch"":[""0xe8c19db00287e3536075114b2576c70773e039bd"",""db930e37707c6752b4115706353e78200bd91c8ex0""],""avgDuration"":51512.13636363636,""avgLeverage"":26.9262729037064,""avgRoi"":2.457727272727271,""avgVolume"":5642654.12441818,""createdAt"":""2024-12-12T08:29:33.648Z"",""gainLossRatio"":1.1726395031579069,""id"":""675a9eed71da4ef79ce2460c"",""indexTokens"":[""0x152b9d0FdC40C096757F570A51E494bd4b943E50"",""0x49D5c2BdFfac6CE2BFdB6640F4F80f226bc10bAB"",""0x50b7545627a5162F82A992c33b87aDc75187B218""],""lastTradeAt"":""2023-07-14T13:50:17.000Z"",""lastTradeAtTs"":1689342617000,""longRate"":47.72727272727273,""maxDuration"":457744.3333333333,""maxLeverage"":47.678878961330625,""maxPnl"":1573638.3636000003,""maxRoi"":609.41,""minDuration"":167.33333333333334,""minLeverage"":5.752211583105002,""orderPositionRatio"":3.0568181818181817,""pairs"":[""BTC-USDT"",""ETH-USDT"",""WBTC-USDT""],""pnl"":860886.4155000001,""profitLossRatio"":-1.284319455839612,""profitRate"":53.97303609059343,""protocol"":""GMX_AVAX"",""ranking"":{""avgDuration"":17.05561613958561,""avgLeverage"":80.93784078516903,""avgVolume"":99.98545983278808,""orderPositionRatio"":10.112686295892402,""pnl"":99.9781897491821,""realisedAvgRoi"":91.15957833515085,""realisedMaxDrawdown"":34.81643038894947,""realisedMaxRoi"":99.83278807706289,""realisedPnl"":99.98545983278808,""realisedProfitLossRatio"":6.230461650308978,""realisedProfitRate"":72.53362413667757,""totalTrade"":95.76154125772446,""winRate"":48.840421664849146},""realisedAvgRoi"":19.290340909090908,""realisedGainLossRatio"":2.373583276527453,""realisedMaxDrawdown"":-100,""realisedMaxDrawdownPnl"":-462113.3503,""realisedMaxPnl"":2288727.2211,""realisedMaxRoi"":886.33,""realisedPnl"":5225975.123000002,""realisedProfitLossRatio"":-2.5996388266729245,""realisedProfitRate"":70.35792752004227,""realisedTotalGain"":9030604.3816,""realisedTotalLoss"":-3804629.2585999994,""runTimeDays"":752,""statisticAt"":""2024-12-12T08:29:33.560Z"",""totalFee"":4365088.707500001,""totalGain"":5847499.5588,""totalLiquidation"":2,""totalLiquidationAmount"":-772590.2749000001,""totalLose"":46,""totalLoss"":-4986613.1433,""totalTrade"":88,""totalVolume"":496553562.9487999,""totalWin"":42,""type"":""FULL"",""updatedAt"":""2025-03-25T03:01:11.891Z"",""winRate"":47.72727272727273},{""account"":""0xbB3406CD37b3D4c1F0e35c948051060D23d7DED4"",""accountSearch"":[""0xbb3406cd37b3d4c1f0e35c948051060d23d7ded4"",""4ded7d32d060150849c53e0f1c4d3b73dc6043bbx0""],""avgDuration"":42998.528619528624,""avgLeverage"":13.294631621615032,""avgRoi"":1.932154882154882,""avgVolume"":3184106.4306525253,""createdAt"":""2024-01-16T08:04:15.529Z"",""gainLossRatio"":3.3256459217210224,""id"":""65a6387fd2d3d9a9063d89ae"",""indexTokens"":[""0x70d95587d40A2caf56bd97485aB3Eec10Bee6336"",""0x47c031236e19d024b42f8AE6780E44A573170703"",""0x09400D9DB990D5ed3f35D7be61DfAEB900Af03C9"",""0x7f1fa204bb700853D36994DA19F830b6Ad18455C"",""0xC25cEf6061Cf5dE5eb761b50E4743c1F5D7E5407""],""lastTradeAt"":""2024-03-11T03:49:55.000Z"",""lastTradeAtTs"":1710128995000,""longRate"":39.73063973063973,""maxDrawdownPnl"":null,""maxDuration"":1389159.6666666667,""maxLeverage"":49.973151469886815,""maxPnl"":602308.7931418321,""maxRoi"":50.81,""minDuration"":43.666666666666664,""minLeverage"":0.09999490605464727,""orderPositionRatio"":3.04040404040404,""pairs"":[""ETH-USDT"",""BTC-USDT"",""SOL-USDT"",""LINK-USDT"",""ARB-USDT""],""pnl"":3188063.116630055,""profit"":3188063.116630055,""profitLossRatio"":-0.5326229796506325,""profitRate"":76.88206528928899,""protocol"":""GMX_V2"",""ranking"":{""avgDuration"":35.91075523571817,""avgLeverage"":80.58191539231461,""avgVolume"":99.95375590720774,""orderPositionRatio"":3.7337353824323145,""pnl"":99.9968325963841,""realisedAvgRoi"":83.07972988381962,""realisedMaxDrawdown"":10.058406922677342,""realisedMaxRoi"":88.55110288993906,""realisedPnl"":99.9968325963841,""realisedProfitLossRatio"":10.338405402323607,""realisedProfitRate"":70.83391402399624,""totalTrade"":99.80615489870644,""winRate"":75.83461085279176},""realisedAvgRoi"":3.6959595959595952,""realisedGainLossRatio"":5.186714182179757,""realisedMaxDrawdown"":-77.83,""realisedMaxDrawdownPnl"":-137716.4595333715,""realisedMaxPnl"":699699.3825214821,""realisedMaxRoi"":53.18,""realisedPnl"":4963215.1398226945,""realisedProfitLossRatio"":-0.8306846932397266,""realisedProfitRate"":83.8363310385276,""realisedTotalGain"":6148683.008861386,""realisedTotalLoss"":-1185467.8690386896,""runTimeDays"":352,""statisticAt"":""2024-10-08T10:59:57.150Z"",""totalFee"":1775152.0231926397,""totalGain"":4558892.2212905055,""totalLiquidation"":1,""totalLiquidationAmount"":-74885.81183515971,""totalLose"":41,""totalLoss"":-1370829.1046604498,""totalTrade"":297,""totalVolume"":945679609.9038,""totalWin"":256,""type"":""FULL"",""updatedAt"":""2025-03-25T03:08:32.266Z"",""winLoseRate"":6.2439024390243905,""winRate"":86.19528619528619},{""account"":""0xbBbc35dFAC3A00a03A8Fde3540eCA4f0e15C5e64"",""accountSearch"":[""0xbbbc35dfac3a00a03a8fde3540eca4f0e15c5e64"",""46e5c51e0f4ace0453edf8a30a00a3cafd53cbbbx0""],""avgDuration"":4373087.095888888,""avgLeverage"":0,""avgRoi"":0,""avgVolume"":1479687.7695333334,""createdAt"":""2025-01-19T00:55:46.549Z"",""gainLossRatio"":320905.3879254184,""id"":""678c4d926edf6f345146a199"",""indexTokens"":[""INJ"",""WLD"",""DYM"",""SOL"",""ENA"",""ONDO"",""POPCAT"",""TRUMP""],""lastTradeAt"":""2025-01-18T06:37:05.562Z"",""lastTradeAtTs"":1737182225562,""longRate"":11.11111111111111,""maxDuration"":9725945.1,""maxLeverage"":0,""maxPnl"":0,""maxRoi"":0,""minDuration"":123.104,""minLeverage"":null,""orderPositionRatio"":87.33333333333333,""pairs"":[""INJ-USDT"",""WLD-USDT"",""DYM-USDT"",""SOL-USDT"",""ENA-USDT"",""ONDO-USDT"",""POPCAT-USDT"",""TRUMP-USDT""],""pnl"":4541186.987976,""profitLossRatio"":-40113.1734906773,""profitRate"":99.99968838264441,""protocol"":""HYPERLIQUID"",""ranking"":{""avgDuration"":0.6836093412096034,""avgLeverage"":86.63913844903409,""avgVolume"":99.73221672302937,""orderPositionRatio"":0.40784336492546913,""pnl"":99.99709720024964,""realisedAvgRoi"":99.00506538556438,""realisedMaxDrawdown"":89.01653144457829,""realisedMaxRoi"":93.1595523882785,""realisedPnl"":99.99709720024964,""realisedProfitLossRatio"":0.010159799126257276,""realisedProfitRate"":90.16241164603261,""totalTrade"":46.026792841695816,""winRate"":89.29084602098725},""realisedAvgRoi"":23.863948203130924,""realisedGainLossRatio"":1098720.7211277098,""realisedMaxDrawdown"":-0.017833825934340623,""realisedMaxDrawdownPnl"":-4.1348210000000005,""realisedMaxPnl"":2139659.5060879993,""realisedMaxRoi"":43.68258558280223,""realisedPnl"":4543009.376033,""realisedProfitLossRatio"":-137340.09014096373,""realisedProfitRate"":99.99990898514332,""realisedTotalGain"":4543013.510853999,""realisedTotalLoss"":-4.1348210000000005,""runTimeDays"":380,""statisticAt"":""2025-01-22T01:36:40.251Z"",""totalFee"":1822.3880569999997,""totalGain"":4541201.139191,""totalLiquidation"":0,""totalLiquidationAmount"":0,""totalLose"":1,""totalLoss"":-14.151215,""totalTrade"":9,""totalVolume"":13317189.925800001,""totalWin"":8,""type"":""FULL"",""updatedAt"":""2025-03-25T03:28:41.183Z"",""winRate"":88.88888888888889},{""account"":""0x856c35038594767646266bC7fd68DC26480E910d"",""accountSearch"":[""0x856c35038594767646266bc7fd68dc26480e910d"",""d019e08462cd86df7cb66264676749583053c658x0""],""avgDuration"":166058.2994120879,""avgLeverage"":0,""avgRoi"":0,""avgVolume"":1134705.1138769283,""createdAt"":""2024-12-20T04:43:15.334Z"",""gainLossRatio"":2.5430985381473423,""id"":""6764f5e304474dadc4db4b3c"",""indexTokens"":[""ETH"",""BTC"",""HYPE"",""USUAL"",""TRUMP"",""MELANIA"",""BERA"",""TST"",""LAYER"",""SOL"",""IP"",""BNB""],""lastTradeAt"":""2025-03-19T03:52:40.748Z"",""lastTradeAtTs"":1742356360748,""longRate"":48.35164835164835,""maxDuration"":5554800.76,""maxLeverage"":0,""maxPnl"":0,""maxRoi"":0,""minDuration"":1.03,""minLeverage"":null,""orderPositionRatio"":1788.7802197802198,""pairs"":[""ETH-USDT"",""BTC-USDT"",""HYPE-USDT"",""USUAL-USDT"",""TRUMP-USDT"",""MELANIA-USDT"",""BERA-USDT"",""TST-USDT"",""LAYER-USDT"",""SOL-USDT"",""IP-USDT"",""BNB-USDT""],""pnl"":4506155.646594169,""profitLossRatio"":-2.2284884097167432,""profitRate"":71.77611660434113,""protocol"":""HYPERLIQUID"",""ranking"":{""avgDuration"":25.014151148783,""avgLeverage"":52.737340164588744,""avgVolume"":99.62118463257812,""orderPositionRatio"":0.011611199001436034,""pnl"":99.99637150031205,""realisedAvgRoi"":50.80480123078709,""realisedMaxDrawdown"":17.102570429178943,""realisedMaxRoi"":68.05033454767123,""realisedPnl"":99.99637150031205,""realisedProfitLossRatio"":11.717151192324996,""realisedProfitRate"":79.64774525029391,""totalTrade"":92.12470427727544,""winRate"":61.95663217172963},""realisedAvgRoi"":-0.02360948839199596,""realisedGainLossRatio"":2.5533435550104864,""realisedMaxDrawdown"":-24.069712909232795,""realisedMaxDrawdownPnl"":-1291498.636490005,""realisedMaxPnl"":4785987.349467953,""realisedMaxRoi"":12.275939163861306,""realisedPnl"":4523744.528039947,""realisedProfitLossRatio"":-2.237466001813313,""realisedProfitRate"":71.85749183779532,""realisedTotalGain"":7436007.248960951,""realisedTotalLoss"":-2912262.720921005,""runTimeDays"":106,""statisticAt"":""2025-03-23T03:22:11.614Z"",""totalFee"":17588.881445778155,""totalGain"":7426355.19004283,""totalLiquidation"":0,""totalLiquidationAmount"":0,""totalLose"":85,""totalLoss"":-2920199.5434486624,""totalTrade"":182,""totalVolume"":206516330.72560096,""totalWin"":97,""type"":""FULL"",""updatedAt"":""2025-03-25T03:28:06.627Z"",""winRate"":53.2967032967033},{""account"":""0x4210Ebe4d47F7a183a8FeF5A7aa64f8eD918Df83"",""accountSearch"":[""0x4210ebe4d47f7a183a8fef5a7aa64f8ed918df83"",""38fd819de8f46aa7a5fef8a381a7f74d4ebe0124x0""],""avgDuration"":1262448.7916666665,""avgLeverage"":11.113398078943735,""avgRoi"":51.334999999999994,""avgVolume"":7779666.4639,""createdAt"":""2024-03-07T03:43:45.440Z"",""gainLossRatio"":26.434898251197676,""id"":""65e937f1d8fb813a7022d2a2"",""indexTokens"":[""0x47c031236e19d024b42f8AE6780E44A573170703"",""0x70d95587d40A2caf56bd97485aB3Eec10Bee6336""],""lastTradeAt"":""2024-12-22T01:41:54.000Z"",""lastTradeAtTs"":1734831714000,""longRate"":100,""maxDrawdownPnl"":null,""maxDuration"":6185726,""maxLeverage"":14.99905471187083,""maxPnl"":2580397.592364128,""maxRoi"":259.25,""minDuration"":1871.3333333333333,""minLeverage"":8.983264602981862,""orderPositionRatio"":2.375,""pairs"":[""BTC-USDT"",""ETH-USDT""],""pnl"":3054022.1056661666,""profit"":531166.9482089933,""profitLossRatio"":-3.776414035885382,""profitRate"":96.35500744036351,""protocol"":""GMX_V2"",""ranking"":{""avgDuration"":12.702555461237324,""avgLeverage"":78.84934561441295,""avgVolume"":99.98859734698273,""orderPositionRatio"":9.572527207997055,""pnl"":99.99619911566091,""realisedAvgRoi"":97.32671134817367,""realisedMaxDrawdown"":26.145649887873912,""realisedMaxRoi"":98.66272219336366,""realisedPnl"":99.99619911566091,""realisedProfitLossRatio"":1.9169126683475022,""realisedProfitRate"":72.69317994653423,""totalTrade"":92.51035740982402,""winRate"":75.85995008171902},""realisedAvgRoi"":69.5275,""realisedGainLossRatio"":52.729618613887546,""realisedMaxDrawdown"":-9.44,""realisedMaxDrawdownPnl"":-85815.49728551797,""realisedMaxPnl"":3425063.7777214083,""realisedMaxRoi"":344.12,""realisedPnl"":4439202.945740947,""realisedProfitLossRatio"":-7.5328026591267925,""realisedProfitRate"":98.13882914899096,""realisedTotalGain"":4525018.443026464,""realisedTotalLoss"":-85815.49728551797,""runTimeDays"":319,""statisticAt"":""2024-12-23T02:44:43.748Z"",""totalFee"":1385180.84007478,""totalGain"":3174094.223726335,""totalLiquidation"":0,""totalLiquidationAmount"":0,""totalLose"":1,""totalLoss"":-120072.11806016797,""totalTrade"":8,""totalVolume"":62237331.7112,""totalWin"":7,""type"":""FULL"",""updatedAt"":""2025-03-25T03:09:26.865Z"",""winLoseRate"":1,""winRate"":87.5},{""account"":""0x324E265AeE8575660094222ea2330234053487f7"",""accountSearch"":[""0x324e265aee8575660094222ea2330234053487f7"",""7f7843504320332ae2224900665758eea562e423x0""],""avgDuration"":1261825.1944444445,""avgLeverage"":24.570629584819187,""avgRoi"":47.28916666666667,""avgVolume"":4062155.390441667,""createdAt"":""2023-11-28T03:28:49.881Z"",""gainLossRatio"":7.76120521152177,""id"":""65655e724350fb0b690f1a2b"",""indexTokens"":[""0x82aF49447D8a07e3bd95BD0d56f35241523fBab1"",""0xFa7F8980b0f1E64A2062791cc3b0871572f1F7f0"",""0x2f2a2543B76A4166549F7aaB2e75Bef0aefC5B0f"",""0xf97f4df75117a78c1A5a0DBb814Af92458539FB4""],""lastTradeAt"":""2024-01-11T12:04:29.000Z"",""lastTradeAtTs"":1704974669000,""longRate"":33.33333333333333,""maxDuration"":8786488.666666666,""maxLeverage"":47.619047625582375,""maxPnl"":2461999.0348,""maxRoi"":208.19,""minDuration"":13720.333333333334,""minLeverage"":5.466777666666667,""orderPositionRatio"":3.8333333333333335,""pairs"":[""ETH-USDT"",""UNI-USDT"",""BTC-USDT"",""LINK-USDT""],""pnl"":3436217.8626999995,""profitLossRatio"":-2.58706840384059,""profitRate"":88.58604523171184,""protocol"":""GMX"",""ranking"":{""avgDuration"":8.61818181818181,""avgLeverage"":86.76363636363637,""avgVolume"":99.91235431235431,""orderPositionRatio"":2.6778554778554735,""pnl"":99.9981351981352,""realisedAvgRoi"":97.53659673659674,""realisedMaxDrawdown"":16.693706293706292,""realisedMaxRoi"":98.15104895104895,""realisedPnl"":99.9972027972028,""realisedProfitLossRatio"":4.6209790209790205,""realisedProfitRate"":63.02564102564102,""totalTrade"":93.02097902097903,""winRate"":63.73519813519813},""realisedAvgRoi"":59.6025,""realisedGainLossRatio"":10.277963345832552,""realisedMaxDrawdown"":-81.24,""realisedMaxDrawdownPnl"":-253437.1996,""realisedMaxPnl"":3190638.1637,""realisedMaxRoi"":236.68,""realisedPnl"":4390021.2606999995,""realisedProfitLossRatio"":-3.4259877819441837,""realisedProfitRate"":91.13315082399588,""realisedTotalGain"":4863187.741,""realisedTotalLoss"":-473166.4803,""runTimeDays"":481,""statisticAt"":""2024-10-08T09:28:49.689Z"",""totalFee"":953803.3979999999,""totalGain"":3944443.5052,""totalLiquidation"":0,""totalLiquidationAmount"":0,""totalLose"":3,""totalLoss"":-508225.6425,""totalTrade"":12,""totalVolume"":48745864.6853,""totalWin"":9,""type"":""FULL"",""updatedAt"":""2025-03-25T02:57:10.545Z"",""winRate"":75}]
```",67e22e91493e52075a554386,2025-03-25T04:18:34.340Z
Identify a good entry point for me.,"```trader
[{""account"":""0xe8c19dB00287e3536075114B2576c70773E039BD"",""accountSearch"":[""0xe8c19db00287e3536075114b2576c70773e039bd"",""db930e37707c6752b4115706353e78200bd91c8ex0""],""avgDuration"":349119.0822510824,""avgLeverage"":20.569931086590415,""avgRoi"":0.4259740259740272,""avgVolume"":20329931.90120259,""createdAt"":""2023-12-01T03:57:41.648Z"",""gainLossRatio"":1.0717645516953371,""id"":""656959b5d8fb813a702d75a4"",""indexTokens"":[""0x2f2a2543B76A4166549F7aaB2e75Bef0aefC5B0f"",""0x82aF49447D8a07e3bd95BD0d56f35241523fBab1""],""lastTradeAt"":""2023-05-10T01:24:00.000Z"",""lastTradeAtTs"":1683681840000,""longRate"":48.05194805194805,""maxDuration"":2650973.6666666665,""maxLeverage"":47.628481702693854,""maxPnl"":2915573.9909,""maxRoi"":225.43,""minDuration"":761.6666666666666,""minLeverage"":1.7967658215714286,""orderPositionRatio"":4.87012987012987,""pairs"":[""BTC-USDT"",""ETH-USDT""],""pnl"":1181502.4632000048,""profitLossRatio"":-0.8474417385498014,""profitRate"":51.73196687906964,""protocol"":""GMX"",""ranking"":{""avgDuration"":16.519347319347318,""avgLeverage"":83.9011655011655,""avgVolume"":99.9990675990676,""orderPositionRatio"":1.3818181818181898,""pnl"":99.99347319347319,""realisedAvgRoi"":88.85128205128206,""realisedMaxDrawdown"":13.931934731934732,""realisedMaxRoi"":98.18461538461538,""realisedPnl"":99.9990675990676,""realisedProfitLossRatio"":8.62843822843823,""realisedProfitRate"":58.26386946386947,""totalTrade"":99.13846153846154,""winRate"":57.484382284382285},""realisedAvgRoi"":11.172987012987017,""realisedGainLossRatio"":2.046475568443048,""realisedMaxDrawdown"":-100,""realisedMaxDrawdownPnl"":-1521216.0469,""realisedMaxPnl"":4238612.3302,""realisedMaxRoi"":238.79,""realisedPnl"":13885127.080000006,""realisedProfitLossRatio"":-1.61814347272241,""realisedProfitRate"":67.17518399430111,""realisedTotalGain"":27153594.5901,""realisedTotalLoss"":-13268467.510099996,""runTimeDays"":726,""statisticAt"":""2024-10-08T09:52:43.148Z"",""totalFee"":12703624.6168,""totalGain"":17645096.748800002,""totalLiquidation"":1,""totalLiquidationAmount"":-981650.4088,""totalLose"":34,""totalLoss"":-16463594.285600003,""totalTrade"":77,""totalVolume"":1565404756.3925993,""totalWin"":43,""type"":""FULL"",""updatedAt"":""2025-03-25T02:59:51.681Z"",""winRate"":55.84415584415584},{""account"":""dydx17fw57q8rkh0ryf8cwjzcqmpcn7u9nw600g265j"",""accountSearch"":[""dydx17fw57q8rkh0ryf8cwjzcqmpcn7u9nw600g265j"",""j562g006wn9u7ncpmqczjwc8fyr0hkr8q75wf71xdyd""],""avgDuration"":193780,""avgLeverage"":0,""avgRoi"":99.98995514422522,""avgVolume"":11100000,""createdAt"":""2024-10-19T06:49:20.355Z"",""gainLossRatio"":11098885.021009,""id"":""671356707ea9aacb53a564ec"",""indexTokens"":[""IO-USD""],""lastTradeAt"":""2024-09-09T17:15:10.220Z"",""lastTradeAtTs"":1725902110220,""longRate"":0,""maxDuration"":193780,""maxLeverage"":0,""maxPnl"":11098885.021009,""maxRoi"":99.98995514422522,""minDuration"":193780,""minLeverage"":null,""orderPositionRatio"":2,""pairs"":[""IO-USDT""],""pnl"":11098885.021009,""profitLossRatio"":0,""profitRate"":100,""protocol"":""DYDX"",""ranking"":{""avgDuration"":39.09918911648283,""avgLeverage"":20.241343530225585,""avgVolume"":99.96156950155644,""orderPositionRatio"":93.83190499980785,""pnl"":99.99615695015565,""realisedAvgRoi"":99.91160985357979,""realisedMaxDrawdown"":90.08493140156027,""realisedMaxRoi"":97.34829560739404,""realisedPnl"":99.99615695015565,""realisedProfitLossRatio"":76.36140040736329,""realisedProfitRate"":90.11183275047078,""totalTrade"":3.5625072057184584,""winRate"":90.32704354175473},""realisedAvgRoi"":99.99995516216215,""realisedGainLossRatio"":11099995.023,""realisedMaxDrawdown"":0,""realisedMaxDrawdownPnl"":0,""realisedMaxPnl"":11099995.023,""realisedMaxRoi"":99.99995516216215,""realisedPnl"":11099995.023,""realisedProfitLossRatio"":0,""realisedProfitRate"":100,""realisedTotalGain"":11099995.023,""realisedTotalLoss"":0,""runTimeDays"":198,""statisticAt"":""2025-03-24T03:01:12.437Z"",""totalFee"":1110.001991,""totalGain"":11098885.021009,""totalLiquidation"":0,""totalLiquidationAmount"":0,""totalLose"":0,""totalLoss"":0,""totalTrade"":1,""totalVolume"":11100000,""totalWin"":1,""type"":""FULL"",""updatedAt"":""2025-03-25T02:16:53.154Z"",""winRate"":100},{""account"":""0x92812499fF2c040f93121Aab684680a6e603C4A7"",""accountSearch"":[""0x92812499ff2c040f93121aab684680a6e603c4a7"",""7a4c306e6a086486baa12139f040c2ff99421829x0""],""avgDuration"":486998.7549019609,""avgLeverage"":16.646988270676644,""avgRoi"":11.726764705882355,""avgVolume"":14743250.886532353,""createdAt"":""2024-01-16T07:08:29.289Z"",""gainLossRatio"":2.717389971824128,""id"":""65a62b6dd2d3d9a9063b32b1"",""indexTokens"":[""0x70d95587d40A2caf56bd97485aB3Eec10Bee6336"",""0x47c031236e19d024b42f8AE6780E44A573170703"",""0xC25cEf6061Cf5dE5eb761b50E4743c1F5D7E5407"",""0x09400D9DB990D5ed3f35D7be61DfAEB900Af03C9""],""lastTradeAt"":""2024-03-15T03:28:22.000Z"",""lastTradeAtTs"":1710473302000,""longRate"":85.29411764705883,""maxDrawdownPnl"":null,""maxDuration"":7444696.333333333,""maxLeverage"":35.07829001143788,""maxPnl"":1920966.7612970076,""maxRoi"":102.47,""minDuration"":180.33333333333334,""minLeverage"":1.7303768977119591,""orderPositionRatio"":4.529411764705882,""pairs"":[""ETH-USDT"",""BTC-USDT"",""ARB-USDT"",""SOL-USDT""],""pnl"":6689975.654637141,""profit"":6689975.654637142,""profitLossRatio"":-1.1322458215933866,""profitRate"":73.09940556198093,""protocol"":""GMX_V2"",""ranking"":{""avgDuration"":17.857188105765943,""avgLeverage"":83.23746658389184,""avgVolume"":99.99429867349137,""orderPositionRatio"":1.4848788151376624,""pnl"":99.99936651927682,""realisedAvgRoi"":91.55000063348072,""realisedMaxDrawdown"":2.4167289589377794,""realisedMaxRoi"":93.85080262007627,""realisedPnl"":99.99936651927682,""realisedProfitLossRatio"":6.657882400638549,""realisedProfitRate"":70.17699451405693,""totalTrade"":97.51485512295861,""winRate"":74.39154176538409},""realisedAvgRoi"":19.139999999999993,""realisedGainLossRatio"":3.6608517728375864,""realisedMaxDrawdown"":-97.79,""realisedMaxDrawdownPnl"":-831320.6539834061,""realisedMaxPnl"":2174277.3076414876,""realisedMaxRoi"":117.27,""realisedPnl"":9504449.318347491,""realisedProfitLossRatio"":-1.5253549053489943,""realisedProfitRate"":78.54469421602766,""realisedTotalGain"":13076406.770232063,""realisedTotalLoss"":-3571957.451884572,""runTimeDays"":292,""statisticAt"":""2024-10-08T10:48:10.688Z"",""totalFee"":2814473.66371035,""totalGain"":10585407.539296037,""totalLiquidation"":5,""totalLiquidationAmount"":-2759393.7434158633,""totalLose"":10,""totalLoss"":-3895431.884658892,""totalTrade"":34,""totalVolume"":501270530.14210004,""totalWin"":24,""type"":""FULL"",""updatedAt"":""2025-03-25T03:07:26.900Z"",""winLoseRate"":2.4,""winRate"":70.58823529411765},{""account"":""dydx1ycklg0q3cxvt2khh675mefxxx3x53mufuhakxe"",""accountSearch"":[""dydx1ycklg0q3cxvt2khh675mefxxx3x53mufuhakxe"",""exkahufum35x3xxxfem576hhk2tvxc3q0glkcy1xdyd""],""avgDuration"":256059.2074829932,""avgLeverage"":0,""avgRoi"":1.1534639672572884,""avgVolume"":3374333.3420474674,""createdAt"":""2024-10-26T02:05:43.243Z"",""gainLossRatio"":1.9932167233330202,""id"":""671c4e77b8302d5c8914ff0a"",""indexTokens"":[""BTC-USD"",""ETH-USD"",""DOGE-USD"",""WLD-USD"",""SOL-USD"",""SUI-USD"",""XRP-USD"",""XLM-USD"",""ALGO-USD"",""LTC-USD"",""HBAR-USD"",""AAVE-USD"",""TRUMP-USD""],""lastTradeAt"":""2025-02-02T03:23:47.569Z"",""lastTradeAtTs"":1738466627569,""longRate"":50.34013605442177,""maxDuration"":2986039,""maxLeverage"":0,""maxPnl"":1268375.4459890015,""maxRoi"":32.39966224381019,""minDuration"":121,""minLeverage"":null,""orderPositionRatio"":319.8503401360544,""pairs"":[""BTC-USDT"",""ETH-USDT"",""DOGE-USDT"",""WLD-USDT"",""SOL-USDT"",""SUI-USDT"",""XRP-USDT"",""XLM-USDT"",""ALGO-USDT"",""LTC-USDT"",""HBAR-USDT"",""AAVE-USDT""],""pnl"":9217020.97249725,""profitLossRatio"":-1.7393037649466485,""profitRate"":66.59112612178394,""protocol"":""DYDX"",""ranking"":{""avgDuration"":35.15621997617309,""avgLeverage"":94.58898581914607,""avgVolume"":99.80400445793782,""orderPositionRatio"":0.23442604050573834,""pnl"":99.99231390031129,""realisedAvgRoi"":83.20202913031783,""realisedMaxDrawdown"":30.67906690749779,""realisedMaxRoi"":89.59302102148264,""realisedPnl"":99.99231390031129,""realisedProfitLossRatio"":18.846316436724184,""realisedProfitRate"":76.16156181545675,""totalTrade"":92.90572998731793,""winRate"":66.86138119211407},""realisedAvgRoi"":1.143951555770139,""realisedGainLossRatio"":1.984211873836163,""realisedMaxDrawdown"":-12.07839015410555,""realisedMaxDrawdownPnl"":-1009934.548000023,""realisedMaxPnl"":1266808.2620000015,""realisedMaxRoi"":32.380759371260815,""realisedPnl"":9155751.303017251,""realisedProfitLossRatio"":-1.731446030035378,""realisedProfitRate"":66.49031495493269,""realisedTotalGain"":18458373.580201216,""realisedTotalLoss"":-9302622.27718396,""runTimeDays"":159,""statisticAt"":""2025-03-24T03:21:05.116Z"",""totalFee"":-61269.66947999999,""totalGain"":18496990.546073206,""totalLiquidation"":0,""totalLiquidationAmount"":0,""totalLose"":137,""totalLoss"":-9279969.573575962,""totalTrade"":294,""totalVolume"":992054002.5619555,""totalWin"":157,""type"":""FULL"",""updatedAt"":""2025-03-25T02:16:59.478Z"",""winRate"":53.40136054421769},{""account"":""0x08c788aFdACF6cf81180D2bBBE42A7434D0C7A92"",""accountSearch"":[""0x08c788afdacf6cf81180d2bbbe42a7434d0c7a92"",""29a7c0d4347a24ebbb2d08118fc6fcadfa887c80x0""],""avgDuration"":274649.2833333333,""avgLeverage"":10.182521553945595,""avgRoi"":8.191,""avgVolume"":5535468.140316251,""createdAt"":""2024-01-16T04:13:35.829Z"",""gainLossRatio"":4.9681379828872,""id"":""65a6026fd2d3d9a906313930"",""indexTokens"":[""0x70d95587d40A2caf56bd97485aB3Eec10Bee6336"",""0xC25cEf6061Cf5dE5eb761b50E4743c1F5D7E5407"",""0x09400D9DB990D5ed3f35D7be61DfAEB900Af03C9"",""0x47c031236e19d024b42f8AE6780E44A573170703""],""lastTradeAt"":""2025-03-20T17:23:48.000Z"",""lastTradeAtTs"":1742491428000,""longRate"":65,""maxDrawdownPnl"":null,""maxDuration"":6186397.333333333,""maxLeverage"":25.096144520551327,""maxPnl"":2597856.326984033,""maxRoi"":260.95,""minDuration"":25.666666666666668,""minLeverage"":4.999625064713501,""orderPositionRatio"":2.2625,""pairs"":[""ETH-USDT"",""ARB-USDT"",""SOL-USDT"",""BTC-USDT""],""pnl"":6159337.642425984,""profit"":589962.2064800878,""profitLossRatio"":-2.258244537676,""profitRate"":83.24435522658223,""protocol"":""GMX_V2"",""ranking"":{""avgDuration"":21.946939654626306,""avgLeverage"":77.49052946318844,""avgVolume"":99.97656121324228,""orderPositionRatio"":10.792611080844807,""pnl"":99.99873303855364,""realisedAvgRoi"":89.49815657109555,""realisedMaxDrawdown"":9.075878321022692,""realisedMaxRoi"":98.6715909234882,""realisedPnl"":99.99873303855364,""realisedProfitLossRatio"":3.032472221870288,""realisedProfitRate"":71.49400093755148,""totalTrade"":98.90281138744949,""winRate"":74.24520771832913},""realisedAvgRoi"":12.367625,""realisedGainLossRatio"":8.575236471584049,""realisedMaxDrawdown"":-80.62,""realisedMaxDrawdownPnl"":-286594.0315254478,""realisedMaxPnl"":3442276.247029633,""realisedMaxRoi"":345.77,""realisedPnl"":8832654.632044537,""realisedProfitLossRatio"":-3.8978347598109306,""realisedProfitRate"":89.55639369359022,""realisedTotalGain"":9998645.247014415,""realisedTotalLoss"":-1165990.6149698785,""runTimeDays"":436,""statisticAt"":""2025-03-21T03:47:37.435Z"",""totalFee"":2673316.989618553,""totalGain"":7711536.09645869,""totalLiquidation"":1,""totalLiquidationAmount"":-39751.639840003736,""totalLose"":25,""totalLoss"":-1552198.4540327084,""totalTrade"":80,""totalVolume"":442837451.2253001,""totalWin"":55,""type"":""FULL"",""updatedAt"":""2025-03-25T03:05:25.970Z"",""winLoseRate"":0.8888888888888888,""winRate"":68.75},{""account"":""0x2446bEb3905CfFbd2c5eB18F1f9c2996B05257c4"",""accountSearch"":[""0x2446beb3905cffbd2c5eb18f1f9c2996b05257c4"",""4c75250b6992c9f1f81be5c2dbffc5093beb6442x0""],""avgDuration"":2633718.5333333337,""avgLeverage"":4.044919454517844,""avgRoi"":1.8659999999999992,""avgVolume"":3200379.1616,""createdAt"":""2024-12-12T08:18:06.567Z"",""gainLossRatio"":32.83506931520649,""id"":""675a9c3e71da4ef79cdd76b2"",""indexTokens"":[""0xB31f66AA3C1e785363F0875A1B74E27b85FD66c7"",""0x152b9d0FdC40C096757F570A51E494bd4b943E50""],""lastTradeAt"":""2024-08-30T05:07:24.000Z"",""lastTradeAtTs"":1724994444000,""longRate"":100,""maxDuration"":7451630.666666667,""maxLeverage"":7.985819578034285,""maxPnl"":1251576.5588999996,""maxRoi"":87.5,""minDuration"":2070.3333333333335,""minLeverage"":0.8757740987583297,""orderPositionRatio"":4.8,""pairs"":[""AVAX-USDT"",""BTC-USDT""],""pnl"":1927268.6414,""profitLossRatio"":-8.208767328801622,""profitRate"":97.04448662219654,""protocol"":""GMX_AVAX"",""ranking"":{""avgDuration"":0.465285350781528,""avgLeverage"":24.87095601599418,""avgVolume"":99.94910941475827,""orderPositionRatio"":3.213376953834967,""pnl"":99.99272991639404,""realisedAvgRoi"":94.54743729552891,""realisedMaxDrawdown"":5.190839694656488,""realisedMaxRoi"":81.19956379498365,""realisedPnl"":99.99272991639404,""realisedProfitLossRatio"":0.450745183569611,""realisedProfitRate"":79.2075608869502,""totalTrade"":60.479825517993454,""winRate"":76.93929480189023},""realisedAvgRoi"":31.116000000000003,""realisedGainLossRatio"":142.67669995308862,""realisedMaxDrawdown"":-100,""realisedMaxDrawdownPnl"":-60141.6699,""realisedMaxPnl"":7646209.2157,""realisedMaxRoi"":102.27,""realisedPnl"":8520673.3211,""realisedProfitLossRatio"":-35.669174988272154,""realisedProfitRate"":99.30399292277279,""realisedTotalGain"":8580814.991,""realisedTotalLoss"":-60141.6699,""runTimeDays"":1027,""statisticAt"":""2024-12-12T08:18:06.375Z"",""totalFee"":6593404.6797,""totalGain"":1987807.8103999998,""totalLiquidation"":1,""totalLiquidationAmount"":-60141.6699,""totalLose"":1,""totalLoss"":-60539.169,""totalTrade"":5,""totalVolume"":16001895.808,""totalWin"":4,""type"":""FULL"",""updatedAt"":""2025-03-25T03:00:46.597Z"",""winRate"":80},{""account"":""0x160A8D28D63961297e51E4f1a0401bf4D27f5162"",""accountSearch"":[""0x160a8d28d63961297e51e4f1a0401bf4d27f5162"",""2615f72d4fb1040a1f4e15e79216936d82d8a061x0""],""avgDuration"":376790.73170731706,""avgLeverage"":10.98462749919798,""avgRoi"":-6.692621951219513,""avgVolume"":4460605.33188396,""createdAt"":""2023-11-29T00:23:38.425Z"",""gainLossRatio"":1.3347057375361804,""id"":""656684954350fb0b694d5e91"",""indexTokens"":[""0x2B3bb4c683BFc5239B029131EEf3B1d214478d93"",""0x442b69937a0daf9D46439a71567fABE6Cb69FBaf"",""0x59b007E9ea8F89b069c43F8f45834d30853e3699"",""0x0EA09D97b4084d859328ec4bF8eBCF9ecCA26F1D"",""0x139F94E4f0e1101c1464a321CBA815c34d58B5D9"",""0x96690aAe7CB7c4A9b5Be5695E94d72827DeCC33f"",""0xaa94C874b91ef16C8B56A1c5B2F34E39366bD484"",""0xF9DD29D2Fd9B38Cd90E390C797F1B7E0523f43A9"",""0x5374761526175B59f1E583246E20639909E189cE"",""0x0940B0A96C5e1ba33AEE331a9f950Bb2a6F2Fb25"",""0xEAf0191bCa9DD417202cEf2B18B7515ABff1E196"",""0x2C5E2148bF3409659967FE3684fd999A76171235"",""0x69F5F465a46f324Fb7bf3fD7c0D5c00f7165C7Ea"",""0xf7d9Bd13F877171f6C7f93F71bdf8e380335dc12"",""0xc203A12F298CE73E44F7d45A4f59a43DBfFe204D"",""0x31A1659Ca00F617E86Dc765B6494Afe70a5A9c1A"",""0x509072A5aE4a87AC89Fc8D64D94aDCb44Bd4b88e"",""0x3D3f34416f60f77A0a6cC8e32abe45D32A7497cb"",""0x6110DF298B411a46d6edce72f5CAca9Ad826C1De"",""0x074B8F19fc91d6B2eb51143E1f186Ca0DDB88042"",""0x852210F0616aC226A486ad3387DBF990e690116A"",""0x98cCbC721cc05E28a125943D69039B39BE6A21e9"",""0x35B0ed8473e7943d31Ee1eeeAd06C8767034Ce39"",""0xC18f85A6DD3Bcd0516a1CA08d3B1f0A4E191A2C4"",""0x09F9d7aaa6Bef9598c3b676c0E19C9786Aa566a8"",""0x66fc48720f09Ac386608FB65ede53Bb220D0D5Bc""],""lastTradeAt"":""2024-04-12T18:33:11.000Z"",""lastTradeAtTs"":1712946791000,""longRate"":85.36585365853658,""maxDuration"":2599166,""maxLeverage"":37.638590501515424,""maxPnl"":2331080.7975350968,""maxRoi"":263.18,""minDuration"":24,""minLeverage"":2.416528140035684,""orderPositionRatio"":6.664634146341464,""pairs"":[""ETH-USDT"",""OP-USDT"",""BTC-USDT"",""SOL-USDT"",""DYDX-USDT"",""BCH-USDT"",""LDO-USDT"",""ADA-USDT"",""AAVE-USDT"",""BNB-USDT"",""RUNE-USDT"",""FIL-USDT"",""SHIB-USDT"",""MKR-USDT"",""AVAX-USDT"",""LINK-USDT"",""ARB-USDT"",""PEPE-USDT"",""XRP-USDT"",""MATIC-USDT"",""INJ-USDT"",""DOGE-USDT"",""TIA-USDT"",""FTM-USDT"",""SUI-USDT"",""SEI-USDT""],""pnl"":5188376.667858058,""profitLossRatio"":-0.9454165640881279,""profitRate"":57.168049749374326,""protocol"":""KWENTA"",""ranking"":{""avgDuration"":24.876360039564787,""avgLeverage"":64.04549950544016,""avgVolume"":99.86152324431256,""orderPositionRatio"":4.530168150346185,""pnl"":99.98021760633037,""realisedAvgRoi"":79.02077151335311,""realisedMaxDrawdown"":15.272007912957466,""realisedMaxRoi"":95.78635014836794,""realisedPnl"":99.99010880316519,""realisedProfitLossRatio"":19.901088031651827,""realisedProfitRate"":64.4114737883284,""totalTrade"":96.89416419386745,""winRate"":60.781404549950544},""realisedAvgRoi"":6.750548780487803,""realisedGainLossRatio"":1.6534899672343848,""realisedMaxDrawdown"":-90.16,""realisedMaxDrawdownPnl"":-2395191.615180381,""realisedMaxPnl"":2778108.54530501,""realisedMaxRoi"":282.07,""realisedPnl"":8443307.417229064,""realisedProfitLossRatio"":-1.171222060124356,""realisedProfitRate"":62.3137825147967,""realisedTotalGain"":21363639.542543452,""realisedTotalLoss"":-12920332.125314385,""runTimeDays"":418,""statisticAt"":""2024-10-08T09:57:23.613Z"",""totalFee"":3254930.749371006,""totalGain"":20689684.491412215,""totalLiquidation"":38,""totalLiquidationAmount"":-9067435.95621334,""totalLose"":68,""totalLoss"":-15501307.823554156,""totalTrade"":164,""totalVolume"":731539274.4289695,""totalWin"":96,""type"":""FULL"",""updatedAt"":""2025-03-25T03:01:27.935Z"",""winRate"":58.536585365853654},{""account"":""0xd8b07BC1bC3bAe553BCA5E94E99935dC12Df24Ff"",""accountSearch"":[""0xd8b07bc1bc3bae553bca5e94e99935dc12df24ff"",""ff42fd21cd53999e49e5acb355eab3cb1cb70b8dx0""],""avgDuration"":1666167.146666666,""avgLeverage"":0,""avgRoi"":0,""avgVolume"":92612.69526350002,""createdAt"":""2024-11-25T03:41:53.703Z"",""gainLossRatio"":29.76327314338079,""id"":""6743f2013e07193713b51d50"",""indexTokens"":[""BTC"",""ZRO"",""kPEPE"",""ETH"",""ZK"",""MKR"",""WLD"",""kSHIB"",""WIF"",""SOL"",""POPCAT"",""JUP"",""kBONK"",""UMA"",""ALT"",""TURBO"",""BLUR"",""PENDLE"",""MEW"",""STX"",""DOGE"",""BCH"",""TAO"",""ONDO"",""XRP"",""SEI"",""STG"",""SUI"",""SAGA"",""AAVE"",""CRV"",""BOME"",""LDO"",""TRX"",""IO"",""XAI"",""BNB"",""TIA"",""AR"",""NEAR"",""FET"",""RENDER"",""AI"",""NOT"",""RUNE"",""FIL"",""RLB"",""ENA"",""INJ"",""BIGTIME"",""ORDI"",""PIXEL"",""SUPER"",""kLUNC"",""TON"",""ENS"",""UNI"",""APE"",""BRETT"",""W"",""MANTA"",""JTO"",""MERL"",""STRK"",""BLAST"",""FTM"",""LTC"",""MOVE"",""KAITO""],""lastTradeAt"":""2025-03-19T17:53:26.860Z"",""lastTradeAtTs"":1742406806860,""longRate"":55.371900826446286,""maxDuration"":17637001.72,""maxLeverage"":0,""maxPnl"":0,""maxRoi"":0,""minDuration"":7.892,""minLeverage"":null,""orderPositionRatio"":17.355371900826448,""pairs"":[""BTC-USDT"",""ZRO-USDT"",""1000PEPE-USDT"",""ETH-USDT"",""ZK-USDT"",""MKR-USDT"",""WLD-USDT"",""1000SHIB-USDT"",""WIF-USDT"",""SOL-USDT"",""POPCAT-USDT"",""JUP-USDT"",""1000BONK-USDT"",""UMA-USDT"",""ALT-USDT"",""TURBO-USDT"",""BLUR-USDT"",""PENDLE-USDT"",""MEW-USDT"",""STX-USDT"",""DOGE-USDT"",""BCH-USDT"",""TAO-USDT"",""ONDO-USDT"",""XRP-USDT"",""SEI-USDT"",""STG-USDT"",""SUI-USDT"",""SAGA-USDT"",""AAVE-USDT"",""CRV-USDT"",""BOME-USDT"",""LDO-USDT"",""TRX-USDT"",""IO-USDT"",""XAI-USDT"",""BNB-USDT"",""TIA-USDT"",""AR-USDT"",""NEAR-USDT"",""FET-USDT"",""RENDER-USDT"",""AI-USDT"",""NOT-USDT"",""RUNE-USDT"",""FIL-USDT"",""RLB-USDT"",""ENA-USDT"",""INJ-USDT"",""BIGTIME-USDT"",""ORDI-USDT"",""PIXEL-USDT"",""SUPER-USDT"",""1000LUNC-USDT"",""TON-USDT"",""ENS-USDT"",""UNI-USDT"",""APE-USDT"",""BRETT-USDT"",""W-USDT"",""MANTA-USDT"",""JTO-USDT"",""MERL-USDT"",""STRK-USDT"",""BLAST-USDT"",""FTM-USDT"",""LTC-USDT"",""MOVE-USDT"",""KAITO-USDT""],""pnl"":6695864.537907611,""profitLossRatio"":-17.62299067700178,""profitRate"":96.74937060390414,""protocol"":""HYPERLIQUID"",""ranking"":{""avgDuration"":3.1067214328219563,""avgLeverage"":92.44183515000218,""avgVolume"":95.13127911871,""orderPositionRatio"":2.193790911333977,""pnl"":99.99927430006241,""realisedAvgRoi"":97.59720750664015,""realisedMaxDrawdown"":0.04209059638020871,""realisedMaxRoi"":99.9499267043063,""realisedPnl"":99.99927430006241,""realisedProfitLossRatio"":1.6444360585784987,""realisedProfitRate"":88.42363459556742,""totalTrade"":96.42447640749504,""winRate"":74.14476262355042},""realisedAvgRoi"":13.106302357924287,""realisedGainLossRatio"":30.459032818692986,""realisedMaxDrawdown"":-816.1685294018178,""realisedMaxDrawdownPnl"":-40829.828346,""realisedMaxPnl"":426784.1173270001,""realisedMaxRoi"":1098.5933552074068,""realisedPnl"":6790924.070216999,""realisedProfitLossRatio"":-18.034953642647164,""realisedProfitRate"":96.8212627331448,""realisedTotalGain"":7021445.0147440005,""realisedTotalLoss"":-230520.94452700007,""runTimeDays"":278,""statisticAt"":""2025-03-23T03:24:40.340Z"",""totalFee"":95059.5323093888,""totalGain"":6928656.699791611,""totalLiquidation"":0,""totalLiquidationAmount"":0,""totalLose"":135,""totalLoss"":-232792.16188400003,""totalTrade"":363,""totalVolume"":33618408.380650505,""totalWin"":228,""type"":""FULL"",""updatedAt"":""2025-03-25T03:27:43.488Z"",""winRate"":62.8099173553719},{""account"":""0x5D2F4460Ac3514AdA79f5D9838916E508Ab39Bb7"",""accountSearch"":[""0x5d2f4460ac3514ada79f5d9838916e508ab39bb7"",""7bb93ba805e6198389d5f97ada4153ca0644f2d5x0""],""avgDuration"":4709651.956,""avgLeverage"":0,""avgRoi"":0,""avgVolume"":55875840.14078021,""createdAt"":""2025-03-18T03:42:12.408Z"",""gainLossRatio"":6195188.626884998,""id"":""67d8eb94007b82f96f2d2d90"",""indexTokens"":[""BTC""],""lastTradeAt"":""2025-03-17T18:22:31.155Z"",""lastTradeAtTs"":1742235751155,""longRate"":0,""maxDuration"":4709651.956,""maxLeverage"":0,""maxPnl"":0,""maxRoi"":0,""minDuration"":4709651.956,""minLeverage"":null,""orderPositionRatio"":230,""pairs"":[""BTC-USDT""],""pnl"":6195188.626884998,""profitLossRatio"":0,""profitRate"":100,""protocol"":""HYPERLIQUID"",""ranking"":{""avgDuration"":0.5950739488236394,""avgLeverage"":36.573099754713425,""avgVolume"":99.99927430006241,""orderPositionRatio"":0.14368858764277093,""pnl"":99.99854860012482,""realisedAvgRoi"":97.08994325026488,""realisedMaxDrawdown"":93.74954643753901,""realisedMaxRoi"":65.60690285780636,""realisedPnl"":99.99854860012482,""realisedProfitLossRatio"":85.45189335113717,""realisedProfitRate"":93.77422023541706,""totalTrade"":5.066836964252021,""winRate"":93.8068767326086},""realisedAvgRoi"":11.101925241185965,""realisedGainLossRatio"":6203294.000313998,""realisedMaxDrawdown"":0,""realisedMaxDrawdownPnl"":0,""realisedMaxPnl"":6203294.000313998,""realisedMaxRoi"":11.101925241185965,""realisedPnl"":6203294.000313998,""realisedProfitLossRatio"":0,""realisedProfitRate"":100,""realisedTotalGain"":6203294.000313998,""realisedTotalLoss"":0,""runTimeDays"":58,""statisticAt"":""2025-03-21T03:41:57.174Z"",""totalFee"":8105.373429000005,""totalGain"":6195188.626884998,""totalLiquidation"":0,""totalLiquidationAmount"":0,""totalLose"":0,""totalLoss"":0,""totalTrade"":1,""totalVolume"":55875840.14078021,""totalWin"":1,""type"":""FULL"",""updatedAt"":""2025-03-25T03:29:28.048Z"",""winRate"":100},{""account"":""0x0d21f939c96a13CcB9CcCBF2911545D009a2E34a"",""accountSearch"":[""0x0d21f939c96a13ccb9cccbf2911545d009a2e34a"",""a43e2a900d5451192fbccc9bcc31a69c939f12d0x0""],""avgDuration"":235984.30116666667,""avgLeverage"":0,""avgRoi"":0,""avgVolume"":12144836.347892037,""createdAt"":""2024-12-25T03:55:37.963Z"",""gainLossRatio"":5814139.808091942,""id"":""676b823a04474dadc4f4e8bd"",""indexTokens"":[""HYPE""],""lastTradeAt"":""2025-01-18T03:17:24.047Z"",""lastTradeAtTs"":1737170244047,""longRate"":33.33333333333333,""maxDuration"":521828.069,""maxLeverage"":0,""maxPnl"":0,""maxRoi"":0,""minDuration"":14402.825,""minLeverage"":null,""orderPositionRatio"":662.1666666666666,""pairs"":[""HYPE-USDT""],""pnl"":5814139.808091942,""profitLossRatio"":0,""profitRate"":100,""protocol"":""HYPERLIQUID"",""ranking"":{""avgDuration"":19.479237724785563,""avgLeverage"":6.0791883771898,""avgVolume"":99.99201730068651,""orderPositionRatio"":0.045719096068154386,""pnl"":99.99782290018723,""realisedAvgRoi"":97.58777340745148,""realisedMaxDrawdown"":90.72918329729023,""realisedMaxRoi"":92.28072976385724,""realisedPnl"":99.99782290018723,""realisedProfitLossRatio"":78.52944164646803,""realisedProfitRate"":90.76982249379526,""totalTrade"":36.03027620139624,""winRate"":90.80901029042512},""realisedAvgRoi"":13.066344776073997,""realisedGainLossRatio"":5819917.3390879985,""realisedMaxDrawdown"":0,""realisedMaxDrawdownPnl"":0,""realisedMaxPnl"":1910576.944848,""realisedMaxRoi"":40.723143432442384,""realisedPnl"":5819917.3390879985,""realisedProfitLossRatio"":0,""realisedProfitRate"":100,""realisedTotalGain"":5819917.3390879985,""realisedTotalLoss"":0,""runTimeDays"":51,""statisticAt"":""2025-01-22T00:58:15.810Z"",""totalFee"":5777.53099605599,""totalGain"":5814139.808091942,""totalLiquidation"":0,""totalLiquidationAmount"":0,""totalLose"":0,""totalLoss"":0,""totalTrade"":6,""totalVolume"":72869018.08735222,""totalWin"":6,""type"":""FULL"",""updatedAt"":""2025-03-25T03:28:08.677Z"",""winRate"":100},{""account"":""0x7Ab8C59Db7b959Bb8C3481d5b9836dfbc939AF21"",""accountSearch"":[""0x7ab8c59db7b959bb8c3481d5b9836dfbc939af21"",""12fa939cbfd6389b5d1843c8bb959b7bd95c8ba7x0""],""avgDuration"":36157.97435897436,""avgLeverage"":36.89851286330657,""avgRoi"":0.14538461538461597,""avgVolume"":17094846.20426923,""createdAt"":""2025-01-15T02:36:42.266Z"",""gainLossRatio"":3.6749451975142304,""id"":""67871f3a100f52533c66e5f6"",""indexTokens"":[""0x47c031236e19d024b42f8AE6780E44A573170703"",""0x0CCB4fAa6f1F1B30911619f1184082aB4E25813c"",""0x09400D9DB990D5ed3f35D7be61DfAEB900Af03C9"",""0xFec8f404FBCa3b11aFD3b3f0c57507C2a06dE636"",""0x70d95587d40A2caf56bd97485aB3Eec10Bee6336"",""0x7f1fa204bb700853D36994DA19F830b6Ad18455C""],""lastTradeAt"":""2025-01-27T07:36:16.000Z"",""lastTradeAtTs"":1737963376000,""longRate"":3.8461538461538463,""maxDuration"":161581.66666666666,""maxLeverage"":99.86163397441378,""maxPnl"":1140350.1700121288,""maxRoi"":102.96,""minDuration"":799,""minLeverage"":1.5359038108963894,""orderPositionRatio"":5.115384615384615,""pairs"":[""BTC-USDT"",""XRP-USDT"",""SOL-USDT"",""ETH-USDT"",""LINK-USDT""],""pnl"":5042478.00966149,""profitLossRatio"":-1.9455592222134162,""profitRate"":78.60937491776968,""protocol"":""GMX_V2"",""ranking"":{""avgDuration"":36.94839666028963,""avgLeverage"":92.7206730099203,""avgVolume"":99.99619911566091,""orderPositionRatio"":1.0636141342218934,""pnl"":99.99746607710728,""realisedAvgRoi"":86.94459577595055,""realisedMaxDrawdown"":2.2995350251491846,""realisedMaxRoi"":93.27686908487375,""realisedPnl"":99.99809955783046,""realisedProfitLossRatio"":4.7124630997478745,""realisedProfitRate"":70.51210581662,""totalTrade"":96.84843340217158,""winRate"":72.73942403932648},""realisedAvgRoi"":7.880384615384615,""realisedGainLossRatio"":4.34432932205963,""realisedMaxDrawdown"":-98.26,""realisedMaxDrawdownPnl"":-810393.7898924444,""realisedMaxPnl"":1179361.0145522887,""realisedMaxRoi"":106.48,""realisedPnl"":5813694.9327274,""realisedProfitLossRatio"":-2.299939052855098,""realisedProfitRate"":81.28857823427292,""realisedTotalGain"":7552068.870479139,""realisedTotalLoss"":-1738373.9377517384,""runTimeDays"":14,""statisticAt"":""2025-01-28T02:56:25.483Z"",""totalFee"":771216.92306591,""totalGain"":6927555.137352688,""totalLiquidation"":9,""totalLiquidationAmount"":-1738373.9377517384,""totalLose"":9,""totalLoss"":-1885077.1276911981,""totalTrade"":26,""totalVolume"":444466001.311,""totalWin"":17,""type"":""FULL"",""updatedAt"":""2025-03-25T03:13:08.422Z"",""winRate"":65.38461538461539},{""account"":""0x1640e916e10610Ba39aAC5Cd8a08acF3cCae1A4c"",""accountSearch"":[""0x1640e916e10610ba39aac5cd8a08acf3ccae1a4c"",""c4a1eacc3fca80a8dc5caa93ab01601e619e0461x0""],""avgDuration"":331768.2657657658,""avgLeverage"":13.40098117103464,""avgRoi"":11.362297297297296,""avgVolume"":7166631.118270271,""createdAt"":""2024-11-13T02:58:43.750Z"",""gainLossRatio"":3.5393308575872493,""id"":""673415e33c79f8ef10829365"",""indexTokens"":[""0x7f1fa204bb700853D36994DA19F830b6Ad18455C"",""0x6Ecf2133E2C9751cAAdCb6958b9654baE198a797"",""0x09400D9DB990D5ed3f35D7be61DfAEB900Af03C9"",""0x2b477989A149B17073D9C9C82eC9cB03591e20c6"",""0x6853EA96FF216fAb11D2d930CE3C508556A4bdc4"",""0x63Dc80EE90F26363B3FCD609007CC9e14c8991BE"",""0x70d95587d40A2caf56bd97485aB3Eec10Bee6336"",""0x47c031236e19d024b42f8AE6780E44A573170703"",""0x0CCB4fAa6f1F1B30911619f1184082aB4E25813c"",""0xD9535bB5f58A1a75032416F2dFe7880C30575a41""],""lastTradeAt"":""2025-03-24T14:12:24.000Z"",""lastTradeAtTs"":1742825544000,""longRate"":39.189189189189186,""maxDuration"":6019637.333333333,""maxLeverage"":50.917723442679836,""maxPnl"":1700089.4276074253,""maxRoi"":251.7,""minDuration"":24.666666666666668,""minLeverage"":2.502710194071636,""orderPositionRatio"":14.986486486486486,""pairs"":[""LINK-USDT"",""SUI-USDT"",""SOL-USDT"",""PEPE-USDT"",""DOGE-USDT"",""NEAR-USDT"",""ETH-USDT"",""BTC-USDT"",""XRP-USDT"",""LTC-USDT""],""pnl"":5246241.119256009,""profitLossRatio"":-2.848729714643396,""profitRate"":77.97032136733209,""protocol"":""GMX_V2"",""ranking"":{""avgDuration"":20.63880196125632,""avgLeverage"":80.65413219475731,""avgVolume"":99.9828960204741,""orderPositionRatio"":0.11085912655678953,""pnl"":99.99809955783046,""realisedAvgRoi"":89.6717302892473,""realisedMaxDrawdown"":3.088218525510269,""realisedMaxRoi"":97.82526067731759,""realisedPnl"":99.99746607710728,""realisedProfitLossRatio"":3.5126506100419363,""realisedProfitRate"":70.38350922981414,""totalTrade"":98.7989205488477,""winRate"":71.2216042265834},""realisedAvgRoi"":12.752432432432432,""realisedGainLossRatio"":4.035225945442763,""realisedMaxDrawdown"":-95.77,""realisedMaxDrawdownPnl"":-333259.1215487849,""realisedMaxPnl"":1719279.5124256553,""realisedMaxRoi"":257.04,""realisedPnl"":5714075.15161379,""realisedProfitLossRatio"":-3.24786478535637,""realisedProfitRate"":80.13991803277327,""realisedTotalGain"":7596661.573291287,""realisedTotalLoss"":-1882586.4216774974,""runTimeDays"":133,""statisticAt"":""2025-03-25T03:02:18.918Z"",""totalFee"":467834.03235778003,""totalGain"":7312234.6480554575,""totalLiquidation"":4,""totalLiquidationAmount"":54305.257947032966,""totalLose"":33,""totalLoss"":-2065993.528799448,""totalTrade"":74,""totalVolume"":530330702.7520001,""totalWin"":41,""type"":""FULL"",""updatedAt"":""2025-03-25T03:12:45.001Z"",""winRate"":55.4054054054054},{""account"":""0x3B7424D5CC87dc2B670F4c99540f7380de3D5880"",""accountSearch"":[""0x3b7424d5cc87dc2b670f4c99540f7380de3d5880"",""0885d3ed0837f04599c4f076b2cd78cc5d4247b3x0""],""avgDuration"":1448482.7878787876,""avgLeverage"":16.25961692314543,""avgRoi"":16.226363636363633,""avgVolume"":12536543.168936364,""createdAt"":""2023-11-28T04:03:30.299Z"",""gainLossRatio"":29.19008593326054,""id"":""656566924350fb0b6911f804"",""indexTokens"":[""0x2f2a2543B76A4166549F7aaB2e75Bef0aefC5B0f""],""lastTradeAt"":""2024-01-28T04:44:46.000Z"",""lastTradeAtTs"":1706417086000,""longRate"":100,""maxDuration"":6988200,""maxLeverage"":47.08912320693513,""maxPnl"":1133145.3381,""maxRoi"":73.12,""minDuration"":472.6666666666667,""minLeverage"":2.0987430966912832,""orderPositionRatio"":5.181818181818182,""pairs"":[""BTC-USDT""],""pnl"":3458580.7130999994,""profitLossRatio"":-2.9190085933260543,""profitRate"":96.6876543438444,""protocol"":""GMX"",""ranking"":{""avgDuration"":7.8340326340326385,""avgLeverage"":79.33426573426573,""avgVolume"":99.9972027972028,""orderPositionRatio"":1.0358974358974393,""pnl"":99.9990675990676,""realisedAvgRoi"":93.56083916083917,""realisedMaxDrawdown"":23.343589743589742,""realisedMaxRoi"":91.05174825174825,""realisedPnl"":99.9981351981352,""realisedProfitLossRatio"":3.2932400932400934,""realisedProfitRate"":64.63496503496503,""totalTrade"":92.52960372960372,""winRate"":65.95990675990676},""realisedAvgRoi"":24.11,""realisedGainLossRatio"":54.17586579634835,""realisedMaxDrawdown"":-44.16,""realisedMaxDrawdownPnl"":-101123.1858,""realisedMaxPnl"":1848553.9118,""realisedMaxRoi"":76.92,""realisedPnl"":5377312.9569999995,""realisedProfitLossRatio"":-5.417586579634835,""realisedProfitRate"":98.1876133966054,""realisedTotalGain"":5478436.1428,""realisedTotalLoss"":-101123.1858,""runTimeDays"":513,""statisticAt"":""2024-10-08T09:30:23.781Z"",""totalFee"":1918732.2439000001,""totalGain"":3581268.5516999997,""totalLiquidation"":0,""totalLiquidationAmount"":0,""totalLose"":1,""totalLoss"":-122687.8386,""totalTrade"":11,""totalVolume"":137901974.8583,""totalWin"":10,""type"":""FULL"",""updatedAt"":""2025-03-25T02:57:23.629Z"",""winRate"":90.9090909090909},{""account"":""0x1dc67aDaf9f163c5b1A95043addBDFA1AF58e512"",""accountSearch"":[""0x1dc67adaf9f163c5b1a95043addbdfa1af58e512"",""215e85fa1afdbdda34059a1b5c361f9fada76cd1x0""],""avgDuration"":1133625,""avgLeverage"":4.047076489636106,""avgRoi"":28.140909090909087,""avgVolume"":6089362.346329395,""createdAt"":""2024-03-18T00:21:55.215Z"",""gainLossRatio"":264.8792703360966,""id"":""65f78923c7392568e6777af7"",""indexTokens"":[""0x59b007E9ea8F89b069c43F8f45834d30853e3699"",""0x3D3f34416f60f77A0a6cC8e32abe45D32A7497cb"",""0x442b69937a0daf9D46439a71567fABE6Cb69FBaf"",""0x98cCbC721cc05E28a125943D69039B39BE6A21e9"",""0xC18f85A6DD3Bcd0516a1CA08d3B1f0A4E191A2C4"",""0x91cc4a83d026e5171525aFCAEd020123A653c2C9"",""0x31A1659Ca00F617E86Dc765B6494Afe70a5A9c1A"",""0x2C5E2148bF3409659967FE3684fd999A76171235"",""0xEAf0191bCa9DD417202cEf2B18B7515ABff1E196"",""0xc203A12F298CE73E44F7d45A4f59a43DBfFe204D"",""0x0EA09D97b4084d859328ec4bF8eBCF9ecCA26F1D"",""0x2B3bb4c683BFc5239B029131EEf3B1d214478d93""],""lastTradeAt"":""2024-08-25T15:21:49.000Z"",""lastTradeAtTs"":1724599309000,""longRate"":13.636363636363635,""maxDuration"":3639680,""maxLeverage"":10.253135530359422,""maxPnl"":1366207.8292106611,""maxRoi"":122.77,""minDuration"":36,""minLeverage"":1.0147739146219488,""orderPositionRatio"":50.40909090909091,""pairs"":[""BTC-USDT"",""PEPE-USDT"",""OP-USDT"",""DOGE-USDT"",""FTM-USDT"",""RNDR-USDT"",""LINK-USDT"",""FIL-USDT"",""RUNE-USDT"",""AVAX-USDT"",""SOL-USDT"",""ETH-USDT""],""pnl"":5268830.39610391,""profitLossRatio"":-26.48792703360966,""profitRate"":99.62388944473335,""protocol"":""KWENTA"",""ranking"":{""avgDuration"":11.62215628090999,""avgLeverage"":31.54302670623145,""avgVolume"":99.93076162215628,""orderPositionRatio"":0.18793273986152315,""pnl"":99.99010880316519,""realisedAvgRoi"":93.3135509396637,""realisedMaxDrawdown"":52.70029673590505,""realisedMaxRoi"":84.41147378832838,""realisedPnl"":99.98021760633037,""realisedProfitLossRatio"":0.9792284866468843,""realisedProfitRate"":78.02176063303659,""totalTrade"":81.59248269040555,""winRate"":78.02176063303659},""realisedAvgRoi"":27.41909090909091,""realisedGainLossRatio"":318.4411840760663,""realisedMaxDrawdown"":-20.14,""realisedMaxDrawdownPnl"":-16122.776799378187,""realisedMaxPnl"":1272603.056976339,""realisedMaxRoi"":114.24,""realisedPnl"":5366510.275571039,""realisedProfitLossRatio"":-31.844118407606626,""realisedProfitRate"":99.68695332666879,""realisedTotalGain"":5383415.801837867,""realisedTotalLoss"":-16905.526266828372,""runTimeDays"":216,""statisticAt"":""2024-10-08T09:57:41.840Z"",""totalFee"":97679.87946712898,""totalGain"":5288797.218012251,""totalLiquidation"":0,""totalLiquidationAmount"":0,""totalLose"":2,""totalLoss"":-19966.82190834137,""totalTrade"":22,""totalVolume"":133965971.61924668,""totalWin"":20,""type"":""FULL"",""updatedAt"":""2025-03-25T03:01:42.517Z"",""winRate"":90.9090909090909},{""account"":""0xe8c19dB00287e3536075114B2576c70773E039BD"",""accountSearch"":[""0xe8c19db00287e3536075114b2576c70773e039bd"",""db930e37707c6752b4115706353e78200bd91c8ex0""],""avgDuration"":51512.13636363636,""avgLeverage"":26.9262729037064,""avgRoi"":2.457727272727271,""avgVolume"":5642654.12441818,""createdAt"":""2024-12-12T08:29:33.648Z"",""gainLossRatio"":1.1726395031579069,""id"":""675a9eed71da4ef79ce2460c"",""indexTokens"":[""0x152b9d0FdC40C096757F570A51E494bd4b943E50"",""0x49D5c2BdFfac6CE2BFdB6640F4F80f226bc10bAB"",""0x50b7545627a5162F82A992c33b87aDc75187B218""],""lastTradeAt"":""2023-07-14T13:50:17.000Z"",""lastTradeAtTs"":1689342617000,""longRate"":47.72727272727273,""maxDuration"":457744.3333333333,""maxLeverage"":47.678878961330625,""maxPnl"":1573638.3636000003,""maxRoi"":609.41,""minDuration"":167.33333333333334,""minLeverage"":5.752211583105002,""orderPositionRatio"":3.0568181818181817,""pairs"":[""BTC-USDT"",""ETH-USDT"",""WBTC-USDT""],""pnl"":860886.4155000001,""profitLossRatio"":-1.284319455839612,""profitRate"":53.97303609059343,""protocol"":""GMX_AVAX"",""ranking"":{""avgDuration"":17.05561613958561,""avgLeverage"":80.93784078516903,""avgVolume"":99.98545983278808,""orderPositionRatio"":10.112686295892402,""pnl"":99.9781897491821,""realisedAvgRoi"":91.15957833515085,""realisedMaxDrawdown"":34.81643038894947,""realisedMaxRoi"":99.83278807706289,""realisedPnl"":99.98545983278808,""realisedProfitLossRatio"":6.230461650308978,""realisedProfitRate"":72.53362413667757,""totalTrade"":95.76154125772446,""winRate"":48.840421664849146},""realisedAvgRoi"":19.290340909090908,""realisedGainLossRatio"":2.373583276527453,""realisedMaxDrawdown"":-100,""realisedMaxDrawdownPnl"":-462113.3503,""realisedMaxPnl"":2288727.2211,""realisedMaxRoi"":886.33,""realisedPnl"":5225975.123000002,""realisedProfitLossRatio"":-2.5996388266729245,""realisedProfitRate"":70.35792752004227,""realisedTotalGain"":9030604.3816,""realisedTotalLoss"":-3804629.2585999994,""runTimeDays"":752,""statisticAt"":""2024-12-12T08:29:33.560Z"",""totalFee"":4365088.707500001,""totalGain"":5847499.5588,""totalLiquidation"":2,""totalLiquidationAmount"":-772590.2749000001,""totalLose"":46,""totalLoss"":-4986613.1433,""totalTrade"":88,""totalVolume"":496553562.9487999,""totalWin"":42,""type"":""FULL"",""updatedAt"":""2025-03-25T03:01:11.891Z"",""winRate"":47.72727272727273},{""account"":""0xbB3406CD37b3D4c1F0e35c948051060D23d7DED4"",""accountSearch"":[""0xbb3406cd37b3d4c1f0e35c948051060d23d7ded4"",""4ded7d32d060150849c53e0f1c4d3b73dc6043bbx0""],""avgDuration"":42998.528619528624,""avgLeverage"":13.294631621615032,""avgRoi"":1.932154882154882,""avgVolume"":3184106.4306525253,""createdAt"":""2024-01-16T08:04:15.529Z"",""gainLossRatio"":3.3256459217210224,""id"":""65a6387fd2d3d9a9063d89ae"",""indexTokens"":[""0x70d95587d40A2caf56bd97485aB3Eec10Bee6336"",""0x47c031236e19d024b42f8AE6780E44A573170703"",""0x09400D9DB990D5ed3f35D7be61DfAEB900Af03C9"",""0x7f1fa204bb700853D36994DA19F830b6Ad18455C"",""0xC25cEf6061Cf5dE5eb761b50E4743c1F5D7E5407""],""lastTradeAt"":""2024-03-11T03:49:55.000Z"",""lastTradeAtTs"":1710128995000,""longRate"":39.73063973063973,""maxDrawdownPnl"":null,""maxDuration"":1389159.6666666667,""maxLeverage"":49.973151469886815,""maxPnl"":602308.7931418321,""maxRoi"":50.81,""minDuration"":43.666666666666664,""minLeverage"":0.09999490605464727,""orderPositionRatio"":3.04040404040404,""pairs"":[""ETH-USDT"",""BTC-USDT"",""SOL-USDT"",""LINK-USDT"",""ARB-USDT""],""pnl"":3188063.116630055,""profit"":3188063.116630055,""profitLossRatio"":-0.5326229796506325,""profitRate"":76.88206528928899,""protocol"":""GMX_V2"",""ranking"":{""avgDuration"":35.91075523571817,""avgLeverage"":80.58191539231461,""avgVolume"":99.95375590720774,""orderPositionRatio"":3.7337353824323145,""pnl"":99.9968325963841,""realisedAvgRoi"":83.07972988381962,""realisedMaxDrawdown"":10.058406922677342,""realisedMaxRoi"":88.55110288993906,""realisedPnl"":99.9968325963841,""realisedProfitLossRatio"":10.338405402323607,""realisedProfitRate"":70.83391402399624,""totalTrade"":99.80615489870644,""winRate"":75.83461085279176},""realisedAvgRoi"":3.6959595959595952,""realisedGainLossRatio"":5.186714182179757,""realisedMaxDrawdown"":-77.83,""realisedMaxDrawdownPnl"":-137716.4595333715,""realisedMaxPnl"":699699.3825214821,""realisedMaxRoi"":53.18,""realisedPnl"":4963215.1398226945,""realisedProfitLossRatio"":-0.8306846932397266,""realisedProfitRate"":83.8363310385276,""realisedTotalGain"":6148683.008861386,""realisedTotalLoss"":-1185467.8690386896,""runTimeDays"":352,""statisticAt"":""2024-10-08T10:59:57.150Z"",""totalFee"":1775152.0231926397,""totalGain"":4558892.2212905055,""totalLiquidation"":1,""totalLiquidationAmount"":-74885.81183515971,""totalLose"":41,""totalLoss"":-1370829.1046604498,""totalTrade"":297,""totalVolume"":945679609.9038,""totalWin"":256,""type"":""FULL"",""updatedAt"":""2025-03-25T03:08:32.266Z"",""winLoseRate"":6.2439024390243905,""winRate"":86.19528619528619},{""account"":""0xbBbc35dFAC3A00a03A8Fde3540eCA4f0e15C5e64"",""accountSearch"":[""0xbbbc35dfac3a00a03a8fde3540eca4f0e15c5e64"",""46e5c51e0f4ace0453edf8a30a00a3cafd53cbbbx0""],""avgDuration"":4373087.095888888,""avgLeverage"":0,""avgRoi"":0,""avgVolume"":1479687.7695333334,""createdAt"":""2025-01-19T00:55:46.549Z"",""gainLossRatio"":320905.3879254184,""id"":""678c4d926edf6f345146a199"",""indexTokens"":[""INJ"",""WLD"",""DYM"",""SOL"",""ENA"",""ONDO"",""POPCAT"",""TRUMP""],""lastTradeAt"":""2025-01-18T06:37:05.562Z"",""lastTradeAtTs"":1737182225562,""longRate"":11.11111111111111,""maxDuration"":9725945.1,""maxLeverage"":0,""maxPnl"":0,""maxRoi"":0,""minDuration"":123.104,""minLeverage"":null,""orderPositionRatio"":87.33333333333333,""pairs"":[""INJ-USDT"",""WLD-USDT"",""DYM-USDT"",""SOL-USDT"",""ENA-USDT"",""ONDO-USDT"",""POPCAT-USDT"",""TRUMP-USDT""],""pnl"":4541186.987976,""profitLossRatio"":-40113.1734906773,""profitRate"":99.99968838264441,""protocol"":""HYPERLIQUID"",""ranking"":{""avgDuration"":0.6836093412096034,""avgLeverage"":86.63913844903409,""avgVolume"":99.73221672302937,""orderPositionRatio"":0.40784336492546913,""pnl"":99.99709720024964,""realisedAvgRoi"":99.00506538556438,""realisedMaxDrawdown"":89.01653144457829,""realisedMaxRoi"":93.1595523882785,""realisedPnl"":99.99709720024964,""realisedProfitLossRatio"":0.010159799126257276,""realisedProfitRate"":90.16241164603261,""totalTrade"":46.026792841695816,""winRate"":89.29084602098725},""realisedAvgRoi"":23.863948203130924,""realisedGainLossRatio"":1098720.7211277098,""realisedMaxDrawdown"":-0.017833825934340623,""realisedMaxDrawdownPnl"":-4.1348210000000005,""realisedMaxPnl"":2139659.5060879993,""realisedMaxRoi"":43.68258558280223,""realisedPnl"":4543009.376033,""realisedProfitLossRatio"":-137340.09014096373,""realisedProfitRate"":99.99990898514332,""realisedTotalGain"":4543013.510853999,""realisedTotalLoss"":-4.1348210000000005,""runTimeDays"":380,""statisticAt"":""2025-01-22T01:36:40.251Z"",""totalFee"":1822.3880569999997,""totalGain"":4541201.139191,""totalLiquidation"":0,""totalLiquidationAmount"":0,""totalLose"":1,""totalLoss"":-14.151215,""totalTrade"":9,""totalVolume"":13317189.925800001,""totalWin"":8,""type"":""FULL"",""updatedAt"":""2025-03-25T03:28:41.183Z"",""winRate"":88.88888888888889},{""account"":""0x856c35038594767646266bC7fd68DC26480E910d"",""accountSearch"":[""0x856c35038594767646266bc7fd68dc26480e910d"",""d019e08462cd86df7cb66264676749583053c658x0""],""avgDuration"":166058.2994120879,""avgLeverage"":0,""avgRoi"":0,""avgVolume"":1134705.1138769283,""createdAt"":""2024-12-20T04:43:15.334Z"",""gainLossRatio"":2.5430985381473423,""id"":""6764f5e304474dadc4db4b3c"",""indexTokens"":[""ETH"",""BTC"",""HYPE"",""USUAL"",""TRUMP"",""MELANIA"",""BERA"",""TST"",""LAYER"",""SOL"",""IP"",""BNB""],""lastTradeAt"":""2025-03-19T03:52:40.748Z"",""lastTradeAtTs"":1742356360748,""longRate"":48.35164835164835,""maxDuration"":5554800.76,""maxLeverage"":0,""maxPnl"":0,""maxRoi"":0,""minDuration"":1.03,""minLeverage"":null,""orderPositionRatio"":1788.7802197802198,""pairs"":[""ETH-USDT"",""BTC-USDT"",""HYPE-USDT"",""USUAL-USDT"",""TRUMP-USDT"",""MELANIA-USDT"",""BERA-USDT"",""TST-USDT"",""LAYER-USDT"",""SOL-USDT"",""IP-USDT"",""BNB-USDT""],""pnl"":4506155.646594169,""profitLossRatio"":-2.2284884097167432,""profitRate"":71.77611660434113,""protocol"":""HYPERLIQUID"",""ranking"":{""avgDuration"":25.014151148783,""avgLeverage"":52.737340164588744,""avgVolume"":99.62118463257812,""orderPositionRatio"":0.011611199001436034,""pnl"":99.99637150031205,""realisedAvgRoi"":50.80480123078709,""realisedMaxDrawdown"":17.102570429178943,""realisedMaxRoi"":68.05033454767123,""realisedPnl"":99.99637150031205,""realisedProfitLossRatio"":11.717151192324996,""realisedProfitRate"":79.64774525029391,""totalTrade"":92.12470427727544,""winRate"":61.95663217172963},""realisedAvgRoi"":-0.02360948839199596,""realisedGainLossRatio"":2.5533435550104864,""realisedMaxDrawdown"":-24.069712909232795,""realisedMaxDrawdownPnl"":-1291498.636490005,""realisedMaxPnl"":4785987.349467953,""realisedMaxRoi"":12.275939163861306,""realisedPnl"":4523744.528039947,""realisedProfitLossRatio"":-2.237466001813313,""realisedProfitRate"":71.85749183779532,""realisedTotalGain"":7436007.248960951,""realisedTotalLoss"":-2912262.720921005,""runTimeDays"":106,""statisticAt"":""2025-03-23T03:22:11.614Z"",""totalFee"":17588.881445778155,""totalGain"":7426355.19004283,""totalLiquidation"":0,""totalLiquidationAmount"":0,""totalLose"":85,""totalLoss"":-2920199.5434486624,""totalTrade"":182,""totalVolume"":206516330.72560096,""totalWin"":97,""type"":""FULL"",""updatedAt"":""2025-03-25T03:28:06.627Z"",""winRate"":53.2967032967033},{""account"":""0x4210Ebe4d47F7a183a8FeF5A7aa64f8eD918Df83"",""accountSearch"":[""0x4210ebe4d47f7a183a8fef5a7aa64f8ed918df83"",""38fd819de8f46aa7a5fef8a381a7f74d4ebe0124x0""],""avgDuration"":1262448.7916666665,""avgLeverage"":11.113398078943735,""avgRoi"":51.334999999999994,""avgVolume"":7779666.4639,""createdAt"":""2024-03-07T03:43:45.440Z"",""gainLossRatio"":26.434898251197676,""id"":""65e937f1d8fb813a7022d2a2"",""indexTokens"":[""0x47c031236e19d024b42f8AE6780E44A573170703"",""0x70d95587d40A2caf56bd97485aB3Eec10Bee6336""],""lastTradeAt"":""2024-12-22T01:41:54.000Z"",""lastTradeAtTs"":1734831714000,""longRate"":100,""maxDrawdownPnl"":null,""maxDuration"":6185726,""maxLeverage"":14.99905471187083,""maxPnl"":2580397.592364128,""maxRoi"":259.25,""minDuration"":1871.3333333333333,""minLeverage"":8.983264602981862,""orderPositionRatio"":2.375,""pairs"":[""BTC-USDT"",""ETH-USDT""],""pnl"":3054022.1056661666,""profit"":531166.9482089933,""profitLossRatio"":-3.776414035885382,""profitRate"":96.35500744036351,""protocol"":""GMX_V2"",""ranking"":{""avgDuration"":12.702555461237324,""avgLeverage"":78.84934561441295,""avgVolume"":99.98859734698273,""orderPositionRatio"":9.572527207997055,""pnl"":99.99619911566091,""realisedAvgRoi"":97.32671134817367,""realisedMaxDrawdown"":26.145649887873912,""realisedMaxRoi"":98.66272219336366,""realisedPnl"":99.99619911566091,""realisedProfitLossRatio"":1.9169126683475022,""realisedProfitRate"":72.69317994653423,""totalTrade"":92.51035740982402,""winRate"":75.85995008171902},""realisedAvgRoi"":69.5275,""realisedGainLossRatio"":52.729618613887546,""realisedMaxDrawdown"":-9.44,""realisedMaxDrawdownPnl"":-85815.49728551797,""realisedMaxPnl"":3425063.7777214083,""realisedMaxRoi"":344.12,""realisedPnl"":4439202.945740947,""realisedProfitLossRatio"":-7.5328026591267925,""realisedProfitRate"":98.13882914899096,""realisedTotalGain"":4525018.443026464,""realisedTotalLoss"":-85815.49728551797,""runTimeDays"":319,""statisticAt"":""2024-12-23T02:44:43.748Z"",""totalFee"":1385180.84007478,""totalGain"":3174094.223726335,""totalLiquidation"":0,""totalLiquidationAmount"":0,""totalLose"":1,""totalLoss"":-120072.11806016797,""totalTrade"":8,""totalVolume"":62237331.7112,""totalWin"":7,""type"":""FULL"",""updatedAt"":""2025-03-25T03:09:26.865Z"",""winLoseRate"":1,""winRate"":87.5},{""account"":""0x324E265AeE8575660094222ea2330234053487f7"",""accountSearch"":[""0x324e265aee8575660094222ea2330234053487f7"",""7f7843504320332ae2224900665758eea562e423x0""],""avgDuration"":1261825.1944444445,""avgLeverage"":24.570629584819187,""avgRoi"":47.28916666666667,""avgVolume"":4062155.390441667,""createdAt"":""2023-11-28T03:28:49.881Z"",""gainLossRatio"":7.76120521152177,""id"":""65655e724350fb0b690f1a2b"",""indexTokens"":[""0x82aF49447D8a07e3bd95BD0d56f35241523fBab1"",""0xFa7F8980b0f1E64A2062791cc3b0871572f1F7f0"",""0x2f2a2543B76A4166549F7aaB2e75Bef0aefC5B0f"",""0xf97f4df75117a78c1A5a0DBb814Af92458539FB4""],""lastTradeAt"":""2024-01-11T12:04:29.000Z"",""lastTradeAtTs"":1704974669000,""longRate"":33.33333333333333,""maxDuration"":8786488.666666666,""maxLeverage"":47.619047625582375,""maxPnl"":2461999.0348,""maxRoi"":208.19,""minDuration"":13720.333333333334,""minLeverage"":5.466777666666667,""orderPositionRatio"":3.8333333333333335,""pairs"":[""ETH-USDT"",""UNI-USDT"",""BTC-USDT"",""LINK-USDT""],""pnl"":3436217.8626999995,""profitLossRatio"":-2.58706840384059,""profitRate"":88.58604523171184,""protocol"":""GMX"",""ranking"":{""avgDuration"":8.61818181818181,""avgLeverage"":86.76363636363637,""avgVolume"":99.91235431235431,""orderPositionRatio"":2.6778554778554735,""pnl"":99.9981351981352,""realisedAvgRoi"":97.53659673659674,""realisedMaxDrawdown"":16.693706293706292,""realisedMaxRoi"":98.15104895104895,""realisedPnl"":99.9972027972028,""realisedProfitLossRatio"":4.6209790209790205,""realisedProfitRate"":63.02564102564102,""totalTrade"":93.02097902097903,""winRate"":63.73519813519813},""realisedAvgRoi"":59.6025,""realisedGainLossRatio"":10.277963345832552,""realisedMaxDrawdown"":-81.24,""realisedMaxDrawdownPnl"":-253437.1996,""realisedMaxPnl"":3190638.1637,""realisedMaxRoi"":236.68,""realisedPnl"":4390021.2606999995,""realisedProfitLossRatio"":-3.4259877819441837,""realisedProfitRate"":91.13315082399588,""realisedTotalGain"":4863187.741,""realisedTotalLoss"":-473166.4803,""runTimeDays"":481,""statisticAt"":""2024-10-08T09:28:49.689Z"",""totalFee"":953803.3979999999,""totalGain"":3944443.5052,""totalLiquidation"":0,""totalLiquidationAmount"":0,""totalLose"":3,""totalLoss"":-508225.6425,""totalTrade"":12,""totalVolume"":48745864.6853,""totalWin"":9,""type"":""FULL"",""updatedAt"":""2025-03-25T02:57:10.545Z"",""winRate"":75}]
```",67e22e91493e52075a554385,2025-03-25T04:18:36.694Z
